date,store_id,sku_id,opening_stock_units,delivery_units,delivery_scheduled_flag,delivery_delay_flag,damaged_units,expired_or_wasted_units,closing_stock_units,stockout_flag,hours_out_of_stock,stock_cover_days,reorder_point_units,expected_lead_time_days
2023-01-01,STR001,SKU0001,105,12,True,False,0,3,101,False,0.0,7.21,99,3
2023-01-01,STR001,SKU0002,299,0,False,False,0,5,251,False,0.0,7.38,219,4
2023-01-01,STR001,SKU0003,137,0,False,False,0,0,69,False,0.0,3.63,79,2
2023-01-01,STR001,SKU0004,97,87,True,False,0,0,117,False,0.0,6.16,171,8
2023-01-01,STR001,SKU0005,171,5,True,False,0,0,163,False,0.0,7.41,184,7
2023-01-01,STR002,SKU0001,70,63,True,False,0,7,115,False,0.0,7.67,81,3
2023-01-01,STR002,SKU0002,107,121,True,False,1,1,144,False,0.0,6.86,178,4
2023-01-01,STR002,SKU0003,55,92,True,False,0,0,98,False,0.0,7.54,64,2
2023-01-01,STR002,SKU0004,117,32,True,False,0,0,101,False,0.0,10.1,138,8
2023-01-01,STR002,SKU0005,123,2,True,False,0,0,100,False,0.0,8.33,150,7
2023-01-02,STR001,SKU0001,101,0,False,False,0,1,88,False,0.0,6.77,99,3
2023-01-02,STR001,SKU0002,251,0,False,False,0,9,200,False,0.0,4.65,219,4
2023-01-02,STR001,SKU0003,69,73,True,False,0,0,96,False,0.0,1.41,79,2
2023-01-02,STR001,SKU0004,117,67,True,False,0,0,83,False,0.0,1.24,171,8
2023-01-02,STR001,SKU0005,163,3,True,False,0,0,146,False,0.0,11.23,184,7
2023-01-02,STR002,SKU0001,115,0,False,False,0,2,102,False,0.0,9.27,81,3
2023-01-02,STR002,SKU0002,144,53,True,False,0,5,145,False,0.0,1.77,178,4
2023-01-02,STR002,SKU0003,98,7,True,False,0,0,66,False,0.0,1.35,64,2
2023-01-02,STR002,SKU0004,101,34,True,False,0,0,66,False,0.0,1.38,138,8
2023-01-02,STR002,SKU0005,100,2,True,False,0,0,81,False,0.0,3.24,150,7
2023-01-03,STR001,SKU0001,88,43,True,False,1,4,107,False,0.0,8.56,99,3
2023-01-03,STR001,SKU0002,200,80,True,False,1,7,251,False,0.0,5.91,219,4
2023-01-03,STR001,SKU0003,96,0,False,False,0,0,82,False,0.0,1.44,79,2
2023-01-03,STR001,SKU0004,83,99,True,False,0,0,177,False,0.0,2.11,171,8
2023-01-03,STR001,SKU0005,146,51,True,False,0,0,182,False,0.0,11.03,184,7
2023-01-03,STR002,SKU0001,102,0,False,False,0,2,87,False,0.0,7.91,81,3
2023-01-03,STR002,SKU0002,145,53,True,False,1,1,152,False,0.0,2.36,178,4
2023-01-03,STR002,SKU0003,66,0,False,False,0,0,49,False,0.0,1.11,64,2
2023-01-03,STR002,SKU0004,66,18,True,False,0,0,75,False,0.0,1.28,138,8
2023-01-03,STR002,SKU0005,81,49,True,False,0,0,98,False,0.0,4.26,150,7
2023-01-04,STR001,SKU0001,107,0,False,False,0,1,86,False,0.0,5.86,99,3
2023-01-04,STR001,SKU0002,251,0,False,False,0,4,212,False,0.0,6.0,219,4
2023-01-04,STR001,SKU0003,82,0,False,False,0,0,60,False,0.0,1.41,79,2
2023-01-04,STR001,SKU0004,177,0,False,False,0,0,163,False,0.0,2.83,171,8
2023-01-04,STR001,SKU0005,182,4,True,False,0,0,185,False,0.0,11.56,184,7
2023-01-04,STR002,SKU0001,87,0,False,False,0,3,68,False,0.0,5.83,81,3
2023-01-04,STR002,SKU0002,152,129,True,False,0,4,227,False,0.0,3.94,178,4
2023-01-04,STR002,SKU0003,49,43,True,False,0,0,81,False,0.0,2.31,64,2
2023-01-04,STR002,SKU0004,75,24,True,False,0,0,94,False,0.0,2.24,138,8
2023-01-04,STR002,SKU0005,98,2,True,False,0,0,76,False,0.0,2.92,150,7
2023-01-05,STR001,SKU0001,86,30,True,False,2,1,89,False,0.0,5.56,99,3
2023-01-05,STR001,SKU0002,212,168,True,False,0,23,319,False,0.0,9.05,219,4
2023-01-05,STR001,SKU0003,60,49,True,False,0,0,85,False,0.0,2.27,79,2
2023-01-05,STR001,SKU0004,163,3,True,False,0,0,143,False,0.0,3.06,171,8
2023-01-05,STR001,SKU0005,185,5,True,False,0,0,172,False,0.0,14.04,184,7
2023-01-05,STR002,SKU0001,68,54,True,False,0,7,108,False,0.0,8.47,81,3
2023-01-05,STR002,SKU0002,227,5,True,False,0,6,192,False,0.0,3.44,178,4
2023-01-05,STR002,SKU0003,81,9,True,False,0,0,85,False,0.0,2.93,64,2
2023-01-05,STR002,SKU0004,94,16,True,False,0,0,95,False,0.0,2.9,138,8
2023-01-05,STR002,SKU0005,76,54,True,False,0,0,117,False,0.0,4.59,150,7
2023-01-06,STR001,SKU0001,89,62,True,False,0,6,86,False,0.0,4.89,99,3
2023-01-06,STR001,SKU0002,319,0,False,False,0,13,283,False,0.0,7.91,219,4
2023-01-06,STR001,SKU0003,85,0,False,False,0,0,68,False,0.0,1.95,79,2
2023-01-06,STR001,SKU0004,143,44,True,False,0,0,171,False,0.0,4.07,171,8
2023-01-06,STR001,SKU0005,172,27,True,False,0,0,174,False,0.0,12.99,184,7
2023-01-06,STR002,SKU0001,108,0,False,False,0,3,83,False,0.0,7.16,81,3
2023-01-06,STR002,SKU0002,192,0,False,False,0,2,139,False,0.0,2.7,178,4
2023-01-06,STR002,SKU0003,85,0,False,False,0,0,78,False,0.0,3.22,64,2
2023-01-06,STR002,SKU0004,95,2,True,False,0,0,87,False,0.0,2.98,138,8
2023-01-06,STR002,SKU0005,117,3,True,False,0,0,113,False,0.0,4.91,150,7
2023-01-07,STR001,SKU0001,86,65,True,False,1,2,109,False,0.0,4.45,99,3
2023-01-07,STR001,SKU0002,283,0,False,False,0,4,264,False,0.0,7.84,219,4
2023-01-07,STR001,SKU0003,68,61,True,False,0,0,116,False,0.0,3.64,79,2
2023-01-07,STR001,SKU0004,171,4,True,False,0,0,159,False,0.0,4.22,171,8
2023-01-07,STR001,SKU0005,174,42,True,False,0,0,193,False,0.0,12.59,184,7
2023-01-07,STR002,SKU0001,83,0,False,False,0,3,61,False,0.0,4.58,81,3
2023-01-07,STR002,SKU0002,139,58,True,False,0,3,179,False,0.0,3.49,178,4
2023-01-07,STR002,SKU0003,78,0,False,False,0,0,64,False,0.0,3.0,64,2
2023-01-07,STR002,SKU0004,87,63,True,False,0,0,130,False,0.0,5.0,138,8
2023-01-07,STR002,SKU0005,113,3,True,False,0,0,94,False,0.0,4.62,150,7
2023-01-08,STR001,SKU0001,109,0,False,False,0,0,63,False,0.0,2.37,99,3
2023-01-08,STR001,SKU0002,264,0,False,False,0,5,210,False,0.0,6.77,219,4
2023-01-08,STR001,SKU0003,116,30,True,False,0,0,137,False,0.0,4.7,79,2
2023-01-08,STR001,SKU0004,159,4,True,False,0,0,118,False,0.0,3.41,171,8
2023-01-08,STR001,SKU0005,193,0,False,False,0,0,169,False,0.0,10.29,184,7
2023-01-08,STR002,SKU0001,61,75,True,False,0,6,107,False,0.0,7.57,81,3
2023-01-08,STR002,SKU0002,179,0,False,False,0,3,166,False,0.0,3.6,178,4
2023-01-08,STR002,SKU0003,64,66,True,False,0,0,115,False,0.0,5.67,64,2
2023-01-08,STR002,SKU0004,130,5,True,False,0,0,115,False,0.0,4.57,138,8
2023-01-08,STR002,SKU0005,94,9,True,False,0,0,87,False,0.0,4.23,150,7
2023-01-09,STR001,SKU0001,63,119,True,False,1,13,148,False,0.0,4.73,99,3
2023-01-09,STR001,SKU0002,210,65,True,False,1,8,220,False,0.0,6.91,219,4
2023-01-09,STR001,SKU0003,137,0,False,False,0,0,121,False,0.0,5.84,79,2
2023-01-09,STR001,SKU0004,118,48,True,False,0,0,147,False,0.0,4.68,171,8
2023-01-09,STR001,SKU0005,169,48,True,False,0,0,197,False,0.0,10.94,184,7
2023-01-09,STR002,SKU0001,107,57,True,False,0,10,136,False,0.0,8.58,81,3
2023-01-09,STR002,SKU0002,166,137,True,False,1,15,271,False,0.0,7.56,178,4
2023-01-09,STR002,SKU0003,115,0,False,False,0,0,95,False,0.0,6.16,64,2
2023-01-09,STR002,SKU0004,115,4,True,False,0,0,89,False,0.0,4.21,138,8
2023-01-09,STR002,SKU0005,87,63,True,False,0,0,136,False,0.0,7.05,150,7
2023-01-10,STR001,SKU0001,148,0,False,False,0,5,129,False,0.0,3.98,99,3
2023-01-10,STR001,SKU0002,220,92,True,False,1,11,254,False,0.0,7.83,219,4
2023-01-10,STR001,SKU0003,121,0,False,False,0,0,107,False,0.0,6.51,79,2
2023-01-10,STR001,SKU0004,147,5,True,False,0,0,142,False,0.0,7.2,171,8
2023-01-10,STR001,SKU0005,197,0,False,False,0,0,169,False,0.0,9.39,184,7
2023-01-10,STR002,SKU0001,136,0,False,False,0,2,128,False,0.0,7.59,81,3
2023-01-10,STR002,SKU0002,271,3,True,False,0,12,253,False,0.0,8.05,178,4
2023-01-10,STR002,SKU0003,95,0,False,False,0,0,86,False,0.0,6.76,64,2
2023-01-10,STR002,SKU0004,89,3,True,False,0,0,75,False,0.0,4.82,138,8
2023-01-10,STR002,SKU0005,136,5,True,False,0,0,134,False,0.0,7.33,150,7
2023-01-11,STR001,SKU0001,129,0,False,False,0,4,116,False,0.0,3.66,99,3
2023-01-11,STR001,SKU0002,254,0,False,False,0,6,206,False,0.0,5.72,219,4
2023-01-11,STR001,SKU0003,107,89,True,False,0,0,167,False,0.0,10.17,79,2
2023-01-11,STR001,SKU0004,142,25,True,False,0,0,157,False,0.0,7.69,171,8
2023-01-11,STR001,SKU0005,169,3,True,False,0,0,153,False,0.0,7.71,184,7
2023-01-11,STR002,SKU0001,128,0,False,False,0,3,109,False,0.0,6.87,81,3
2023-01-11,STR002,SKU0002,253,0,False,False,0,9,230,False,0.0,8.7,178,4
2023-01-11,STR002,SKU0003,86,59,True,False,0,0,127,False,0.0,10.98,64,2
2023-01-11,STR002,SKU0004,75,46,True,False,0,0,115,False,0.0,6.88,138,8
2023-01-11,STR002,SKU0005,134,2,True,False,0,0,130,False,0.0,8.83,150,7
2023-01-12,STR001,SKU0001,116,0,False,False,0,1,95,False,0.0,3.15,99,3
2023-01-12,STR001,SKU0002,206,74,True,False,0,13,242,False,0.0,6.54,219,4
2023-01-12,STR001,SKU0003,167,0,False,False,0,0,154,False,0.0,8.84,79,2
2023-01-12,STR001,SKU0004,157,5,True,False,1,0,155,False,0.0,7.81,171,8
2023-01-12,STR001,SKU0005,153,26,True,False,0,0,170,False,0.0,7.58,184,7
2023-01-12,STR002,SKU0001,109,0,False,False,0,2,101,False,0.0,6.37,81,3
2023-01-12,STR002,SKU0002,230,0,False,False,0,7,202,False,0.0,9.49,178,4
2023-01-12,STR002,SKU0003,127,0,False,False,0,0,117,False,0.0,9.31,64,2
2023-01-12,STR002,SKU0004,115,8,True,False,0,1,110,False,0.0,6.53,138,8
2023-01-12,STR002,SKU0005,130,0,True,False,0,0,119,False,0.0,9.8,150,7
2023-01-13,STR001,SKU0001,95,105,True,False,0,9,173,False,0.0,5.85,99,3
2023-01-13,STR001,SKU0002,242,0,False,False,0,6,212,False,0.0,6.03,219,4
2023-01-13,STR001,SKU0003,154,0,False,False,0,0,138,False,0.0,8.7,79,2
2023-01-13,STR001,SKU0004,155,0,True,False,0,0,146,False,0.0,8.38,171,8
2023-01-13,STR001,SKU0005,170,13,True,False,0,0,160,False,0.0,7.57,184,7
2023-01-13,STR002,SKU0001,101,19,True,False,0,4,94,False,0.0,5.98,81,3
2023-01-13,STR002,SKU0002,202,0,False,False,0,2,170,False,0.0,8.75,178,4
2023-01-13,STR002,SKU0003,117,0,False,False,0,0,93,False,0.0,7.0,64,2
2023-01-13,STR002,SKU0004,110,0,True,True,0,0,97,False,0.0,5.9,138,8
2023-01-13,STR002,SKU0005,119,12,True,False,0,0,126,False,0.0,10.63,150,7
2023-01-14,STR001,SKU0001,173,0,False,False,0,3,142,False,0.0,5.99,99,3
2023-01-14,STR001,SKU0002,212,134,True,False,1,11,291,False,0.0,8.25,219,4
2023-01-14,STR001,SKU0003,138,42,True,False,0,0,156,False,0.0,9.93,79,2
2023-01-14,STR001,SKU0004,146,25,True,False,0,0,150,False,0.0,9.13,171,8
2023-01-14,STR001,SKU0005,160,2,True,False,0,0,134,False,0.0,6.42,184,7
2023-01-14,STR002,SKU0001,94,0,False,False,0,3,79,False,0.0,5.03,81,3
2023-01-14,STR002,SKU0002,170,80,True,False,0,13,213,False,0.0,12.97,178,4
2023-01-14,STR002,SKU0003,93,0,True,True,0,0,83,False,0.0,5.28,64,2
2023-01-14,STR002,SKU0004,97,13,True,False,0,0,96,False,0.0,5.69,138,8
2023-01-14,STR002,SKU0005,126,4,True,False,0,0,118,False,0.0,10.2,150,7
2023-01-15,STR001,SKU0001,142,0,False,False,0,8,115,False,0.0,5.19,99,3
2023-01-15,STR001,SKU0002,291,87,True,False,0,15,324,False,0.0,8.25,219,4
2023-01-15,STR001,SKU0003,156,0,False,False,0,0,147,False,0.0,8.5,79,2
2023-01-15,STR001,SKU0004,150,0,True,False,0,0,129,False,0.0,7.52,171,8
2023-01-15,STR001,SKU0005,134,46,True,False,0,0,135,False,0.0,6.26,184,7
2023-01-15,STR002,SKU0001,79,87,True,False,1,7,128,False,0.0,8.7,81,3
2023-01-15,STR002,SKU0002,213,13,True,False,0,4,207,False,0.0,11.69,178,4
2023-01-15,STR002,SKU0003,83,22,False,False,0,0,89,False,0.0,5.88,64,2
2023-01-15,STR002,SKU0004,96,28,True,False,0,0,121,False,0.0,7.56,138,8
2023-01-15,STR002,SKU0005,118,47,True,False,0,0,145,False,0.0,14.3,150,7
2023-01-16,STR001,SKU0001,115,0,False,False,0,3,108,False,0.0,5.91,99,3
2023-01-16,STR001,SKU0002,324,0,False,False,0,6,283,False,0.0,7.48,219,4
2023-01-16,STR001,SKU0003,147,0,False,False,0,0,126,False,0.0,7.29,79,2
2023-01-16,STR001,SKU0004,129,5,True,False,0,1,129,False,0.0,9.41,171,8
2023-01-16,STR001,SKU0005,135,0,True,False,0,0,123,False,0.0,5.01,184,7
2023-01-16,STR002,SKU0001,128,0,False,False,0,2,93,False,0.0,5.92,81,3
2023-01-16,STR002,SKU0002,207,0,False,False,0,4,186,False,0.0,10.09,178,4
2023-01-16,STR002,SKU0003,89,0,False,False,0,0,61,False,0.0,3.99,64,2
2023-01-16,STR002,SKU0004,121,5,True,False,0,0,116,False,0.0,8.55,138,8
2023-01-16,STR002,SKU0005,145,3,True,False,0,0,135,False,0.0,12.6,150,7
2023-01-17,STR001,SKU0001,108,4,True,False,0,2,100,False,0.0,6.25,99,3
2023-01-17,STR001,SKU0002,283,0,False,False,0,15,234,False,0.0,6.45,219,4
2023-01-17,STR001,SKU0003,126,37,True,False,0,0,148,False,0.0,8.22,79,2
2023-01-17,STR001,SKU0004,129,25,True,False,0,0,143,False,0.0,12.36,171,8
2023-01-17,STR001,SKU0005,123,17,True,False,0,1,116,False,0.0,4.95,184,7
2023-01-17,STR002,SKU0001,93,45,True,False,0,5,114,False,0.0,6.38,81,3
2023-01-17,STR002,SKU0002,186,0,False,False,0,3,158,False,0.0,8.51,178,4
2023-01-17,STR002,SKU0003,61,51,True,False,0,0,104,False,0.0,6.33,64,2
2023-01-17,STR002,SKU0004,116,4,True,False,0,0,115,False,0.0,10.73,138,8
2023-01-17,STR002,SKU0005,135,15,True,False,0,0,127,False,0.0,12.01,150,7
2023-01-18,STR001,SKU0001,100,0,False,False,0,3,91,False,0.0,5.9,99,3
2023-01-18,STR001,SKU0002,234,0,False,False,0,1,188,False,0.0,5.44,219,4
2023-01-18,STR001,SKU0003,148,0,False,False,0,0,132,False,0.0,7.28,79,2
2023-01-18,STR001,SKU0004,143,4,True,False,0,0,134,False,0.0,11.44,171,8
2023-01-18,STR001,SKU0005,116,27,True,False,0,0,122,False,0.0,5.37,184,7
2023-01-18,STR002,SKU0001,114,0,False,False,0,2,101,False,0.0,5.12,81,3
2023-01-18,STR002,SKU0002,158,43,True,False,0,5,174,False,0.0,8.34,178,4
2023-01-18,STR002,SKU0003,104,0,False,False,0,0,89,False,0.0,5.46,64,2
2023-01-18,STR002,SKU0004,115,36,True,False,1,0,139,False,0.0,15.44,138,8
2023-01-18,STR002,SKU0005,127,0,True,False,0,0,116,False,0.0,9.02,150,7
2023-01-19,STR001,SKU0001,91,57,True,False,0,3,134,False,0.0,8.93,99,3
2023-01-19,STR001,SKU0002,188,157,True,False,1,12,299,False,0.0,8.54,219,4
2023-01-19,STR001,SKU0003,132,0,False,False,0,0,117,False,0.0,7.18,79,2
2023-01-19,STR001,SKU0004,134,2,True,False,0,0,116,False,0.0,9.55,171,8
2023-01-19,STR001,SKU0005,122,76,True,False,0,0,178,False,0.0,7.74,184,7
2023-01-19,STR002,SKU0001,101,0,False,False,0,1,97,False,0.0,5.11,81,3
2023-01-19,STR002,SKU0002,174,27,True,False,1,5,179,False,0.0,8.14,178,4
2023-01-19,STR002,SKU0003,89,0,False,False,0,0,80,False,0.0,5.05,64,2
2023-01-19,STR002,SKU0004,139,0,False,False,0,0,133,False,0.0,13.69,138,8
2023-01-19,STR002,SKU0005,116,29,True,False,0,0,124,False,0.0,9.14,150,7
2023-01-20,STR001,SKU0001,134,0,False,False,0,2,111,False,0.0,8.09,99,3
2023-01-20,STR001,SKU0002,299,46,True,False,1,11,291,False,0.0,8.05,219,4
2023-01-20,STR001,SKU0003,117,45,True,False,0,0,147,False,0.0,8.87,79,2
2023-01-20,STR001,SKU0004,116,55,True,False,0,0,162,False,0.0,11.45,171,8
2023-01-20,STR001,SKU0005,178,0,True,True,0,0,151,False,0.0,6.15,184,7
2023-01-20,STR002,SKU0001,97,0,False,False,0,3,65,False,0.0,3.5,81,3
2023-01-20,STR002,SKU0002,179,20,True,False,0,1,166,False,0.0,7.8,178,4
2023-01-20,STR002,SKU0003,80,52,True,False,0,0,113,False,0.0,7.19,64,2
2023-01-20,STR002,SKU0004,133,5,True,False,0,1,105,False,0.0,11.85,138,8
2023-01-20,STR002,SKU0005,124,37,True,False,0,1,138,False,0.0,9.2,150,7
2023-01-21,STR001,SKU0001,111,21,True,False,0,3,94,False,0.0,6.65,99,3
2023-01-21,STR001,SKU0002,291,0,False,False,0,6,262,False,0.0,6.77,219,4
2023-01-21,STR001,SKU0003,147,0,False,False,0,0,124,False,0.0,7.55,79,2
2023-01-21,STR001,SKU0004,162,1,True,False,0,0,135,False,0.0,9.55,171,8
2023-01-21,STR001,SKU0005,151,54,True,False,1,0,188,False,0.0,7.48,184,7
2023-01-21,STR002,SKU0001,65,44,True,False,0,1,100,False,0.0,5.11,81,3
2023-01-21,STR002,SKU0002,166,85,True,False,1,8,215,False,0.0,9.97,178,4
2023-01-21,STR002,SKU0003,113,0,False,False,0,0,104,False,0.0,6.93,64,2
2023-01-21,STR002,SKU0004,105,3,True,False,0,0,91,False,0.0,7.86,138,8
2023-01-21,STR002,SKU0005,138,26,True,False,0,0,147,False,0.0,8.43,150,7
2023-01-22,STR001,SKU0001,94,56,True,False,0,4,121,False,0.0,7.99,99,3
2023-01-22,STR001,SKU0002,262,0,False,False,0,5,215,False,0.0,6.0,219,4
2023-01-22,STR001,SKU0003,124,0,False,False,0,0,108,False,0.0,6.63,79,2
2023-01-22,STR001,SKU0004,135,4,True,False,0,0,131,False,0.0,8.65,171,8
2023-01-22,STR001,SKU0005,188,52,False,False,0,0,213,False,0.0,9.09,184,7
2023-01-22,STR002,SKU0001,100,0,False,False,0,0,88,False,0.0,4.63,81,3
2023-01-22,STR002,SKU0002,215,0,False,False,0,7,152,False,0.0,6.91,178,4
2023-01-22,STR002,SKU0003,104,0,False,False,0,0,87,False,0.0,5.86,64,2
2023-01-22,STR002,SKU0004,91,6,True,False,0,0,89,False,0.0,7.42,138,8
2023-01-22,STR002,SKU0005,147,32,True,False,0,0,159,False,0.0,8.76,150,7
2023-01-23,STR001,SKU0001,121,0,False,False,0,0,65,False,0.0,4.06,99,3
2023-01-23,STR001,SKU0002,215,61,True,False,0,9,251,False,0.0,6.92,219,4
2023-01-23,STR001,SKU0003,108,3,True,False,0,0,94,False,0.0,5.44,79,2
2023-01-23,STR001,SKU0004,131,0,True,False,0,0,115,False,0.0,8.66,171,8
2023-01-23,STR001,SKU0005,213,52,False,False,0,0,240,False,0.0,11.51,184,7
2023-01-23,STR002,SKU0001,88,0,False,False,0,0,69,False,0.0,4.2,81,3
2023-01-23,STR002,SKU0002,152,102,True,False,2,10,207,False,0.0,7.43,178,4
2023-01-23,STR002,SKU0003,87,47,True,False,0,0,119,False,0.0,7.93,64,2
2023-01-23,STR002,SKU0004,89,35,True,False,0,0,106,False,0.0,8.34,138,8
2023-01-23,STR002,SKU0005,159,0,False,False,0,0,146,False,0.0,8.05,150,7
2023-01-24,STR001,SKU0001,65,138,True,False,1,7,189,False,0.0,8.07,99,3
2023-01-24,STR001,SKU0002,251,0,False,False,0,4,194,False,0.0,5.78,219,4
2023-01-24,STR001,SKU0003,94,0,False,False,0,0,69,False,0.0,4.13,79,2
2023-01-24,STR001,SKU0004,115,5,True,False,0,0,111,False,0.0,7.4,171,8
2023-01-24,STR001,SKU0005,240,0,False,False,0,0,219,False,0.0,9.64,184,7
2023-01-24,STR002,SKU0001,69,0,True,True,0,0,56,False,0.0,3.88,81,3
2023-01-24,STR002,SKU0002,207,0,False,False,0,2,187,False,0.0,6.15,178,4
2023-01-24,STR002,SKU0003,119,0,False,False,0,0,105,False,0.0,7.99,64,2
2023-01-24,STR002,SKU0004,106,32,True,False,0,0,108,False,0.0,7.79,138,8
2023-01-24,STR002,SKU0005,146,31,True,False,0,0,171,False,0.0,9.43,150,7
2023-01-25,STR001,SKU0001,189,11,True,False,0,7,186,False,0.0,8.14,99,3
2023-01-25,STR001,SKU0002,194,151,True,False,0,10,305,False,0.0,8.41,219,4
2023-01-25,STR001,SKU0003,69,39,True,False,0,0,91,False,0.0,5.02,79,2
2023-01-25,STR001,SKU0004,111,60,True,False,0,0,148,False,0.0,10.06,171,8
2023-01-25,STR001,SKU0005,219,0,False,False,0,0,213,False,0.0,9.5,184,7
2023-01-25,STR002,SKU0001,56,114,True,False,0,9,143,False,0.0,10.54,81,3
2023-01-25,STR002,SKU0002,187,36,True,False,1,8,199,False,0.0,6.76,178,4
2023-01-25,STR002,SKU0003,105,0,False,False,0,0,95,False,0.0,6.79,64,2
2023-01-25,STR002,SKU0004,108,4,True,False,0,0,98,False,0.0,5.62,138,8
2023-01-25,STR002,SKU0005,171,0,False,False,0,0,170,False,0.0,10.82,150,7
2023-01-26,STR001,SKU0001,186,0,False,False,0,5,172,False,0.0,7.48,99,3
2023-01-26,STR001,SKU0002,305,0,False,False,0,11,264,False,0.0,7.73,219,4
2023-01-26,STR001,SKU0003,91,0,True,True,0,0,70,False,0.0,3.83,79,2
2023-01-26,STR001,SKU0004,148,39,True,False,0,0,176,False,0.0,10.9,171,8
2023-01-26,STR001,SKU0005,213,0,False,False,0,0,204,False,0.0,10.06,184,7
2023-01-26,STR002,SKU0001,143,0,False,False,0,4,117,False,0.0,8.03,81,3
2023-01-26,STR002,SKU0002,199,0,False,False,0,4,155,False,0.0,5.45,178,4
2023-01-26,STR002,SKU0003,95,34,True,False,2,0,120,False,0.0,9.03,64,2
2023-01-26,STR002,SKU0004,98,39,True,False,0,0,132,False,0.0,7.39,138,8
2023-01-26,STR002,SKU0005,170,0,False,False,0,0,157,False,0.0,10.99,150,7
2023-01-27,STR001,SKU0001,172,0,False,False,0,5,159,False,0.0,7.0,99,3
2023-01-27,STR001,SKU0002,264,0,False,False,0,11,224,False,0.0,6.64,219,4
2023-01-27,STR001,SKU0003,70,173,True,False,0,0,221,False,0.0,11.54,79,2
2023-01-27,STR001,SKU0004,176,0,False,False,0,0,169,False,0.0,11.38,171,8
2023-01-27,STR001,SKU0005,204,0,False,False,0,0,191,False,0.0,10.21,184,7
2023-01-27,STR002,SKU0001,117,0,False,False,0,3,87,False,0.0,5.03,81,3
2023-01-27,STR002,SKU0002,155,125,True,False,0,11,245,False,0.0,7.69,178,4
2023-01-27,STR002,SKU0003,120,0,False,False,0,0,104,False,0.0,8.0,64,2
2023-01-27,STR002,SKU0004,132,3,True,False,0,0,120,False,0.0,6.77,138,8
2023-01-27,STR002,SKU0005,157,0,False,False,0,1,153,False,0.0,11.64,150,7
2023-01-28,STR001,SKU0001,159,0,False,False,0,9,137,False,0.0,6.57,99,3
2023-01-28,STR001,SKU0002,224,0,False,False,0,4,186,False,0.0,5.84,219,4
2023-01-28,STR001,SKU0003,221,48,False,False,0,0,240,False,0.0,11.91,79,2
2023-01-28,STR001,SKU0004,169,1,True,False,0,0,157,False,0.0,10.77,171,8
2023-01-28,STR001,SKU0005,191,0,False,False,0,0,171,False,0.0,10.23,184,7
2023-01-28,STR002,SKU0001,87,0,False,False,0,0,74,False,0.0,4.35,81,3
2023-01-28,STR002,SKU0002,245,0,False,False,0,4,227,False,0.0,7.39,178,4
2023-01-28,STR002,SKU0003,104,0,False,False,0,0,86,False,0.0,6.84,64,2
2023-01-28,STR002,SKU0004,120,0,True,True,0,0,107,False,0.0,7.0,138,8
2023-01-28,STR002,SKU0005,153,0,False,False,0,0,135,False,0.0,12.95,150,7
2023-01-29,STR001,SKU0001,137,10,True,False,0,4,124,False,0.0,7.0,99,3
2023-01-29,STR001,SKU0002,186,27,True,False,0,5,182,False,0.0,5.44,219,4
2023-01-29,STR001,SKU0003,240,4,True,False,0,0,221,False,0.0,10.52,79,2
2023-01-29,STR001,SKU0004,157,3,True,False,0,0,127,False,0.0,10.22,171,8
2023-01-29,STR001,SKU0005,171,8,True,False,0,0,162,False,0.0,9.37,184,7
2023-01-29,STR002,SKU0001,74,36,True,False,0,5,89,False,0.0,5.02,81,3
2023-01-29,STR002,SKU0002,227,0,False,False,0,3,184,False,0.0,6.38,178,4
2023-01-29,STR002,SKU0003,86,59,True,False,0,0,129,False,0.0,9.31,64,2
2023-01-29,STR002,SKU0004,107,29,True,False,0,0,111,False,0.0,7.54,138,8
2023-01-29,STR002,SKU0005,135,1,True,False,0,0,119,False,0.0,11.26,150,7
2023-01-30,STR001,SKU0001,124,0,False,False,0,5,114,False,0.0,6.76,99,3
2023-01-30,STR001,SKU0002,182,130,True,False,0,10,266,False,0.0,8.54,219,4
2023-01-30,STR001,SKU0003,221,0,False,False,0,0,215,False,0.0,9.77,79,2
2023-01-30,STR001,SKU0004,127,58,True,False,0,0,161,False,0.0,10.06,171,8
2023-01-30,STR001,SKU0005,162,1,True,False,0,0,132,False,0.0,8.32,184,7
2023-01-30,STR002,SKU0001,89,0,False,False,0,1,76,False,0.0,4.16,81,3
2023-01-30,STR002,SKU0002,184,120,True,False,3,5,263,False,0.0,9.9,178,4
2023-01-30,STR002,SKU0003,129,0,False,False,0,0,110,False,0.0,8.02,64,2
2023-01-30,STR002,SKU0004,111,23,True,False,0,0,118,False,0.0,6.88,138,8
2023-01-30,STR002,SKU0005,119,2,True,False,0,0,108,False,0.0,10.65,150,7
2023-01-31,STR001,SKU0001,114,0,False,False,0,1,113,False,0.0,11.81,99,3
2023-01-31,STR001,SKU0002,266,0,False,False,0,6,226,False,0.0,6.65,219,4
2023-01-31,STR001,SKU0003,215,0,False,False,0,0,190,False,0.0,9.3,79,2
2023-01-31,STR001,SKU0004,161,5,True,False,0,0,151,False,0.0,8.81,171,8
2023-01-31,STR001,SKU0005,132,31,True,False,0,0,153,False,0.0,9.15,184,7
2023-01-31,STR002,SKU0001,76,44,True,False,0,3,110,False,0.0,6.36,81,3
2023-01-31,STR002,SKU0002,263,0,False,False,0,5,203,False,0.0,7.72,178,4
2023-01-31,STR002,SKU0003,110,0,False,False,0,0,96,False,0.0,6.72,64,2
2023-01-31,STR002,SKU0004,118,3,True,False,0,0,116,False,0.0,6.88,138,8
2023-01-31,STR002,SKU0005,108,11,True,False,0,0,98,False,0.0,9.66,150,7
2023-02-01,STR001,SKU0001,113,0,False,False,0,6,78,False,0.0,8.95,99,3
2023-02-01,STR001,SKU0002,226,0,False,False,0,3,200,False,0.0,6.39,219,4
2023-02-01,STR001,SKU0003,190,5,True,False,0,0,176,False,0.0,8.62,79,2
2023-02-01,STR001,SKU0004,151,19,True,False,0,0,151,False,0.0,8.39,171,8
2023-02-01,STR001,SKU0005,153,29,True,False,0,0,166,False,0.0,10.96,184,7
2023-02-01,STR002,SKU0001,110,0,False,False,0,4,87,False,0.0,5.3,81,3
2023-02-01,STR002,SKU0002,203,0,False,False,0,2,139,False,0.0,4.4,178,4
2023-02-01,STR002,SKU0003,96,19,True,False,0,0,98,False,0.0,6.86,64,2
2023-02-01,STR002,SKU0004,116,4,True,False,0,0,115,False,0.0,8.66,138,8
2023-02-01,STR002,SKU0005,98,1,True,False,0,0,91,False,0.0,7.41,150,7
2023-02-02,STR001,SKU0001,78,37,True,False,0,4,98,False,0.0,8.27,99,3
2023-02-02,STR001,SKU0002,200,180,True,False,1,12,350,False,0.0,11.56,219,4
2023-02-02,STR001,SKU0003,176,0,False,False,0,0,172,False,0.0,8.3,79,2
2023-02-02,STR001,SKU0004,151,5,True,False,0,0,132,False,0.0,7.57,171,8
2023-02-02,STR001,SKU0005,166,17,True,False,0,0,169,False,0.0,10.2,184,7
2023-02-02,STR002,SKU0001,87,50,True,False,1,3,117,False,0.0,7.06,81,3
2023-02-02,STR002,SKU0002,139,167,True,False,0,8,278,False,0.0,7.26,178,4
2023-02-02,STR002,SKU0003,98,0,False,False,0,0,72,False,0.0,4.71,64,2
2023-02-02,STR002,SKU0004,115,32,True,False,0,0,137,False,0.0,11.42,138,8
2023-02-02,STR002,SKU0005,91,13,True,False,0,0,89,False,0.0,6.7,150,7
2023-02-03,STR001,SKU0001,98,52,True,False,1,3,137,False,0.0,11.02,99,3
2023-02-03,STR001,SKU0002,350,0,False,False,0,20,300,False,0.0,10.55,219,4
2023-02-03,STR001,SKU0003,172,0,False,False,0,0,139,False,0.0,7.6,79,2
2023-02-03,STR001,SKU0004,132,19,True,False,0,0,131,False,0.0,6.79,171,8
2023-02-03,STR001,SKU0005,169,0,True,False,0,0,130,False,0.0,7.52,184,7
2023-02-03,STR002,SKU0001,117,0,False,False,0,0,113,False,0.0,7.19,81,3
2023-02-03,STR002,SKU0002,278,0,False,False,0,16,230,False,0.0,6.49,178,4
2023-02-03,STR002,SKU0003,72,0,False,False,0,0,61,False,0.0,3.39,64,2
2023-02-03,STR002,SKU0004,137,4,True,False,0,0,136,False,0.0,10.7,138,8
2023-02-03,STR002,SKU0005,89,60,True,False,0,0,131,False,0.0,9.65,150,7
2023-02-04,STR001,SKU0001,137,0,False,False,0,4,120,False,0.0,9.55,99,3
2023-02-04,STR001,SKU0002,300,8,True,False,0,7,274,False,0.0,9.59,219,4
2023-02-04,STR001,SKU0003,139,37,True,False,0,0,151,False,0.0,7.6,79,2
2023-02-04,STR001,SKU0004,131,24,True,False,0,0,133,False,0.0,6.29,171,8
2023-02-04,STR001,SKU0005,130,5,True,False,0,0,84,False,0.0,4.0,184,7
2023-02-04,STR002,SKU0001,113,0,False,False,0,2,109,False,0.0,8.77,81,3
2023-02-04,STR002,SKU0002,230,5,True,False,0,4,201,False,0.0,5.5,178,4
2023-02-04,STR002,SKU0003,61,100,True,False,0,0,150,False,0.0,8.68,64,2
2023-02-04,STR002,SKU0004,136,2,True,False,0,0,124,False,0.0,10.99,138,8
2023-02-04,STR002,SKU0005,131,5,True,False,0,0,117,False,0.0,7.45,150,7
2023-02-05,STR001,SKU0001,120,0,False,False,0,4,107,False,0.0,8.51,99,3
2023-02-05,STR001,SKU0002,274,0,False,False,0,7,232,False,0.0,8.41,219,4
2023-02-05,STR001,SKU0003,151,0,False,False,0,0,117,False,0.0,6.07,79,2
2023-02-05,STR001,SKU0004,133,2,True,False,0,0,97,False,0.0,4.32,171,8
2023-02-05,STR001,SKU0005,84,0,True,True,0,0,65,False,0.0,2.56,184,7
2023-02-05,STR002,SKU0001,109,0,False,False,0,2,101,False,0.0,9.3,81,3
2023-02-05,STR002,SKU0002,201,0,False,False,0,3,164,False,0.0,4.22,178,4
2023-02-05,STR002,SKU0003,150,0,False,False,0,0,128,False,0.0,7.86,64,2
2023-02-05,STR002,SKU0004,124,5,True,False,0,0,123,False,0.0,10.76,138,8
2023-02-05,STR002,SKU0005,117,31,True,False,0,0,126,False,0.0,7.95,150,7
2023-02-06,STR001,SKU0001,107,57,True,False,0,5,150,False,0.0,13.46,99,3
2023-02-06,STR001,SKU0002,232,0,False,False,0,9,206,False,0.0,7.14,219,4
2023-02-06,STR001,SKU0003,117,0,False,False,0,0,86,False,0.0,4.12,79,2
2023-02-06,STR001,SKU0004,97,42,True,False,0,0,129,False,0.0,5.57,171,8
2023-02-06,STR001,SKU0005,65,57,True,False,0,0,95,False,0.0,3.69,184,7
2023-02-06,STR002,SKU0001,101,4,True,False,0,6,77,False,0.0,8.17,81,3
2023-02-06,STR002,SKU0002,164,115,True,False,1,5,245,False,0.0,6.45,178,4
2023-02-06,STR002,SKU0003,128,0,False,False,0,0,117,False,0.0,6.82,64,2
2023-02-06,STR002,SKU0004,123,1,True,False,0,0,115,False,0.0,13.2,138,8
2023-02-06,STR002,SKU0005,126,7,True,False,0,0,116,False,0.0,7.0,150,7
2023-02-07,STR001,SKU0001,150,0,False,False,0,7,124,False,0.0,10.59,99,3
2023-02-07,STR001,SKU0002,206,3,True,False,0,6,152,False,0.0,5.81,219,4
2023-02-07,STR001,SKU0003,86,24,True,False,0,0,97,False,0.0,3.97,79,2
2023-02-07,STR001,SKU0004,129,37,True,False,0,0,133,False,0.0,6.29,171,8
2023-02-07,STR001,SKU0005,95,29,True,False,0,0,103,False,0.0,4.1,184,7
2023-02-07,STR002,SKU0001,77,74,True,False,1,3,130,False,0.0,11.97,81,3
2023-02-07,STR002,SKU0002,245,0,False,False,0,12,215,False,0.0,5.77,178,4
2023-02-07,STR002,SKU0003,117,26,True,False,0,0,129,False,0.0,8.06,64,2
2023-02-07,STR002,SKU0004,115,4,True,False,0,0,105,False,0.0,13.61,138,8
2023-02-07,STR002,SKU0005,116,47,True,False,0,0,136,False,0.0,7.93,150,7
2023-02-08,STR001,SKU0001,124,0,False,False,0,5,87,False,0.0,6.03,99,3
2023-02-08,STR001,SKU0002,152,124,True,False,0,8,246,False,0.0,8.61,219,4
2023-02-08,STR001,SKU0003,97,0,False,False,0,0,86,False,0.0,3.79,79,2
2023-02-08,STR001,SKU0004,133,5,True,False,0,0,131,False,0.0,5.52,171,8
2023-02-08,STR001,SKU0005,103,58,True,False,0,0,126,False,0.0,4.72,184,7
2023-02-08,STR002,SKU0001,130,0,False,False,0,7,108,False,0.0,8.79,81,3
2023-02-08,STR002,SKU0002,215,0,False,False,0,3,177,False,0.0,5.53,178,4
2023-02-08,STR002,SKU0003,129,0,False,False,0,0,118,False,0.0,7.38,64,2
2023-02-08,STR002,SKU0004,105,2,True,False,0,0,93,False,0.0,10.33,138,8
2023-02-08,STR002,SKU0005,136,41,True,False,0,0,166,False,0.0,9.22,150,7
2023-02-09,STR001,SKU0001,87,26,True,False,1,1,109,False,0.0,7.34,99,3
2023-02-09,STR001,SKU0002,246,131,True,False,1,13,336,False,0.0,11.82,219,4
2023-02-09,STR001,SKU0003,86,0,False,False,0,0,70,False,0.0,3.25,79,2
2023-02-09,STR001,SKU0004,131,4,True,False,0,0,109,False,0.0,4.95,171,8
2023-02-09,STR001,SKU0005,126,73,True,False,0,0,169,False,0.0,5.74,184,7
2023-02-09,STR002,SKU0001,108,0,False,False,0,3,101,False,0.0,8.62,81,3
2023-02-09,STR002,SKU0002,177,76,True,False,1,6,219,False,0.0,7.78,178,4
2023-02-09,STR002,SKU0003,118,0,False,False,0,0,107,False,0.0,7.07,64,2
2023-02-09,STR002,SKU0004,93,3,True,False,0,0,81,False,0.0,7.87,138,8
2023-02-09,STR002,SKU0005,166,0,False,False,0,0,160,False,0.0,8.68,150,7
2023-02-10,STR001,SKU0001,109,8,True,False,0,6,77,False,0.0,5.8,99,3
2023-02-10,STR001,SKU0002,336,0,False,False,0,7,297,False,0.0,9.95,219,4
2023-02-10,STR001,SKU0003,70,59,True,False,0,0,118,False,0.0,5.07,79,2
2023-02-10,STR001,SKU0004,109,4,True,False,0,0,110,False,0.0,4.94,171,8
2023-02-10,STR001,SKU0005,169,1,True,False,0,0,159,False,0.0,5.01,184,7
2023-02-10,STR002,SKU0001,101,64,True,False,0,7,146,False,0.0,14.6,81,3
2023-02-10,STR002,SKU0002,219,0,False,False,0,3,177,False,0.0,6.07,178,4
2023-02-10,STR002,SKU0003,107,9,True,False,0,0,102,False,0.0,7.85,64,2
2023-02-10,STR002,SKU0004,81,29,True,False,0,0,91,False,0.0,8.27,138,8
2023-02-10,STR002,SKU0005,160,0,False,False,0,0,146,False,0.0,8.52,150,7
2023-02-11,STR001,SKU0001,77,92,True,False,1,3,161,False,0.0,9.55,99,3
2023-02-11,STR001,SKU0002,297,0,False,False,0,8,252,False,0.0,8.36,219,4
2023-02-11,STR001,SKU0003,118,0,False,False,0,0,103,False,0.0,5.11,79,2
2023-02-11,STR001,SKU0004,110,26,True,False,0,0,116,False,0.0,5.84,171,8
2023-02-11,STR001,SKU0005,159,42,True,False,0,0,152,False,0.0,5.48,184,7
2023-02-11,STR002,SKU0001,146,0,False,False,0,6,118,False,0.0,10.59,81,3
2023-02-11,STR002,SKU0002,177,5,True,False,0,3,150,False,0.0,4.98,178,4
2023-02-11,STR002,SKU0003,102,0,False,False,0,1,94,False,0.0,7.0,64,2
2023-02-11,STR002,SKU0004,91,22,True,False,0,0,108,False,0.0,8.31,138,8
2023-02-11,STR002,SKU0005,146,4,True,False,0,0,136,False,0.0,8.21,150,7
2023-02-12,STR001,SKU0001,161,0,False,False,0,6,143,False,0.0,9.18,99,3
2023-02-12,STR001,SKU0002,252,0,False,False,0,3,193,False,0.0,6.11,219,4
2023-02-12,STR001,SKU0003,103,0,False,False,0,0,74,False,0.0,3.95,79,2
2023-02-12,STR001,SKU0004,116,67,True,False,1,0,161,False,0.0,8.23,171,8
2023-02-12,STR001,SKU0005,152,0,True,True,0,0,141,False,0.0,5.14,184,7
2023-02-12,STR002,SKU0001,118,0,False,False,0,1,89,False,0.0,6.36,81,3
2023-02-12,STR002,SKU0002,150,25,True,False,1,2,125,False,0.0,4.17,178,4
2023-02-12,STR002,SKU0003,94,0,False,False,0,0,84,False,0.0,6.53,64,2
2023-02-12,STR002,SKU0004,108,2,True,False,0,0,108,False,0.0,9.22,138,8
2023-02-12,STR002,SKU0005,136,3,True,False,0,0,125,False,0.0,7.88,150,7
2023-02-13,STR001,SKU0001,143,0,False,False,0,3,123,False,0.0,7.69,99,3
2023-02-13,STR001,SKU0002,193,119,True,False,1,15,272,False,0.0,7.87,219,4
2023-02-13,STR001,SKU0003,74,38,True,False,0,0,95,False,0.0,5.28,79,2
2023-02-13,STR001,SKU0004,161,1,True,False,0,0,147,False,0.0,8.58,171,8
2023-02-13,STR001,SKU0005,141,47,True,False,1,0,165,False,0.0,6.28,184,7
2023-02-13,STR002,SKU0001,89,0,False,False,0,1,76,False,0.0,4.43,81,3
2023-02-13,STR002,SKU0002,125,102,True,False,0,12,180,False,0.0,5.65,178,4
2023-02-13,STR002,SKU0003,84,4,True,False,0,0,85,False,0.0,7.63,64,2
2023-02-13,STR002,SKU0004,108,13,True,False,0,0,99,False,0.0,8.88,138,8
2023-02-13,STR002,SKU0005,125,20,True,False,0,0,122,False,0.0,8.29,150,7
2023-02-14,STR001,SKU0001,123,27,True,False,0,3,138,False,0.0,8.05,99,3
2023-02-14,STR001,SKU0002,272,71,True,False,1,11,307,False,0.0,8.63,219,4
2023-02-14,STR001,SKU0003,95,0,False,False,0,0,84,False,0.0,5.25,79,2
2023-02-14,STR001,SKU0004,147,2,True,False,0,0,135,False,0.0,7.56,171,8
2023-02-14,STR001,SKU0005,165,0,True,False,0,1,151,False,0.0,5.91,184,7
2023-02-14,STR002,SKU0001,76,86,True,False,1,6,150,False,0.0,9.55,81,3
2023-02-14,STR002,SKU0002,180,75,True,False,0,10,209,False,0.0,6.36,178,4
2023-02-14,STR002,SKU0003,85,0,False,False,0,0,79,False,0.0,7.9,64,2
2023-02-14,STR002,SKU0004,99,24,True,False,0,0,99,False,0.0,7.62,138,8
2023-02-14,STR002,SKU0005,122,10,True,False,0,0,116,False,0.0,7.45,150,7
2023-02-15,STR001,SKU0001,138,0,False,False,0,5,110,False,0.0,7.0,99,3
2023-02-15,STR001,SKU0002,307,0,False,False,0,8,271,False,0.0,8.55,219,4
2023-02-15,STR001,SKU0003,84,0,False,False,0,0,64,False,0.0,4.07,79,2
2023-02-15,STR001,SKU0004,135,5,True,False,0,0,109,False,0.0,7.2,171,8
2023-02-15,STR001,SKU0005,151,51,True,False,0,0,190,False,0.0,7.78,184,7
2023-02-15,STR002,SKU0001,150,0,False,False,0,3,136,False,0.0,9.71,81,3
2023-02-15,STR002,SKU0002,209,0,False,False,0,7,162,False,0.0,4.57,178,4
2023-02-15,STR002,SKU0003,79,0,False,False,0,0,62,False,0.0,7.0,64,2
2023-02-15,STR002,SKU0004,99,1,True,False,0,0,67,False,0.0,4.64,138,8
2023-02-15,STR002,SKU0005,116,3,True,False,0,0,100,False,0.0,7.14,150,7
2023-02-16,STR001,SKU0001,110,0,False,False,0,5,87,False,0.0,6.03,99,3
2023-02-16,STR001,SKU0002,271,0,False,False,0,7,205,False,0.0,6.29,219,4
2023-02-16,STR001,SKU0003,64,78,True,False,0,0,125,False,0.0,7.35,79,2
2023-02-16,STR001,SKU0004,109,58,True,False,1,0,145,False,0.0,7.81,171,8
2023-02-16,STR001,SKU0005,190,0,False,False,0,0,179,False,0.0,8.47,184,7
2023-02-16,STR002,SKU0001,136,0,False,False,0,3,130,False,0.0,9.68,81,3
2023-02-16,STR002,SKU0002,162,13,True,False,0,2,146,False,0.0,4.04,178,4
2023-02-16,STR002,SKU0003,62,69,True,False,0,0,122,False,0.0,12.56,64,2
2023-02-16,STR002,SKU0004,67,71,True,False,0,0,105,False,0.0,6.12,138,8
2023-02-16,STR002,SKU0005,100,60,True,False,0,0,132,False,0.0,8.72,150,7
2023-02-17,STR001,SKU0001,87,29,True,False,0,4,104,False,0.0,6.22,99,3
2023-02-17,STR001,SKU0002,205,175,True,False,0,12,339,False,0.0,9.13,219,4
2023-02-17,STR001,SKU0003,125,0,False,False,0,0,115,False,0.0,6.71,79,2
2023-02-17,STR001,SKU0004,145,4,True,False,0,0,124,False,0.0,6.94,171,8
2023-02-17,STR001,SKU0005,179,2,True,False,0,0,164,False,0.0,8.9,184,7
2023-02-17,STR002,SKU0001,130,0,False,False,0,3,110,False,0.0,8.28,81,3
2023-02-17,STR002,SKU0002,146,132,True,False,0,10,231,False,0.0,6.39,178,4
2023-02-17,STR002,SKU0003,122,0,False,False,0,0,112,False,0.0,11.88,64,2
2023-02-17,STR002,SKU0004,105,17,True,False,1,0,110,False,0.0,5.58,138,8
2023-02-17,STR002,SKU0005,132,0,True,False,0,0,116,False,0.0,6.34,150,7
2023-02-18,STR001,SKU0001,104,63,True,False,0,6,160,False,0.0,12.31,99,3
2023-02-18,STR001,SKU0002,339,0,False,False,0,12,275,False,0.0,7.49,219,4
2023-02-18,STR001,SKU0003,115,0,False,False,0,0,100,False,0.0,5.88,79,2
2023-02-18,STR001,SKU0004,124,60,True,False,0,0,162,False,0.0,7.71,171,8
2023-02-18,STR001,SKU0005,164,18,True,False,0,0,160,False,0.0,8.3,184,7
2023-02-18,STR002,SKU0001,110,0,True,False,0,3,106,False,0.0,7.57,81,3
2023-02-18,STR002,SKU0002,231,0,False,False,0,6,203,False,0.0,5.66,178,4
2023-02-18,STR002,SKU0003,112,0,False,False,0,0,94,False,0.0,10.61,64,2
2023-02-18,STR002,SKU0004,110,2,True,False,0,1,105,False,0.0,5.65,138,8
2023-02-18,STR002,SKU0005,116,2,True,False,0,0,115,False,0.0,6.19,150,7
2023-02-19,STR001,SKU0001,160,0,False,False,0,9,137,False,0.0,10.9,99,3
2023-02-19,STR001,SKU0002,275,71,True,False,0,8,311,False,0.0,8.0,219,4
2023-02-19,STR001,SKU0003,100,98,True,False,1,0,183,False,0.0,10.76,79,2
2023-02-19,STR001,SKU0004,162,5,True,False,0,0,150,False,0.0,7.05,171,8
2023-02-19,STR001,SKU0005,160,3,True,False,0,0,142,False,0.0,9.2,184,7
2023-02-19,STR002,SKU0001,106,0,False,False,0,2,99,False,0.0,9.0,81,3
2023-02-19,STR002,SKU0002,203,22,True,False,0,5,194,False,0.0,5.57,178,4
2023-02-19,STR002,SKU0003,94,23,True,False,0,0,92,False,0.0,8.82,64,2
2023-02-19,STR002,SKU0004,105,20,True,False,0,0,113,False,0.0,6.04,138,8
2023-02-19,STR002,SKU0005,115,35,True,False,0,0,128,False,0.0,7.53,150,7
2023-02-20,STR001,SKU0001,137,0,False,False,0,5,119,False,0.0,9.26,99,3
2023-02-20,STR001,SKU0002,311,0,False,False,0,9,282,False,0.0,8.12,219,4
2023-02-20,STR001,SKU0003,183,0,False,False,0,0,167,False,0.0,11.24,79,2
2023-02-20,STR001,SKU0004,150,5,True,False,0,0,139,False,0.0,6.71,171,8
2023-02-20,STR001,SKU0005,142,22,True,False,0,0,158,False,0.0,9.37,184,7
2023-02-20,STR002,SKU0001,99,0,False,False,0,2,73,False,0.0,9.46,81,3
2023-02-20,STR002,SKU0002,194,0,False,False,0,9,131,False,0.0,4.11,178,4
2023-02-20,STR002,SKU0003,92,0,False,False,0,0,79,False,0.0,6.28,64,2
2023-02-20,STR002,SKU0004,113,10,True,False,0,0,118,False,0.0,5.86,138,8
2023-02-20,STR002,SKU0005,128,2,True,False,0,0,111,False,0.0,6.12,150,7
2023-02-21,STR001,SKU0001,119,0,False,False,0,3,109,False,0.0,8.87,99,3
2023-02-21,STR001,SKU0002,282,0,False,False,0,9,224,False,0.0,6.56,219,4
2023-02-21,STR001,SKU0003,167,0,False,False,0,0,136,False,0.0,9.24,79,2
2023-02-21,STR001,SKU0004,139,29,True,False,0,0,154,False,0.0,7.38,171,8
2023-02-21,STR001,SKU0005,158,63,True,False,0,0,213,False,0.0,14.62,184,7
2023-02-21,STR002,SKU0001,73,61,True,False,0,4,118,False,0.0,12.52,81,3
2023-02-21,STR002,SKU0002,131,122,True,False,0,8,222,False,0.0,6.42,178,4
2023-02-21,STR002,SKU0003,79,0,False,False,0,0,64,False,0.0,4.57,64,2
2023-02-21,STR002,SKU0004,118,5,True,False,0,0,109,False,0.0,6.15,138,8
2023-02-21,STR002,SKU0005,111,51,True,False,0,0,151,False,0.0,8.59,150,7
2023-02-22,STR001,SKU0001,109,41,True,False,0,10,131,False,0.0,10.92,99,3
2023-02-22,STR001,SKU0002,224,0,False,False,0,6,152,False,0.0,4.03,219,4
2023-02-22,STR001,SKU0003,136,57,True,False,1,0,181,False,0.0,10.3,79,2
2023-02-22,STR001,SKU0004,154,3,True,False,0,0,145,False,0.0,6.95,171,8
2023-02-22,STR001,SKU0005,213,1,True,False,0,0,204,False,0.0,14.72,184,7
2023-02-22,STR002,SKU0001,118,5,True,False,0,4,110,False,0.0,10.55,81,3
2023-02-22,STR002,SKU0002,222,0,False,False,0,5,186,False,0.0,5.69,178,4
2023-02-22,STR002,SKU0003,64,82,True,False,0,0,135,False,0.0,8.83,64,2
2023-02-22,STR002,SKU0004,109,3,True,False,0,0,93,False,0.0,5.71,138,8
2023-02-22,STR002,SKU0005,151,2,True,False,0,0,148,False,0.0,8.78,150,7
2023-02-23,STR001,SKU0001,131,0,False,False,0,5,122,False,0.0,12.2,99,3
2023-02-23,STR001,SKU0002,152,94,True,False,0,8,190,False,0.0,4.4,219,4
2023-02-23,STR001,SKU0003,181,0,False,False,0,0,166,False,0.0,10.19,79,2
2023-02-23,STR001,SKU0004,145,2,True,False,0,0,118,False,0.0,6.5,171,8
2023-02-23,STR001,SKU0005,204,0,False,False,0,0,195,False,0.0,14.37,184,7
2023-02-23,STR002,SKU0001,110,0,False,False,0,3,93,False,0.0,9.17,81,3
2023-02-23,STR002,SKU0002,186,0,False,False,0,4,138,False,0.0,4.39,178,4
2023-02-23,STR002,SKU0003,135,0,False,False,0,0,127,False,0.0,8.8,64,2
2023-02-23,STR002,SKU0004,93,55,True,False,0,0,135,False,0.0,9.45,138,8
2023-02-23,STR002,SKU0005,148,12,True,False,0,0,150,False,0.0,10.1,150,7
2023-02-24,STR001,SKU0001,122,0,False,False,0,2,110,False,0.0,13.75,99,3
2023-02-24,STR001,SKU0002,190,156,True,False,1,5,302,False,0.0,7.26,219,4
2023-02-24,STR001,SKU0003,166,0,False,False,0,0,153,False,0.0,9.56,79,2
2023-02-24,STR001,SKU0004,118,3,True,False,0,0,107,False,0.0,5.55,171,8
2023-02-24,STR001,SKU0005,195,0,False,False,0,0,183,False,0.0,13.77,184,7
2023-02-24,STR002,SKU0001,93,0,False,False,0,1,72,False,0.0,6.15,81,3
2023-02-24,STR002,SKU0002,138,170,True,False,2,12,267,False,0.0,7.89,178,4
2023-02-24,STR002,SKU0003,127,0,False,False,0,0,109,False,0.0,7.63,64,2
2023-02-24,STR002,SKU0004,135,16,True,False,0,0,140,False,0.0,12.25,138,8
2023-02-24,STR002,SKU0005,150,0,False,False,0,0,140,False,0.0,11.4,150,7
2023-02-25,STR001,SKU0001,110,0,False,False,0,3,102,False,0.0,12.31,99,3
2023-02-25,STR001,SKU0002,302,0,False,False,0,3,278,False,0.0,6.49,219,4
2023-02-25,STR001,SKU0003,153,2,True,False,0,0,136,False,0.0,8.28,79,2
2023-02-25,STR001,SKU0004,107,77,True,False,0,0,160,False,0.0,9.03,171,8
2023-02-25,STR001,SKU0005,183,1,True,False,0,0,162,False,0.0,12.89,184,7
2023-02-25,STR002,SKU0001,72,35,True,False,0,2,99,False,0.0,8.15,81,3
2023-02-25,STR002,SKU0002,267,0,False,False,0,7,251,False,0.0,7.74,178,4
2023-02-25,STR002,SKU0003,109,9,True,False,0,0,101,False,0.0,6.55,64,2
2023-02-25,STR002,SKU0004,140,0,False,False,0,0,123,False,0.0,10.76,138,8
2023-02-25,STR002,SKU0005,140,0,True,True,0,0,119,False,0.0,10.41,150,7
2023-02-26,STR001,SKU0001,102,82,True,False,2,4,158,False,0.0,17.84,99,3
2023-02-26,STR001,SKU0002,278,0,False,False,0,7,251,False,0.0,6.53,219,4
2023-02-26,STR001,SKU0003,136,0,False,False,0,0,115,False,0.0,6.76,79,2
2023-02-26,STR001,SKU0004,160,1,True,False,0,0,135,False,0.0,7.5,171,8
2023-02-26,STR001,SKU0005,162,56,True,False,1,0,189,False,0.0,15.03,184,7
2023-02-26,STR002,SKU0001,99,24,True,False,0,2,109,False,0.0,8.48,81,3
2023-02-26,STR002,SKU0002,251,0,False,False,0,9,203,False,0.0,6.64,178,4
2023-02-26,STR002,SKU0003,101,0,False,False,0,0,88,False,0.0,5.76,64,2
2023-02-26,STR002,SKU0004,123,5,True,False,0,0,124,False,0.0,9.54,138,8
2023-02-26,STR002,SKU0005,119,37,True,False,0,0,136,False,0.0,9.71,150,7
2023-02-27,STR001,SKU0001,158,0,False,False,0,4,128,False,0.0,13.18,99,3
2023-02-27,STR001,SKU0002,251,0,False,False,0,4,204,False,0.0,5.45,219,4
2023-02-27,STR001,SKU0003,115,0,False,False,0,0,110,False,0.0,6.11,79,2
2023-02-27,STR001,SKU0004,135,0,True,False,0,0,128,False,0.0,6.64,171,8
2023-02-27,STR001,SKU0005,189,0,False,False,0,0,184,False,0.0,13.56,184,7
2023-02-27,STR002,SKU0001,109,0,False,False,0,1,106,False,0.0,7.65,81,3
2023-02-27,STR002,SKU0002,203,0,False,False,0,2,158,False,0.0,4.87,178,4
2023-02-27,STR002,SKU0003,88,0,False,False,0,0,65,False,0.0,4.79,64,2
2023-02-27,STR002,SKU0004,124,14,True,False,0,0,138,False,0.0,11.64,138,8
2023-02-27,STR002,SKU0005,136,60,True,False,0,0,179,False,0.0,13.05,150,7
2023-02-28,STR001,SKU0001,128,0,False,False,0,7,109,False,0.0,9.42,99,3
2023-02-28,STR001,SKU0002,204,109,True,False,2,10,278,False,0.0,6.83,219,4
2023-02-28,STR001,SKU0003,110,88,True,False,0,0,190,False,0.0,11.57,79,2
2023-02-28,STR001,SKU0004,128,41,True,False,0,1,157,False,0.0,8.72,171,8
2023-02-28,STR001,SKU0005,184,0,False,False,0,0,158,False,0.0,11.77,184,7
2023-02-28,STR002,SKU0001,106,0,False,False,0,1,98,False,0.0,9.15,81,3
2023-02-28,STR002,SKU0002,158,67,True,False,0,7,168,False,0.0,5.44,178,4
2023-02-28,STR002,SKU0003,65,52,True,False,0,0,109,False,0.0,7.27,64,2
2023-02-28,STR002,SKU0004,138,0,False,False,0,0,135,False,0.0,12.12,138,8
2023-02-28,STR002,SKU0005,179,0,False,False,0,0,164,False,0.0,12.21,150,7
2023-03-01,STR001,SKU0001,109,0,False,False,0,1,97,False,0.0,7.9,99,3
2023-03-01,STR001,SKU0002,278,2,True,False,0,4,224,False,0.0,6.05,219,4
2023-03-01,STR001,SKU0003,190,0,False,False,0,0,171,False,0.0,13.01,79,2
2023-03-01,STR001,SKU0004,157,5,True,False,0,0,147,False,0.0,8.37,171,8
2023-03-01,STR001,SKU0005,158,5,True,False,0,0,152,False,0.0,9.5,184,7
2023-03-01,STR002,SKU0001,98,0,False,False,0,4,83,False,0.0,8.3,81,3
2023-03-01,STR002,SKU0002,168,109,True,False,1,11,234,False,0.0,6.74,178,4
2023-03-01,STR002,SKU0003,109,0,False,False,0,0,98,False,0.0,7.0,64,2
2023-03-01,STR002,SKU0004,135,0,True,True,0,0,118,False,0.0,12.33,138,8
2023-03-01,STR002,SKU0005,164,0,False,False,0,0,154,False,0.0,11.0,150,7
2023-03-02,STR001,SKU0001,97,53,True,False,1,9,132,False,0.0,10.5,99,3
2023-03-02,STR001,SKU0002,224,0,False,False,0,2,177,False,0.0,5.06,219,4
2023-03-02,STR001,SKU0003,171,0,False,False,0,0,152,False,0.0,10.64,79,2
2023-03-02,STR001,SKU0004,147,40,True,False,0,0,177,False,0.0,9.83,171,8
2023-03-02,STR001,SKU0005,152,47,True,False,1,0,172,False,0.0,10.65,184,7
2023-03-02,STR002,SKU0001,83,64,True,False,0,5,120,False,0.0,11.67,81,3
2023-03-02,STR002,SKU0002,234,0,False,False,0,3,206,False,0.0,5.93,178,4
2023-03-02,STR002,SKU0003,98,0,False,False,0,0,91,False,0.0,6.5,64,2
2023-03-02,STR002,SKU0004,118,21,True,False,0,0,134,False,0.0,14.43,138,8
2023-03-02,STR002,SKU0005,154,4,True,False,0,0,144,False,0.0,9.79,150,7
2023-03-03,STR001,SKU0001,132,0,False,False,0,6,116,False,0.0,8.83,99,3
2023-03-03,STR001,SKU0002,177,201,True,False,2,15,339,False,0.0,9.81,219,4
2023-03-03,STR001,SKU0003,152,0,True,False,0,0,135,False,0.0,9.09,79,2
2023-03-03,STR001,SKU0004,177,0,False,False,0,0,163,False,0.0,10.66,171,8
2023-03-03,STR001,SKU0005,172,0,True,False,0,0,157,False,0.0,8.45,184,7
2023-03-03,STR002,SKU0001,120,0,False,False,0,5,105,False,0.0,9.19,81,3
2023-03-03,STR002,SKU0002,206,0,False,False,0,6,163,False,0.0,5.09,178,4
2023-03-03,STR002,SKU0003,91,56,True,False,0,0,134,False,0.0,9.67,64,2
2023-03-03,STR002,SKU0004,134,5,True,False,0,0,131,False,0.0,16.09,138,8
2023-03-03,STR002,SKU0005,144,0,True,False,0,0,135,False,0.0,8.83,150,7
2023-03-04,STR001,SKU0001,116,0,False,False,0,3,94,False,0.0,7.15,99,3
2023-03-04,STR001,SKU0002,339,0,False,False,0,8,308,False,0.0,9.54,219,4
2023-03-04,STR001,SKU0003,135,0,False,False,0,0,119,False,0.0,7.71,79,2
2023-03-04,STR001,SKU0004,163,2,True,False,0,0,150,False,0.0,9.81,171,8
2023-03-04,STR001,SKU0005,157,63,True,False,0,0,202,False,0.0,10.63,184,7
2023-03-04,STR002,SKU0001,105,0,False,False,0,3,99,False,0.0,9.9,81,3
2023-03-04,STR002,SKU0002,163,9,True,False,0,3,117,False,0.0,3.5,178,4
2023-03-04,STR002,SKU0003,134,0,False,False,0,0,117,False,0.0,8.9,64,2
2023-03-04,STR002,SKU0004,131,4,True,False,0,0,128,False,0.0,16.59,138,8
2023-03-04,STR002,SKU0005,135,3,True,False,0,0,123,False,0.0,8.12,150,7
2023-03-05,STR001,SKU0001,94,73,True,False,1,4,152,False,0.0,10.04,99,3
2023-03-05,STR001,SKU0002,308,0,False,False,0,15,275,False,0.0,8.44,219,4
2023-03-05,STR001,SKU0003,119,0,False,False,0,0,107,False,0.0,7.13,79,2
2023-03-05,STR001,SKU0004,150,20,True,False,1,0,141,False,0.0,10.07,171,8
2023-03-05,STR001,SKU0005,202,0,False,False,0,0,178,False,0.0,9.66,184,7
2023-03-05,STR002,SKU0001,99,0,False,False,0,1,93,False,0.0,9.72,81,3
2023-03-05,STR002,SKU0002,117,136,True,False,1,0,216,False,0.0,5.46,178,4
2023-03-05,STR002,SKU0003,117,0,False,False,0,0,104,False,0.0,7.91,64,2
2023-03-05,STR002,SKU0004,128,3,True,False,0,0,110,False,0.0,17.5,138,8
2023-03-05,STR002,SKU0005,123,56,True,False,0,0,143,False,0.0,10.01,150,7
2023-03-06,STR001,SKU0001,152,1,True,False,0,10,138,False,0.0,10.06,99,3
2023-03-06,STR001,SKU0002,275,102,True,False,2,17,320,False,0.0,9.91,219,4
2023-03-06,STR001,SKU0003,107,0,True,True,0,0,98,False,0.0,7.15,79,2
2023-03-06,STR001,SKU0004,141,29,True,False,0,0,153,False,0.0,10.71,171,8
2023-03-06,STR001,SKU0005,178,24,True,False,0,0,182,False,0.0,10.19,184,7
2023-03-06,STR002,SKU0001,93,58,True,False,0,8,138,False,0.0,16.1,81,3
2023-03-06,STR002,SKU0002,216,11,True,False,0,11,194,False,0.0,4.96,178,4
2023-03-06,STR002,SKU0003,104,29,True,False,0,0,120,False,0.0,9.13,64,2
2023-03-06,STR002,SKU0004,110,28,True,False,0,0,132,False,0.0,15.15,138,8
2023-03-06,STR002,SKU0005,143,0,True,True,0,0,118,False,0.0,7.12,150,7
2023-03-07,STR001,SKU0001,138,0,False,False,0,6,116,False,0.0,10.83,99,3
2023-03-07,STR001,SKU0002,320,0,False,False,0,15,275,False,0.0,8.71,219,4
2023-03-07,STR001,SKU0003,98,0,False,False,0,0,86,False,0.0,6.02,79,2
2023-03-07,STR001,SKU0004,153,2,True,False,0,1,151,False,0.0,9.61,171,8
2023-03-07,STR001,SKU0005,182,2,True,False,0,0,163,False,0.0,8.15,184,7
2023-03-07,STR002,SKU0001,138,0,False,False,0,0,126,False,0.0,14.0,81,3
2023-03-07,STR002,SKU0002,194,0,False,False,0,1,168,False,0.0,4.65,178,4
2023-03-07,STR002,SKU0003,120,0,False,False,0,0,104,False,0.0,8.88,64,2
2023-03-07,STR002,SKU0004,132,5,True,False,0,0,121,False,0.0,12.64,138,8
2023-03-07,STR002,SKU0005,118,16,True,False,0,0,116,False,0.0,6.55,150,7
2023-03-08,STR001,SKU0001,116,0,False,False,0,3,106,False,0.0,9.39,99,3
2023-03-08,STR001,SKU0002,275,0,False,False,0,9,228,False,0.0,7.0,219,4
2023-03-08,STR001,SKU0003,86,36,False,False,0,0,101,False,0.0,6.8,79,2
2023-03-08,STR001,SKU0004,151,1,True,False,0,0,138,False,0.0,9.47,171,8
2023-03-08,STR001,SKU0005,163,20,True,False,0,0,172,False,0.0,8.92,184,7
2023-03-08,STR002,SKU0001,126,0,False,False,0,2,117,False,0.0,12.04,81,3
2023-03-08,STR002,SKU0002,168,137,True,False,3,14,274,False,0.0,8.41,178,4
2023-03-08,STR002,SKU0003,104,0,False,False,0,0,90,False,0.0,7.0,64,2
2023-03-08,STR002,SKU0004,121,2,True,False,0,0,114,False,0.0,9.98,138,8
2023-03-08,STR002,SKU0005,116,61,True,False,0,0,162,False,0.0,8.93,150,7
2023-03-09,STR001,SKU0001,106,0,False,False,0,2,97,False,0.0,9.05,99,3
2023-03-09,STR001,SKU0002,228,0,False,False,0,6,204,False,0.0,6.67,219,4
2023-03-09,STR001,SKU0003,101,41,True,False,0,0,118,False,0.0,7.79,79,2
2023-03-09,STR001,SKU0004,138,3,True,False,0,0,134,False,0.0,9.29,171,8
2023-03-09,STR001,SKU0005,172,1,True,False,0,0,167,False,0.0,8.66,184,7
2023-03-09,STR002,SKU0001,117,0,False,False,0,1,99,False,0.0,10.83,81,3
2023-03-09,STR002,SKU0002,274,0,False,False,0,7,239,False,0.0,7.93,178,4
2023-03-09,STR002,SKU0003,90,68,True,False,0,0,147,False,0.0,11.06,64,2
2023-03-09,STR002,SKU0004,114,8,True,False,0,0,105,False,0.0,10.21,138,8
2023-03-09,STR002,SKU0005,162,0,False,False,0,0,154,False,0.0,8.17,150,7
2023-03-10,STR001,SKU0001,97,84,True,False,0,6,171,False,0.0,16.18,99,3
2023-03-10,STR001,SKU0002,204,38,True,False,0,5,209,False,0.0,7.82,219,4
2023-03-10,STR001,SKU0003,118,0,False,False,0,0,94,False,0.0,5.93,79,2
2023-03-10,STR001,SKU0004,134,1,True,False,0,0,134,False,0.0,9.57,171,8
2023-03-10,STR001,SKU0005,167,4,True,False,0,0,166,False,0.0,10.1,184,7
2023-03-10,STR002,SKU0001,99,6,True,False,0,4,98,False,0.0,11.63,81,3
2023-03-10,STR002,SKU0002,239,0,False,False,0,6,214,False,0.0,7.0,178,4
2023-03-10,STR002,SKU0003,147,0,False,False,0,0,133,False,0.0,9.6,64,2
2023-03-10,STR002,SKU0004,105,7,True,False,0,0,107,False,0.0,8.92,138,8
2023-03-10,STR002,SKU0005,154,22,True,False,0,0,162,False,0.0,9.0,150,7
2023-03-11,STR001,SKU0001,171,0,False,False,0,10,143,False,0.0,14.72,99,3
2023-03-11,STR001,SKU0002,209,67,True,False,0,6,227,False,0.0,8.23,219,4
2023-03-11,STR001,SKU0003,94,0,False,False,0,0,75,False,0.0,4.45,79,2
2023-03-11,STR001,SKU0004,134,0,True,False,0,0,123,False,0.0,10.13,171,8
2023-03-11,STR001,SKU0005,166,0,True,False,0,0,147,False,0.0,9.8,184,7
2023-03-11,STR002,SKU0001,98,0,False,False,0,2,91,False,0.0,12.25,81,3
2023-03-11,STR002,SKU0002,214,65,True,False,0,9,248,False,0.0,8.86,178,4
2023-03-11,STR002,SKU0003,133,0,False,False,0,0,117,False,0.0,8.36,64,2
2023-03-11,STR002,SKU0004,107,2,True,False,0,0,85,False,0.0,7.35,138,8
2023-03-11,STR002,SKU0005,162,0,False,False,0,0,144,False,0.0,7.69,150,7
2023-03-12,STR001,SKU0001,143,0,False,False,0,5,112,False,0.0,11.7,99,3
2023-03-12,STR001,SKU0002,227,0,False,False,0,4,209,False,0.0,6.87,219,4
2023-03-12,STR001,SKU0003,75,33,True,False,0,0,92,False,0.0,5.32,79,2
2023-03-12,STR001,SKU0004,123,0,True,False,0,0,90,False,0.0,7.78,171,8
2023-03-12,STR001,SKU0005,147,51,True,False,0,0,179,False,0.0,11.82,184,7
2023-03-12,STR002,SKU0001,91,0,False,False,0,4,49,False,0.0,6.35,81,3
2023-03-12,STR002,SKU0002,248,0,False,False,0,7,201,False,0.0,8.48,178,4
2023-03-12,STR002,SKU0003,117,0,True,True,0,0,101,False,0.0,7.29,64,2
2023-03-12,STR002,SKU0004,85,4,True,False,0,0,83,False,0.0,5.93,138,8
2023-03-12,STR002,SKU0005,144,0,True,False,0,0,130,False,0.0,6.79,150,7
2023-03-13,STR001,SKU0001,112,0,False,False,0,6,93,False,0.0,7.84,99,3
2023-03-13,STR001,SKU0002,209,38,True,False,0,10,195,False,0.0,6.53,219,4
2023-03-13,STR001,SKU0003,92,0,False,False,0,0,79,False,0.0,4.42,79,2
2023-03-13,STR001,SKU0004,90,31,True,False,0,0,119,False,0.0,9.69,171,8
2023-03-13,STR001,SKU0005,179,2,True,False,0,0,170,False,0.0,11.78,184,7
2023-03-13,STR002,SKU0001,49,74,True,False,2,5,94,False,0.0,7.56,81,3
2023-03-13,STR002,SKU0002,201,0,False,False,0,7,171,False,0.0,7.04,178,4
2023-03-13,STR002,SKU0003,101,0,False,False,0,0,91,False,0.0,6.37,64,2
2023-03-13,STR002,SKU0004,83,64,True,False,0,1,122,False,0.0,10.29,138,8
2023-03-13,STR002,SKU0005,130,2,True,False,0,0,117,False,0.0,7.31,150,7
2023-03-14,STR001,SKU0001,93,40,True,False,1,4,120,False,0.0,9.23,99,3
2023-03-14,STR001,SKU0002,195,0,True,True,0,3,167,False,0.0,5.49,219,4
2023-03-14,STR001,SKU0003,79,0,False,False,0,0,69,False,0.0,3.74,79,2
2023-03-14,STR001,SKU0004,119,32,True,False,0,0,146,False,0.0,14.39,171,8
2023-03-14,STR001,SKU0005,170,2,True,False,0,0,143,False,0.0,10.88,184,7
2023-03-14,STR002,SKU0001,94,13,True,False,0,8,88,False,0.0,5.92,81,3
2023-03-14,STR002,SKU0002,171,1,True,False,0,3,159,False,0.0,6.51,178,4
2023-03-14,STR002,SKU0003,91,0,False,False,0,0,80,False,0.0,5.77,64,2
2023-03-14,STR002,SKU0004,122,26,True,False,0,1,140,False,0.0,9.7,138,8
2023-03-14,STR002,SKU0005,117,58,True,False,1,0,161,False,0.0,11.05,150,7
2023-03-15,STR001,SKU0001,120,0,False,False,0,5,106,False,0.0,8.94,99,3
2023-03-15,STR001,SKU0002,167,223,True,False,1,19,348,False,0.0,11.71,219,4
2023-03-15,STR001,SKU0003,69,61,True,False,1,0,112,False,0.0,6.17,79,2
2023-03-15,STR001,SKU0004,146,38,True,False,0,0,178,False,0.0,17.07,171,8
2023-03-15,STR001,SKU0005,143,54,True,False,0,0,179,False,0.0,12.53,184,7
2023-03-15,STR002,SKU0001,88,0,False,False,0,4,78,False,0.0,5.3,81,3
2023-03-15,STR002,SKU0002,159,66,True,False,0,14,182,False,0.0,8.17,178,4
2023-03-15,STR002,SKU0003,80,55,True,False,1,0,113,False,0.0,8.6,64,2
2023-03-15,STR002,SKU0004,140,0,False,False,0,0,126,False,0.0,9.59,138,8
2023-03-15,STR002,SKU0005,161,0,False,False,0,0,151,False,0.0,10.9,150,7
2023-03-16,STR001,SKU0001,106,0,False,False,0,4,88,False,0.0,7.25,99,3
2023-03-16,STR001,SKU0002,348,1,True,False,0,12,315,False,0.0,11.48,219,4
2023-03-16,STR001,SKU0003,112,0,False,False,0,0,91,False,0.0,5.18,79,2
2023-03-16,STR001,SKU0004,178,0,False,False,0,0,153,False,0.0,16.48,171,8
2023-03-16,STR001,SKU0005,179,4,True,False,0,0,172,False,0.0,11.25,184,7
2023-03-16,STR002,SKU0001,78,45,True,False,0,4,111,False,0.0,7.62,81,3
2023-03-16,STR002,SKU0002,182,18,True,False,0,3,185,False,0.0,7.57,178,4
2023-03-16,STR002,SKU0003,113,0,False,False,0,0,98,False,0.0,6.93,64,2
2023-03-16,STR002,SKU0004,126,0,True,False,0,0,122,False,0.0,8.8,138,8
2023-03-16,STR002,SKU0005,151,0,False,False,0,0,136,False,0.0,10.35,150,7
2023-03-17,STR001,SKU0001,88,98,True,False,1,8,168,False,0.0,12.78,99,3
2023-03-17,STR001,SKU0002,315,78,False,False,0,17,344,False,0.0,12.29,219,4
2023-03-17,STR001,SKU0003,91,0,False,False,0,0,84,False,0.0,4.9,79,2
2023-03-17,STR001,SKU0004,153,4,True,False,0,0,148,False,0.0,12.48,171,8
2023-03-17,STR001,SKU0005,172,29,True,False,0,0,180,False,0.0,11.25,184,7
2023-03-17,STR002,SKU0001,111,0,False,False,0,5,102,False,0.0,7.68,81,3
2023-03-17,STR002,SKU0002,185,0,False,False,0,6,161,False,0.0,7.27,178,4
2023-03-17,STR002,SKU0003,98,0,False,False,0,0,92,False,0.0,6.25,64,2
2023-03-17,STR002,SKU0004,122,25,True,False,0,0,143,False,0.0,11.92,138,8
2023-03-17,STR002,SKU0005,136,0,True,False,0,0,130,False,0.0,9.19,150,7
2023-03-18,STR001,SKU0001,168,3,True,False,0,4,140,False,0.0,10.1,99,3
2023-03-18,STR001,SKU0002,344,0,False,False,0,3,325,False,0.0,11.38,219,4
2023-03-18,STR001,SKU0003,84,96,True,False,0,0,162,False,0.0,11.01,79,2
2023-03-18,STR001,SKU0004,148,4,True,False,0,0,132,False,0.0,10.15,171,8
2023-03-18,STR001,SKU0005,180,39,True,False,0,0,193,False,0.0,10.55,184,7
2023-03-18,STR002,SKU0001,102,48,True,False,0,4,132,False,0.0,9.83,81,3
2023-03-18,STR002,SKU0002,161,62,True,False,1,3,208,False,0.0,9.45,178,4
2023-03-18,STR002,SKU0003,92,51,True,False,1,0,131,False,0.0,9.65,64,2
2023-03-18,STR002,SKU0004,143,0,False,False,0,0,125,False,0.0,10.54,138,8
2023-03-18,STR002,SKU0005,130,16,True,False,0,0,120,False,0.0,9.23,150,7
2023-03-19,STR001,SKU0001,140,0,False,False,0,3,127,False,0.0,8.39,99,3
2023-03-19,STR001,SKU0002,325,0,False,False,0,14,283,False,0.0,11.45,219,4
2023-03-19,STR001,SKU0003,162,0,False,False,0,0,146,False,0.0,10.02,79,2
2023-03-19,STR001,SKU0004,132,35,True,False,0,0,160,False,0.0,11.2,171,8
2023-03-19,STR001,SKU0005,193,0,False,False,0,0,171,False,0.0,8.87,184,7
2023-03-19,STR002,SKU0001,132,0,False,False,0,5,114,False,0.0,7.75,81,3
2023-03-19,STR002,SKU0002,208,0,False,False,0,5,174,False,0.0,8.52,178,4
2023-03-19,STR002,SKU0003,131,0,False,False,0,0,108,False,0.0,8.4,64,2
2023-03-19,STR002,SKU0004,125,4,True,False,0,0,117,False,0.0,10.64,138,8
2023-03-19,STR002,SKU0005,120,60,True,False,0,0,156,False,0.0,11.03,150,7
2023-03-20,STR001,SKU0001,127,0,False,False,0,1,115,False,0.0,8.94,99,3
2023-03-20,STR001,SKU0002,283,0,False,False,0,9,194,False,0.0,7.26,219,4
2023-03-20,STR001,SKU0003,146,0,False,False,0,0,135,False,0.0,9.26,79,2
2023-03-20,STR001,SKU0004,160,26,True,False,0,0,172,False,0.0,16.27,171,8
2023-03-20,STR001,SKU0005,171,0,True,True,0,0,145,False,0.0,7.36,184,7
2023-03-20,STR002,SKU0001,114,0,False,False,0,5,95,False,0.0,8.53,81,3
2023-03-20,STR002,SKU0002,174,54,True,False,1,13,205,False,0.0,10.87,178,4
2023-03-20,STR002,SKU0003,108,0,False,False,0,0,92,False,0.0,6.64,64,2
2023-03-20,STR002,SKU0004,117,35,True,False,0,0,145,False,0.0,12.23,138,8
2023-03-20,STR002,SKU0005,156,0,False,False,0,0,129,False,0.0,8.28,150,7
2023-03-21,STR001,SKU0001,115,0,False,False,0,4,92,False,0.0,7.32,99,3
2023-03-21,STR001,SKU0002,194,151,True,False,3,13,289,False,0.0,8.99,219,4
2023-03-21,STR001,SKU0003,135,44,True,False,0,0,167,False,0.0,11.69,79,2
2023-03-21,STR001,SKU0004,172,0,False,False,0,0,170,False,0.0,13.84,171,8
2023-03-21,STR001,SKU0005,145,74,True,False,0,0,201,False,0.0,9.2,184,7
2023-03-21,STR002,SKU0001,95,0,False,False,0,2,82,False,0.0,8.2,81,3
2023-03-21,STR002,SKU0002,205,20,True,False,0,5,207,False,0.0,12.28,178,4
2023-03-21,STR002,SKU0003,92,4,True,False,0,0,91,False,0.0,6.18,64,2
2023-03-21,STR002,SKU0004,145,0,False,False,0,0,140,False,0.0,14.85,138,8
2023-03-21,STR002,SKU0005,129,5,True,False,0,0,102,False,0.0,5.9,150,7
2023-03-22,STR001,SKU0001,92,106,True,False,2,12,182,False,0.0,12.87,99,3
2023-03-22,STR001,SKU0002,289,0,False,False,0,8,245,False,0.0,7.15,219,4
2023-03-22,STR001,SKU0003,167,0,False,False,0,0,153,False,0.0,10.5,79,2
2023-03-22,STR001,SKU0004,170,2,True,False,0,0,154,False,0.0,12.99,171,8
2023-03-22,STR001,SKU0005,201,0,False,False,0,0,174,False,0.0,8.58,184,7
2023-03-22,STR002,SKU0001,82,81,True,False,1,6,154,False,0.0,15.4,81,3
2023-03-22,STR002,SKU0002,207,0,False,False,0,13,165,False,0.0,9.55,178,4
2023-03-22,STR002,SKU0003,91,0,False,False,0,0,80,False,0.0,5.77,64,2
2023-03-22,STR002,SKU0004,140,0,False,False,0,0,133,False,0.0,14.55,138,8
2023-03-22,STR002,SKU0005,102,5,True,False,0,0,101,False,0.0,5.05,150,7
2023-03-23,STR001,SKU0001,182,0,False,False,0,9,167,False,0.0,12.71,99,3
2023-03-23,STR001,SKU0002,245,0,False,False,0,6,224,False,0.0,6.17,219,4
2023-03-23,STR001,SKU0003,153,0,False,False,0,0,142,False,0.0,10.04,79,2
2023-03-23,STR001,SKU0004,154,29,True,False,0,0,172,False,0.0,12.67,171,8
2023-03-23,STR001,SKU0005,174,4,True,False,0,0,163,False,0.0,7.56,184,7
2023-03-23,STR002,SKU0001,154,0,False,False,0,7,144,False,0.0,15.27,81,3
2023-03-23,STR002,SKU0002,165,115,True,False,0,13,250,False,0.0,14.46,178,4
2023-03-23,STR002,SKU0003,80,0,False,False,0,0,68,False,0.0,5.47,64,2
2023-03-23,STR002,SKU0004,133,2,True,False,0,1,127,False,0.0,15.6,138,8
2023-03-23,STR002,SKU0005,101,63,True,False,0,0,146,False,0.0,7.51,150,7
2023-03-24,STR001,SKU0001,167,0,False,False,0,6,142,False,0.0,11.83,99,3
2023-03-24,STR001,SKU0002,224,0,False,False,0,4,197,False,0.0,5.58,219,4
2023-03-24,STR001,SKU0003,142,36,True,False,0,0,160,False,0.0,12.58,79,2
2023-03-24,STR001,SKU0004,172,0,False,False,0,1,157,False,0.0,13.57,171,8
2023-03-24,STR001,SKU0005,163,55,True,False,1,0,203,False,0.0,9.17,184,7
2023-03-24,STR002,SKU0001,144,0,False,False,0,11,119,False,0.0,13.66,81,3
2023-03-24,STR002,SKU0002,250,0,False,False,0,13,223,False,0.0,12.39,178,4
2023-03-24,STR002,SKU0003,68,50,True,False,0,0,104,False,0.0,8.67,64,2
2023-03-24,STR002,SKU0004,127,5,True,False,0,0,119,False,0.0,13.88,138,8
2023-03-24,STR002,SKU0005,146,0,True,False,0,0,133,False,0.0,6.7,150,7
2023-03-25,STR001,SKU0001,142,0,False,False,0,4,132,False,0.0,9.83,99,3
2023-03-25,STR001,SKU0002,197,80,True,False,0,4,219,False,0.0,6.44,219,4
2023-03-25,STR001,SKU0003,160,0,False,False,0,0,139,False,0.0,9.73,79,2
2023-03-25,STR001,SKU0004,157,4,True,False,0,0,145,False,0.0,11.8,171,8
2023-03-25,STR001,SKU0005,203,0,False,False,0,0,183,False,0.0,8.66,184,7
2023-03-25,STR002,SKU0001,119,0,False,False,0,5,98,False,0.0,9.66,81,3
2023-03-25,STR002,SKU0002,223,0,False,False,0,4,202,False,0.0,11.59,178,4
2023-03-25,STR002,SKU0003,104,0,False,False,0,0,86,False,0.0,6.54,64,2
2023-03-25,STR002,SKU0004,119,4,True,False,0,0,117,False,0.0,11.87,138,8
2023-03-25,STR002,SKU0005,133,3,True,False,0,0,125,False,0.0,5.99,150,7
2023-03-26,STR001,SKU0001,132,71,True,False,0,9,185,False,0.0,17.74,99,3
2023-03-26,STR001,SKU0002,219,1,True,False,0,3,167,False,0.0,4.24,219,4
2023-03-26,STR001,SKU0003,139,0,False,False,0,0,129,False,0.0,8.77,79,2
2023-03-26,STR001,SKU0004,145,22,True,False,0,0,154,False,0.0,13.15,171,8
2023-03-26,STR001,SKU0005,183,5,True,False,0,0,171,False,0.0,8.43,184,7
2023-03-26,STR002,SKU0001,98,4,True,False,0,2,84,False,0.0,8.05,81,3
2023-03-26,STR002,SKU0002,202,4,True,False,0,3,188,False,0.0,10.28,178,4
2023-03-26,STR002,SKU0003,86,0,False,False,0,0,69,False,0.0,4.88,64,2
2023-03-26,STR002,SKU0004,117,1,True,False,0,0,113,False,0.0,13.88,138,8
2023-03-26,STR002,SKU0005,125,50,True,False,0,0,144,False,0.0,7.69,150,7
2023-03-27,STR001,SKU0001,185,0,False,False,0,12,137,False,0.0,13.32,99,3
2023-03-27,STR001,SKU0002,167,210,True,False,1,13,334,False,0.0,7.85,219,4
2023-03-27,STR001,SKU0003,129,30,True,False,0,0,142,False,0.0,10.25,79,2
2023-03-27,STR001,SKU0004,154,17,True,False,0,0,148,False,0.0,11.77,171,8
2023-03-27,STR001,SKU0005,171,5,True,False,0,0,146,False,0.0,7.46,184,7
2023-03-27,STR002,SKU0001,84,0,False,False,0,2,65,False,0.0,5.99,81,3
2023-03-27,STR002,SKU0002,188,0,False,False,0,4,150,False,0.0,9.21,178,4
2023-03-27,STR002,SKU0003,69,87,True,False,0,0,145,False,0.0,10.91,64,2
2023-03-27,STR002,SKU0004,113,37,True,False,0,0,133,False,0.0,18.62,138,8
2023-03-27,STR002,SKU0005,144,20,True,False,0,0,153,False,0.0,7.76,150,7
2023-03-28,STR001,SKU0001,137,0,False,False,0,3,110,False,0.0,7.94,99,3
2023-03-28,STR001,SKU0002,334,0,False,False,0,19,293,False,0.0,8.3,219,4
2023-03-28,STR001,SKU0003,142,0,False,False,0,0,132,False,0.0,8.97,79,2
2023-03-28,STR001,SKU0004,148,3,True,False,0,0,115,False,0.0,8.3,171,8
2023-03-28,STR001,SKU0005,146,3,True,False,0,0,139,False,0.0,6.9,184,7
2023-03-28,STR002,SKU0001,65,82,True,False,1,4,137,False,0.0,12.14,81,3
2023-03-28,STR002,SKU0002,150,126,True,False,1,9,244,False,0.0,12.29,178,4
2023-03-28,STR002,SKU0003,145,0,False,False,0,0,131,False,0.0,10.42,64,2
2023-03-28,STR002,SKU0004,133,14,True,False,0,0,141,False,0.0,16.45,138,8
2023-03-28,STR002,SKU0005,153,0,False,False,0,0,141,False,0.0,8.09,150,7
2023-03-29,STR001,SKU0001,110,0,False,False,0,5,94,False,0.0,6.45,99,3
2023-03-29,STR001,SKU0002,293,0,False,False,0,11,244,False,0.0,7.46,219,4
2023-03-29,STR001,SKU0003,132,0,False,False,0,0,118,False,0.0,8.18,79,2
2023-03-29,STR001,SKU0004,115,68,True,False,0,0,167,False,0.0,8.92,171,8
2023-03-29,STR001,SKU0005,139,63,True,False,0,0,187,False,0.0,9.84,184,7
2023-03-29,STR002,SKU0001,137,0,False,False,0,7,125,False,0.0,11.99,81,3
2023-03-29,STR002,SKU0002,244,0,False,False,0,10,224,False,0.0,10.59,178,4
2023-03-29,STR002,SKU0003,131,0,False,False,0,0,122,False,0.0,8.8,64,2
2023-03-29,STR002,SKU0004,141,1,True,False,0,0,136,False,0.0,15.61,138,8
2023-03-29,STR002,SKU0005,141,36,True,False,0,0,147,False,0.0,10.09,150,7
2023-03-30,STR001,SKU0001,94,56,True,False,0,6,127,False,0.0,8.01,99,3
2023-03-30,STR001,SKU0002,244,0,False,False,0,3,189,False,0.0,5.73,219,4
2023-03-30,STR001,SKU0003,118,10,True,False,0,0,114,False,0.0,7.9,79,2
2023-03-30,STR001,SKU0004,167,2,True,False,0,0,133,False,0.0,7.22,171,8
2023-03-30,STR001,SKU0005,187,0,False,False,0,0,95,False,0.0,5.5,184,7
2023-03-30,STR002,SKU0001,125,2,True,False,0,3,109,False,0.0,10.04,81,3
2023-03-30,STR002,SKU0002,224,0,False,False,0,13,191,False,0.0,10.36,178,4
2023-03-30,STR002,SKU0003,122,23,True,False,1,0,124,False,0.0,9.14,64,2
2023-03-30,STR002,SKU0004,136,3,True,False,0,0,135,False,0.0,15.75,138,8
2023-03-30,STR002,SKU0005,147,28,True,False,0,0,132,False,0.0,7.33,150,7
2023-03-31,STR001,SKU0001,127,0,False,False,0,7,115,False,0.0,6.6,99,3
2023-03-31,STR001,SKU0002,189,57,True,False,0,4,198,False,0.0,5.17,219,4
2023-03-31,STR001,SKU0003,114,0,False,False,0,0,98,False,0.0,6.6,79,2
2023-03-31,STR001,SKU0004,133,2,True,False,0,0,124,False,0.0,5.64,171,8
2023-03-31,STR001,SKU0005,95,47,True,False,0,0,100,False,0.0,3.54,184,7
2023-03-31,STR002,SKU0001,109,0,False,False,0,4,75,False,0.0,5.97,81,3
2023-03-31,STR002,SKU0002,191,9,True,False,0,7,181,False,0.0,9.6,178,4
2023-03-31,STR002,SKU0003,124,0,False,False,0,0,120,False,0.0,8.16,64,2
2023-03-31,STR002,SKU0004,135,4,True,False,0,0,136,False,0.0,16.7,138,8
2023-03-31,STR002,SKU0005,132,47,True,False,0,0,132,False,0.0,6.12,150,7
2023-04-01,STR001,SKU0001,115,0,False,False,0,1,106,False,0.0,6.87,99,3
2023-04-01,STR001,SKU0002,198,113,True,False,2,8,254,False,0.0,6.15,219,4
2023-04-01,STR001,SKU0003,98,0,False,False,0,0,86,False,0.0,5.9,79,2
2023-04-01,STR001,SKU0004,124,2,True,False,0,0,114,False,0.0,5.28,171,8
2023-04-01,STR001,SKU0005,100,43,True,False,0,0,80,False,0.0,2.48,184,7
2023-04-01,STR002,SKU0001,75,19,True,False,0,0,89,False,0.0,5.99,81,3
2023-04-01,STR002,SKU0002,181,0,False,False,0,5,149,False,0.0,8.02,178,4
2023-04-01,STR002,SKU0003,120,0,False,False,0,0,102,False,0.0,7.68,64,2
2023-04-01,STR002,SKU0004,136,2,True,False,0,0,119,False,0.0,17.72,138,8
2023-04-01,STR002,SKU0005,132,33,True,False,0,0,140,False,0.0,5.3,150,7
2023-04-02,STR001,SKU0001,106,0,False,False,0,3,93,False,0.0,5.92,99,3
2023-04-02,STR001,SKU0002,254,0,False,False,0,7,207,False,0.0,5.14,219,4
2023-04-02,STR001,SKU0003,86,61,True,False,1,1,95,False,0.0,7.15,79,2
2023-04-02,STR001,SKU0004,114,52,True,False,1,0,143,False,0.0,6.81,171,8
2023-04-02,STR001,SKU0005,80,64,True,False,0,0,40,False,0.0,1.04,184,7
2023-04-02,STR002,SKU0001,89,0,False,False,0,3,75,False,0.0,5.65,81,3
2023-04-02,STR002,SKU0002,149,76,True,False,1,5,206,False,0.0,10.3,178,4
2023-04-02,STR002,SKU0003,102,2,True,False,0,0,89,False,0.0,6.7,64,2
2023-04-02,STR002,SKU0004,119,5,True,False,0,0,117,False,0.0,13.65,138,8
2023-04-02,STR002,SKU0005,140,3,True,False,0,0,112,False,0.0,3.94,150,7
2023-04-03,STR001,SKU0001,93,89,True,False,1,3,165,False,0.0,10.41,99,3
2023-04-03,STR001,SKU0002,207,0,True,True,0,5,153,False,0.0,3.94,219,4
2023-04-03,STR001,SKU0003,95,0,False,False,0,0,43,False,0.0,2.26,79,2
2023-04-03,STR001,SKU0004,143,0,True,False,0,0,124,False,0.0,5.56,171,8
2023-04-03,STR001,SKU0005,40,157,True,False,1,0,116,False,0.0,2.28,184,7
2023-04-03,STR002,SKU0001,75,30,True,False,0,2,93,False,0.0,7.4,81,3
2023-04-03,STR002,SKU0002,206,0,False,False,0,4,168,False,0.0,8.52,178,4
2023-04-03,STR002,SKU0003,89,0,False,False,0,0,81,False,0.0,6.23,64,2
2023-04-03,STR002,SKU0004,117,3,True,False,0,0,98,False,0.0,11.06,138,8
2023-04-03,STR002,SKU0005,112,51,True,False,0,0,86,False,0.0,3.03,150,7
2023-04-04,STR001,SKU0001,165,0,False,False,0,9,139,False,0.0,11.06,99,3
2023-04-04,STR001,SKU0002,153,256,True,False,1,16,359,False,0.0,8.61,219,4
2023-04-04,STR001,SKU0003,43,82,True,False,0,0,88,False,0.0,3.67,79,2
2023-04-04,STR001,SKU0004,124,10,True,False,0,0,127,False,0.0,5.85,171,8
2023-04-04,STR001,SKU0005,116,83,True,False,0,0,137,False,0.0,2.36,184,7
2023-04-04,STR002,SKU0001,93,0,False,False,0,3,79,False,0.0,6.83,81,3
2023-04-04,STR002,SKU0002,168,83,True,False,1,5,217,False,0.0,11.01,178,4
2023-04-04,STR002,SKU0003,81,0,False,False,0,0,70,False,0.0,5.57,64,2
2023-04-04,STR002,SKU0004,98,27,True,False,0,0,115,False,0.0,12.01,138,8
2023-04-04,STR002,SKU0005,86,78,True,False,0,0,99,False,0.0,2.62,150,7
2023-04-05,STR001,SKU0001,139,0,False,False,0,5,111,False,0.0,9.59,99,3
2023-04-05,STR001,SKU0002,359,5,True,False,0,7,336,False,0.0,7.76,219,4
2023-04-05,STR001,SKU0003,88,109,True,False,0,0,165,False,0.0,5.92,79,2
2023-04-05,STR001,SKU0004,127,4,True,False,0,0,115,False,0.0,6.54,171,8
2023-04-05,STR001,SKU0005,137,61,True,False,0,0,150,False,0.0,2.29,184,7
2023-04-05,STR002,SKU0001,79,72,True,False,0,9,115,False,0.0,9.25,81,3
2023-04-05,STR002,SKU0002,217,4,True,False,0,4,204,False,0.0,9.92,178,4
2023-04-05,STR002,SKU0003,70,18,True,False,0,0,72,False,0.0,5.93,64,2
2023-04-05,STR002,SKU0004,115,1,True,False,0,0,105,False,0.0,10.35,138,8
2023-04-05,STR002,SKU0005,99,65,True,False,0,0,125,False,0.0,2.75,150,7
2023-04-06,STR001,SKU0001,111,0,False,False,0,2,97,False,0.0,7.3,99,3
2023-04-06,STR001,SKU0002,336,0,False,False,0,13,289,False,0.0,7.07,219,4
2023-04-06,STR001,SKU0003,165,0,False,False,0,0,152,False,0.0,5.0,79,2
2023-04-06,STR001,SKU0004,115,70,True,False,0,0,173,False,0.0,9.85,171,8
2023-04-06,STR001,SKU0005,150,28,True,False,0,0,134,False,0.0,1.91,184,7
2023-04-06,STR002,SKU0001,115,0,False,False,0,5,98,False,0.0,6.29,81,3
2023-04-06,STR002,SKU0002,204,0,False,False,0,6,183,False,0.0,8.71,178,4
2023-04-06,STR002,SKU0003,72,0,False,False,0,0,59,False,0.0,4.49,64,2
2023-04-06,STR002,SKU0004,105,5,True,False,0,0,100,False,0.0,9.21,138,8
2023-04-06,STR002,SKU0005,125,24,True,False,0,0,112,False,0.0,2.4,150,7
2023-04-07,STR001,SKU0001,97,50,True,False,1,3,117,False,0.0,9.31,99,3
2023-04-07,STR001,SKU0002,289,0,False,False,0,4,257,False,0.0,6.71,219,4
2023-04-07,STR001,SKU0003,152,0,False,False,0,0,119,False,0.0,3.93,79,2
2023-04-07,STR001,SKU0004,173,0,True,False,0,0,162,False,0.0,11.45,171,8
2023-04-07,STR001,SKU0005,134,11,True,False,0,0,57,False,0.0,0.9,184,7
2023-04-07,STR002,SKU0001,98,2,True,False,0,1,85,False,0.0,5.61,81,3
2023-04-07,STR002,SKU0002,183,0,False,False,0,3,139,False,0.0,6.85,178,4
2023-04-07,STR002,SKU0003,59,73,True,False,0,1,104,False,0.0,8.56,64,2
2023-04-07,STR002,SKU0004,100,47,True,False,0,0,134,False,0.0,11.44,138,8
2023-04-07,STR002,SKU0005,112,35,True,False,0,0,90,False,0.0,1.96,150,7
2023-04-08,STR001,SKU0001,117,0,False,False,0,0,22,False,0.0,1.41,99,3
2023-04-08,STR001,SKU0002,257,0,False,False,0,3,229,False,0.0,6.36,219,4
2023-04-08,STR001,SKU0003,119,6,True,False,0,0,59,False,0.0,1.8,79,2
2023-04-08,STR001,SKU0004,162,25,True,False,0,0,172,False,0.0,12.16,171,8
2023-04-08,STR001,SKU0005,57,64,True,False,0,0,99,False,0.0,1.42,184,7
2023-04-08,STR002,SKU0001,85,0,False,False,0,1,77,False,0.0,5.99,81,3
2023-04-08,STR002,SKU0002,139,60,True,False,1,5,165,False,0.0,6.75,178,4
2023-04-08,STR002,SKU0003,104,0,True,False,0,0,92,False,0.0,5.96,64,2
2023-04-08,STR002,SKU0004,134,0,True,False,0,0,125,False,0.0,9.51,138,8
2023-04-08,STR002,SKU0005,90,26,True,False,0,0,75,False,0.0,1.59,150,7
2023-04-09,STR001,SKU0001,22,111,True,False,2,0,78,False,0.0,2.79,99,3
2023-04-09,STR001,SKU0002,229,0,False,False,0,4,197,False,0.0,6.0,219,4
2023-04-09,STR001,SKU0003,59,100,True,False,0,0,73,False,0.0,1.81,79,2
2023-04-09,STR001,SKU0004,172,0,False,False,0,0,162,False,0.0,11.12,171,8
2023-04-09,STR001,SKU0005,99,0,True,True,0,0,22,False,0.0,0.34,184,7
2023-04-09,STR002,SKU0001,77,42,True,False,1,4,96,False,0.0,7.3,81,3
2023-04-09,STR002,SKU0002,165,143,True,False,0,20,266,False,0.0,10.83,178,4
2023-04-09,STR002,SKU0003,92,0,False,False,0,0,68,False,0.0,4.67,64,2
2023-04-09,STR002,SKU0004,125,0,True,True,0,0,118,False,0.0,10.07,138,8
2023-04-09,STR002,SKU0005,75,55,True,False,0,0,104,False,0.0,2.1,150,7
2023-04-10,STR001,SKU0001,78,35,True,False,1,0,80,False,0.0,2.34,99,3
2023-04-10,STR001,SKU0002,197,144,True,False,0,13,302,False,0.0,9.7,219,4
2023-04-10,STR001,SKU0003,73,88,True,False,0,0,91,False,0.0,2.0,79,2
2023-04-10,STR001,SKU0004,162,3,True,False,0,0,161,False,0.0,12.52,171,8
2023-04-10,STR001,SKU0005,22,142,True,False,0,0,101,False,0.0,1.68,184,7
2023-04-10,STR002,SKU0001,96,0,False,False,0,3,76,False,0.0,5.37,81,3
2023-04-10,STR002,SKU0002,266,4,True,False,0,3,248,False,0.0,9.59,178,4
2023-04-10,STR002,SKU0003,68,0,False,False,0,0,55,False,0.0,3.47,64,2
2023-04-10,STR002,SKU0004,118,29,True,False,0,0,136,False,0.0,11.61,138,8
2023-04-10,STR002,SKU0005,104,59,True,False,0,0,132,False,0.0,2.7,150,7
2023-04-11,STR001,SKU0001,80,101,True,False,0,0,42,False,0.0,1.14,99,3
2023-04-11,STR001,SKU0002,302,0,False,False,0,12,246,False,0.0,8.83,219,4
2023-04-11,STR001,SKU0003,91,86,True,False,0,0,150,False,0.0,3.12,79,2
2023-04-11,STR001,SKU0004,161,9,True,False,0,0,146,False,0.0,13.63,171,8
2023-04-11,STR001,SKU0005,101,20,True,False,0,0,22,False,0.0,0.38,184,7
2023-04-11,STR002,SKU0001,76,62,True,False,2,15,106,False,0.0,7.0,81,3
2023-04-11,STR002,SKU0002,248,0,False,False,0,7,190,False,0.0,8.01,178,4
2023-04-11,STR002,SKU0003,55,34,True,False,0,0,81,False,0.0,4.89,64,2
2023-04-11,STR002,SKU0004,136,16,True,False,0,0,144,False,0.0,14.2,138,8
2023-04-11,STR002,SKU0005,132,48,True,False,0,0,121,False,0.0,2.86,150,7
2023-04-12,STR001,SKU0001,42,106,True,False,0,0,97,False,0.0,1.79,99,3
2023-04-12,STR001,SKU0002,246,0,False,False,0,6,211,False,0.0,7.17,219,4
2023-04-12,STR001,SKU0003,150,0,False,False,0,0,124,False,0.0,2.65,79,2
2023-04-12,STR001,SKU0004,146,7,True,False,0,0,99,False,0.0,7.53,171,8
2023-04-12,STR001,SKU0005,22,102,True,False,0,0,68,False,0.0,1.08,184,7
2023-04-12,STR002,SKU0001,106,0,False,False,0,7,93,False,0.0,5.92,81,3
2023-04-12,STR002,SKU0002,190,0,False,False,0,4,166,False,0.0,6.15,178,4
2023-04-12,STR002,SKU0003,81,0,False,False,0,0,70,False,0.0,4.34,64,2
2023-04-12,STR002,SKU0004,144,0,False,False,0,0,124,False,0.0,12.58,138,8
2023-04-12,STR002,SKU0005,121,44,True,False,0,0,133,False,0.0,3.21,150,7
2023-04-13,STR001,SKU0001,97,70,True,False,1,0,98,False,0.0,1.68,99,3
2023-04-13,STR001,SKU0002,211,5,True,False,0,6,184,False,0.0,6.02,219,4
2023-04-13,STR001,SKU0003,124,0,False,False,0,0,85,False,0.0,1.85,79,2
2023-04-13,STR001,SKU0004,99,51,True,False,0,0,138,False,0.0,7.43,171,8
2023-04-13,STR001,SKU0005,68,110,True,False,0,0,110,False,0.0,1.71,184,7
2023-04-13,STR002,SKU0001,93,0,False,False,0,1,64,False,0.0,5.03,81,3
2023-04-13,STR002,SKU0002,166,85,True,False,0,8,208,False,0.0,7.43,178,4
2023-04-13,STR002,SKU0003,70,0,False,False,0,0,64,False,0.0,4.15,64,2
2023-04-13,STR002,SKU0004,124,1,True,False,0,0,116,False,0.0,10.41,138,8
2023-04-13,STR002,SKU0005,133,47,True,False,0,0,140,False,0.0,3.46,150,7
2023-04-14,STR001,SKU0001,98,16,True,False,1,6,89,False,0.0,1.34,99,3
2023-04-14,STR001,SKU0002,184,124,True,False,0,10,268,False,0.0,9.11,219,4
2023-04-14,STR001,SKU0003,85,62,True,False,0,0,120,False,0.0,2.42,79,2
2023-04-14,STR001,SKU0004,138,5,True,False,0,0,133,False,0.0,7.16,171,8
2023-04-14,STR001,SKU0005,110,54,True,False,0,0,94,False,0.0,1.39,184,7
2023-04-14,STR002,SKU0001,64,97,True,False,1,7,126,False,0.0,8.4,81,3
2023-04-14,STR002,SKU0002,208,0,False,False,0,7,171,False,0.0,5.54,178,4
2023-04-14,STR002,SKU0003,64,26,True,False,0,0,87,False,0.0,6.03,64,2
2023-04-14,STR002,SKU0004,116,31,True,False,1,0,136,False,0.0,12.36,138,8
2023-04-14,STR002,SKU0005,140,23,True,False,1,0,112,False,0.0,2.74,150,7
2023-04-15,STR001,SKU0001,89,77,True,False,2,4,138,False,0.0,2.12,99,3
2023-04-15,STR001,SKU0002,268,3,True,False,0,6,204,False,0.0,6.87,219,4
2023-04-15,STR001,SKU0003,120,0,False,False,0,0,89,False,0.0,1.83,79,2
2023-04-15,STR001,SKU0004,133,33,True,False,0,0,136,False,0.0,7.38,171,8
2023-04-15,STR001,SKU0005,94,105,True,False,0,0,109,False,0.0,1.68,184,7
2023-04-15,STR002,SKU0001,126,3,True,False,0,1,106,False,0.0,6.29,81,3
2023-04-15,STR002,SKU0002,171,81,True,False,0,9,225,False,0.0,7.68,178,4
2023-04-15,STR002,SKU0003,87,0,False,False,0,0,67,False,0.0,6.09,64,2
2023-04-15,STR002,SKU0004,136,4,True,False,0,0,124,False,0.0,11.73,138,8
2023-04-15,STR002,SKU0005,112,3,True,False,0,0,53,False,0.0,1.33,150,7
2023-04-16,STR001,SKU0001,138,0,False,False,0,2,124,False,0.0,2.27,99,3
2023-04-16,STR001,SKU0002,204,109,True,False,1,4,282,False,0.0,8.09,219,4
2023-04-16,STR001,SKU0003,89,0,False,False,0,0,69,False,0.0,1.58,79,2
2023-04-16,STR001,SKU0004,136,1,True,False,0,2,93,False,0.0,4.52,171,8
2023-04-16,STR001,SKU0005,109,14,True,False,0,0,70,False,0.0,0.94,184,7
2023-04-16,STR002,SKU0001,106,0,False,False,0,6,96,False,0.0,5.05,81,3
2023-04-16,STR002,SKU0002,225,0,False,False,0,7,188,False,0.0,6.75,178,4
2023-04-16,STR002,SKU0003,67,0,False,False,0,0,57,False,0.0,4.69,64,2
2023-04-16,STR002,SKU0004,124,14,True,False,0,0,133,False,0.0,11.49,138,8
2023-04-16,STR002,SKU0005,53,96,True,False,0,0,123,False,0.0,2.87,150,7
2023-04-17,STR001,SKU0001,124,0,False,False,0,7,104,False,0.0,2.13,99,3
2023-04-17,STR001,SKU0002,282,0,False,False,0,12,242,False,0.0,7.0,219,4
2023-04-17,STR001,SKU0003,69,111,True,False,2,0,145,False,0.0,4.23,79,2
2023-04-17,STR001,SKU0004,93,77,True,False,0,0,164,False,0.0,6.52,171,8
2023-04-17,STR001,SKU0005,70,113,True,False,0,0,135,False,0.0,1.89,184,7
2023-04-17,STR002,SKU0001,96,0,False,False,0,7,88,False,0.0,5.18,81,3
2023-04-17,STR002,SKU0002,188,0,False,False,0,2,161,False,0.0,5.55,178,4
2023-04-17,STR002,SKU0003,57,46,True,False,0,0,79,False,0.0,7.79,64,2
2023-04-17,STR002,SKU0004,133,2,True,False,0,0,122,False,0.0,10.81,138,8
2023-04-17,STR002,SKU0005,123,3,True,False,0,0,49,False,0.0,1.14,150,7
2023-04-18,STR001,SKU0001,104,0,False,False,0,0,75,False,0.0,1.63,99,3
2023-04-18,STR001,SKU0002,242,0,False,False,0,7,210,False,0.0,6.02,219,4
2023-04-18,STR001,SKU0003,145,0,False,False,0,1,131,False,0.0,4.52,79,2
2023-04-18,STR001,SKU0004,164,0,True,False,0,0,128,False,0.0,5.03,171,8
2023-04-18,STR001,SKU0005,135,66,True,False,0,0,146,False,0.0,2.11,184,7
2023-04-18,STR002,SKU0001,88,0,False,False,0,2,72,False,0.0,4.89,81,3
2023-04-18,STR002,SKU0002,161,63,True,False,0,4,181,False,0.0,6.06,178,4
2023-04-18,STR002,SKU0003,79,0,False,False,0,0,56,False,0.0,4.78,64,2
2023-04-18,STR002,SKU0004,122,15,True,False,0,0,130,False,0.0,11.23,138,8
2023-04-18,STR002,SKU0005,49,51,True,False,0,0,67,False,0.0,1.36,150,7
2023-04-19,STR001,SKU0001,75,39,True,False,2,2,93,False,0.0,3.06,99,3
2023-04-19,STR001,SKU0002,210,36,True,False,0,7,209,False,0.0,6.5,219,4
2023-04-19,STR001,SKU0003,131,0,False,False,0,0,116,False,0.0,4.3,79,2
2023-04-19,STR001,SKU0004,128,5,True,False,0,0,125,False,0.0,4.61,171,8
2023-04-19,STR001,SKU0005,146,17,True,False,0,0,111,False,0.0,1.77,184,7
2023-04-19,STR002,SKU0001,72,61,True,False,1,6,123,False,0.0,8.44,81,3
2023-04-19,STR002,SKU0002,181,0,False,False,0,3,147,False,0.0,5.22,178,4
2023-04-19,STR002,SKU0003,56,90,True,False,0,0,125,False,0.0,9.02,64,2
2023-04-19,STR002,SKU0004,130,4,True,False,0,0,117,False,0.0,10.24,138,8
2023-04-19,STR002,SKU0005,67,36,True,False,0,0,69,False,0.0,1.51,150,7
2023-04-20,STR001,SKU0001,93,88,True,False,0,8,156,False,0.0,6.1,99,3
2023-04-20,STR001,SKU0002,209,38,True,False,1,3,215,False,0.0,6.66,219,4
2023-04-20,STR001,SKU0003,116,13,True,False,0,0,119,False,0.0,4.68,79,2
2023-04-20,STR001,SKU0004,125,30,True,False,0,0,141,False,0.0,6.85,171,8
2023-04-20,STR001,SKU0005,111,72,True,False,0,0,159,False,0.0,2.55,184,7
2023-04-20,STR002,SKU0001,123,0,False,False,0,4,112,False,0.0,7.92,81,3
2023-04-20,STR002,SKU0002,147,26,True,False,1,1,151,False,0.0,5.08,178,4
2023-04-20,STR002,SKU0003,125,1,True,False,0,0,119,False,0.0,7.79,64,2
2023-04-20,STR002,SKU0004,117,2,True,False,0,0,116,False,0.0,10.55,138,8
2023-04-20,STR002,SKU0005,69,64,True,False,0,0,123,False,0.0,2.67,150,7
2023-04-21,STR001,SKU0001,156,0,False,False,0,8,128,False,0.0,7.0,99,3
2023-04-21,STR001,SKU0002,215,29,True,False,0,4,195,False,0.0,5.99,219,4
2023-04-21,STR001,SKU0003,119,0,False,False,0,0,97,False,0.0,4.56,79,2
2023-04-21,STR001,SKU0004,141,27,True,False,0,0,161,False,0.0,7.72,171,8
2023-04-21,STR001,SKU0005,159,3,True,False,0,0,151,False,0.0,2.7,184,7
2023-04-21,STR002,SKU0001,112,0,False,False,0,4,101,False,0.0,9.06,81,3
2023-04-21,STR002,SKU0002,151,127,True,False,0,10,219,False,0.0,7.94,178,4
2023-04-21,STR002,SKU0003,119,0,False,False,0,0,101,False,0.0,6.55,64,2
2023-04-21,STR002,SKU0004,116,5,True,False,0,0,119,False,0.0,11.73,138,8
2023-04-21,STR002,SKU0005,123,53,True,False,0,0,160,False,0.0,3.84,150,7
2023-04-22,STR001,SKU0001,128,0,False,False,0,4,119,False,0.0,6.41,99,3
2023-04-22,STR001,SKU0002,195,50,True,False,0,3,210,False,0.0,6.05,219,4
2023-04-22,STR001,SKU0003,97,0,False,False,0,0,73,False,0.0,3.55,79,2
2023-04-22,STR001,SKU0004,161,5,True,False,0,0,139,False,0.0,6.8,171,8
2023-04-22,STR001,SKU0005,151,50,True,False,0,0,169,False,0.0,3.55,184,7
2023-04-22,STR002,SKU0001,101,0,False,False,0,1,96,False,0.0,11.59,81,3
2023-04-22,STR002,SKU0002,219,0,False,False,0,7,184,False,0.0,6.08,178,4
2023-04-22,STR002,SKU0003,101,0,False,False,0,0,90,False,0.0,5.12,64,2
2023-04-22,STR002,SKU0004,119,2,True,False,0,0,100,False,0.0,11.11,138,8
2023-04-22,STR002,SKU0005,160,0,False,False,0,0,149,False,0.0,4.04,150,7
2023-04-23,STR001,SKU0001,119,10,True,False,0,3,106,False,0.0,6.57,99,3
2023-04-23,STR001,SKU0002,210,168,True,False,1,18,294,False,0.0,9.62,219,4
2023-04-23,STR001,SKU0003,73,73,True,False,0,0,130,False,0.0,6.64,79,2
2023-04-23,STR001,SKU0004,139,11,True,False,0,0,140,False,0.0,7.0,171,8
2023-04-23,STR001,SKU0005,169,13,True,False,0,0,175,False,0.0,4.45,184,7
2023-04-23,STR002,SKU0001,96,27,True,False,1,1,109,False,0.0,19.08,81,3
2023-04-23,STR002,SKU0002,184,0,False,False,0,2,149,False,0.0,4.7,178,4
2023-04-23,STR002,SKU0003,90,69,True,False,0,0,149,False,0.0,9.15,64,2
2023-04-23,STR002,SKU0004,100,38,True,False,1,0,130,False,0.0,13.38,138,8
2023-04-23,STR002,SKU0005,149,4,True,False,0,0,113,False,0.0,3.82,150,7
2023-04-24,STR001,SKU0001,106,0,False,False,0,0,87,False,0.0,5.03,99,3
2023-04-24,STR001,SKU0002,294,0,False,False,0,8,254,False,0.0,7.03,219,4
2023-04-24,STR001,SKU0003,130,0,False,False,0,1,114,False,0.0,6.0,79,2
2023-04-24,STR001,SKU0004,140,2,True,False,0,0,111,False,0.0,7.19,171,8
2023-04-24,STR001,SKU0005,175,5,True,False,0,0,148,False,0.0,4.52,184,7
2023-04-24,STR002,SKU0001,109,0,False,False,0,5,94,False,0.0,13.71,81,3
2023-04-24,STR002,SKU0002,149,132,True,False,0,8,255,False,0.0,7.93,178,4
2023-04-24,STR002,SKU0003,149,0,False,False,0,0,136,False,0.0,8.35,64,2
2023-04-24,STR002,SKU0004,130,4,True,False,0,0,116,False,0.0,11.6,138,8
2023-04-24,STR002,SKU0005,113,51,True,False,0,0,142,False,0.0,4.5,150,7
2023-04-25,STR001,SKU0001,87,47,True,False,0,3,114,False,0.0,6.28,99,3
2023-04-25,STR001,SKU0002,254,88,True,False,1,12,288,False,0.0,7.84,219,4
2023-04-25,STR001,SKU0003,114,0,False,False,0,0,105,False,0.0,6.39,79,2
2023-04-25,STR001,SKU0004,111,55,True,False,1,0,144,False,0.0,7.58,171,8
2023-04-25,STR001,SKU0005,148,0,True,True,0,0,139,False,0.0,4.57,184,7
2023-04-25,STR002,SKU0001,94,0,False,False,0,2,82,False,0.0,10.07,81,3
2023-04-25,STR002,SKU0002,255,4,True,False,0,11,208,False,0.0,6.68,178,4
2023-04-25,STR002,SKU0003,136,0,False,False,0,0,118,False,0.0,8.02,64,2
2023-04-25,STR002,SKU0004,116,1,True,False,0,0,113,False,0.0,10.55,138,8
2023-04-25,STR002,SKU0005,142,3,True,False,0,0,133,False,0.0,5.61,150,7
2023-04-26,STR001,SKU0001,114,0,False,False,0,3,100,False,0.0,6.09,99,3
2023-04-26,STR001,SKU0002,288,0,False,False,0,11,250,False,0.0,6.41,219,4
2023-04-26,STR001,SKU0003,105,39,True,False,0,0,119,False,0.0,7.5,79,2
2023-04-26,STR001,SKU0004,144,7,True,False,0,0,133,False,0.0,7.89,171,8
2023-04-26,STR001,SKU0005,139,109,True,False,0,0,232,False,0.0,9.72,184,7
2023-04-26,STR002,SKU0001,82,0,False,False,0,1,64,False,0.0,8.45,81,3
2023-04-26,STR002,SKU0002,208,0,False,False,0,9,169,False,0.0,5.4,178,4
2023-04-26,STR002,SKU0003,118,38,True,False,0,0,145,False,0.0,10.36,64,2
2023-04-26,STR002,SKU0004,113,10,True,False,0,0,120,False,0.0,11.67,138,8
2023-04-26,STR002,SKU0005,133,2,True,False,0,0,131,False,0.0,6.32,150,7
2023-04-27,STR001,SKU0001,100,66,True,False,0,9,147,False,0.0,9.44,99,3
2023-04-27,STR001,SKU0002,250,0,False,False,0,9,201,False,0.0,5.21,219,4
2023-04-27,STR001,SKU0003,119,0,False,False,0,0,97,False,0.0,5.61,79,2
2023-04-27,STR001,SKU0004,133,4,True,False,0,0,110,False,0.0,6.02,171,8
2023-04-27,STR001,SKU0005,232,32,True,False,0,0,241,False,0.0,12.88,184,7
2023-04-27,STR002,SKU0001,64,100,True,False,1,7,154,False,0.0,16.09,81,3
2023-04-27,STR002,SKU0002,169,110,True,False,1,11,234,False,0.0,7.51,178,4
2023-04-27,STR002,SKU0003,145,0,False,False,0,0,136,False,0.0,10.82,64,2
2023-04-27,STR002,SKU0004,120,31,True,False,0,0,134,False,0.0,16.17,138,8
2023-04-27,STR002,SKU0005,131,2,True,False,0,0,125,False,0.0,7.61,150,7
2023-04-28,STR001,SKU0001,147,0,False,False,0,10,109,False,0.0,7.48,99,3
2023-04-28,STR001,SKU0002,201,140,True,False,0,9,268,False,0.0,6.65,219,4
2023-04-28,STR001,SKU0003,97,0,False,False,0,0,79,False,0.0,4.16,79,2
2023-04-28,STR001,SKU0004,110,0,True,False,0,0,97,False,0.0,4.82,171,8
2023-04-28,STR001,SKU0005,241,0,False,False,0,0,240,False,0.0,12.92,184,7
2023-04-28,STR002,SKU0001,154,0,False,False,0,9,139,False,0.0,15.69,81,3
2023-04-28,STR002,SKU0002,234,0,False,False,0,2,209,False,0.0,6.33,178,4
2023-04-28,STR002,SKU0003,136,0,False,False,0,0,126,False,0.0,9.8,64,2
2023-04-28,STR002,SKU0004,134,18,True,False,0,0,147,False,0.0,14.29,138,8
2023-04-28,STR002,SKU0005,125,50,True,False,0,0,154,False,0.0,9.54,150,7
2023-04-29,STR001,SKU0001,109,0,False,False,0,3,96,False,0.0,6.11,99,3
2023-04-29,STR001,SKU0002,268,0,False,False,0,2,196,False,0.0,4.56,219,4
2023-04-29,STR001,SKU0003,79,98,True,False,0,0,162,False,0.0,8.79,79,2
2023-04-29,STR001,SKU0004,97,55,True,False,1,0,145,False,0.0,6.9,171,8
2023-04-29,STR001,SKU0005,240,0,False,False,0,0,224,False,0.0,13.07,184,7
2023-04-29,STR002,SKU0001,139,0,False,False,0,6,121,False,0.0,13.89,81,3
2023-04-29,STR002,SKU0002,209,0,False,False,0,6,167,False,0.0,5.7,178,4
2023-04-29,STR002,SKU0003,126,4,True,False,0,0,120,False,0.0,10.24,64,2
2023-04-29,STR002,SKU0004,147,0,False,False,0,0,124,False,0.0,11.57,138,8
2023-04-29,STR002,SKU0005,154,0,False,False,0,0,134,False,0.0,7.95,150,7
2023-04-30,STR001,SKU0001,96,52,True,False,0,2,129,False,0.0,7.85,99,3
2023-04-30,STR001,SKU0002,196,0,True,True,0,4,134,False,0.0,2.77,219,4
2023-04-30,STR001,SKU0003,162,0,False,False,0,0,140,False,0.0,8.17,79,2
2023-04-30,STR001,SKU0004,145,1,True,False,0,0,141,False,0.0,7.83,171,8
2023-04-30,STR001,SKU0005,224,0,False,False,0,0,189,False,0.0,12.72,184,7
2023-04-30,STR002,SKU0001,121,0,False,False,0,5,96,False,0.0,9.74,81,3
2023-04-30,STR002,SKU0002,167,137,True,False,2,7,276,False,0.0,9.07,178,4
2023-04-30,STR002,SKU0003,120,0,False,False,0,0,99,False,0.0,8.56,64,2
2023-04-30,STR002,SKU0004,124,10,True,False,0,0,107,False,0.0,9.73,138,8
2023-04-30,STR002,SKU0005,134,2,True,False,0,0,123,False,0.0,6.78,150,7
2023-05-01,STR001,SKU0001,129,3,True,False,0,3,113,False,0.0,7.06,99,3
2023-05-01,STR001,SKU0002,134,142,True,False,1,9,240,False,0.0,5.06,219,4
2023-05-01,STR001,SKU0003,140,0,False,False,0,0,121,False,0.0,6.72,79,2
2023-05-01,STR001,SKU0004,141,1,True,False,0,0,128,False,0.0,7.4,171,8
2023-05-01,STR001,SKU0005,189,0,False,False,0,0,171,False,0.0,9.07,184,7
2023-05-01,STR002,SKU0001,96,28,True,False,0,2,104,False,0.0,9.45,81,3
2023-05-01,STR002,SKU0002,276,0,False,False,0,5,252,False,0.0,8.86,178,4
2023-05-01,STR002,SKU0003,99,0,False,False,0,0,83,False,0.0,6.32,64,2
2023-05-01,STR002,SKU0004,107,1,True,False,0,0,94,False,0.0,6.78,138,8
2023-05-01,STR002,SKU0005,123,40,True,False,0,0,151,False,0.0,10.57,150,7
2023-05-02,STR001,SKU0001,113,0,False,False,0,6,100,False,0.0,6.42,99,3
2023-05-02,STR001,SKU0002,240,0,False,False,0,3,189,False,0.0,4.06,219,4
2023-05-02,STR001,SKU0003,121,9,True,False,0,0,105,False,0.0,5.65,79,2
2023-05-02,STR001,SKU0004,128,57,True,False,0,0,162,False,0.0,10.9,171,8
2023-05-02,STR001,SKU0005,171,50,True,False,0,0,210,False,0.0,12.46,184,7
2023-05-02,STR002,SKU0001,104,0,False,False,0,5,92,False,0.0,7.58,81,3
2023-05-02,STR002,SKU0002,252,0,False,False,0,11,203,False,0.0,7.1,178,4
2023-05-02,STR002,SKU0003,83,5,True,False,0,0,75,False,0.0,5.53,64,2
2023-05-02,STR002,SKU0004,94,16,True,False,0,0,62,False,0.0,4.67,138,8
2023-05-02,STR002,SKU0005,151,0,False,False,0,0,142,False,0.0,11.04,150,7
2023-05-03,STR001,SKU0001,100,0,False,False,0,6,80,False,0.0,5.66,99,3
2023-05-03,STR001,SKU0002,189,20,True,False,0,2,173,False,0.0,3.64,219,4
2023-05-03,STR001,SKU0003,105,0,False,False,0,0,82,False,0.0,3.93,79,2
2023-05-03,STR001,SKU0004,162,25,True,False,0,0,184,False,0.0,12.15,171,8
2023-05-03,STR001,SKU0005,210,0,False,False,0,0,197,False,0.0,11.49,184,7
2023-05-03,STR002,SKU0001,92,0,False,False,0,4,55,False,0.0,4.7,81,3
2023-05-03,STR002,SKU0002,203,0,False,False,0,5,156,False,0.0,5.52,178,4
2023-05-03,STR002,SKU0003,75,0,False,False,0,0,61,False,0.0,4.74,64,2
2023-05-03,STR002,SKU0004,62,76,True,False,0,0,119,False,0.0,6.08,138,8
2023-05-03,STR002,SKU0005,142,4,True,False,0,0,136,False,0.0,10.94,150,7
2023-05-04,STR001,SKU0001,80,119,True,False,1,8,182,False,0.0,12.49,99,3
2023-05-04,STR001,SKU0002,173,102,True,False,2,7,239,False,0.0,4.92,219,4
2023-05-04,STR001,SKU0003,82,0,False,False,0,0,68,False,0.0,3.31,79,2
2023-05-04,STR001,SKU0004,184,4,True,False,0,0,180,False,0.0,13.85,171,8
2023-05-04,STR001,SKU0005,197,0,False,False,0,0,184,False,0.0,11.01,184,7
2023-05-04,STR002,SKU0001,55,79,True,False,1,2,99,False,0.0,7.07,81,3
2023-05-04,STR002,SKU0002,156,18,True,False,1,4,140,False,0.0,4.67,178,4
2023-05-04,STR002,SKU0003,61,57,True,False,0,0,109,False,0.0,8.2,64,2
2023-05-04,STR002,SKU0004,119,0,True,False,0,0,113,False,0.0,5.17,138,8
2023-05-04,STR002,SKU0005,136,4,True,False,0,0,124,False,0.0,9.33,150,7
2023-05-05,STR001,SKU0001,182,21,True,False,0,12,163,False,0.0,11.41,99,3
2023-05-05,STR001,SKU0002,239,70,True,False,1,16,257,False,0.0,5.5,219,4
2023-05-05,STR001,SKU0003,68,126,True,False,0,0,178,False,0.0,9.16,79,2
2023-05-05,STR001,SKU0004,180,0,False,False,0,0,166,False,0.0,16.14,171,8
2023-05-05,STR001,SKU0005,184,3,True,False,0,1,162,False,0.0,10.6,184,7
2023-05-05,STR002,SKU0001,99,50,True,False,0,4,124,False,0.0,6.78,81,3
2023-05-05,STR002,SKU0002,140,141,True,False,2,9,225,False,0.0,7.65,178,4
2023-05-05,STR002,SKU0003,109,35,True,False,0,0,128,False,0.0,9.63,64,2
2023-05-05,STR002,SKU0004,113,10,True,False,0,0,107,False,0.0,5.27,138,8
2023-05-05,STR002,SKU0005,124,23,True,False,0,0,136,False,0.0,9.43,150,7
2023-05-06,STR001,SKU0001,163,0,False,False,0,6,146,False,0.0,10.22,99,3
2023-05-06,STR001,SKU0002,257,0,False,False,0,2,204,False,0.0,4.79,219,4
2023-05-06,STR001,SKU0003,178,0,False,False,0,0,160,False,0.0,8.36,79,2
2023-05-06,STR001,SKU0004,166,20,True,False,0,0,162,False,0.0,15.53,171,8
2023-05-06,STR001,SKU0005,162,55,True,False,0,0,206,False,0.0,11.09,184,7
2023-05-06,STR002,SKU0001,124,0,False,False,0,2,108,False,0.0,5.29,81,3
2023-05-06,STR002,SKU0002,225,0,False,False,0,5,158,False,0.0,4.85,178,4
2023-05-06,STR002,SKU0003,128,0,False,False,0,0,112,False,0.0,7.92,64,2
2023-05-06,STR002,SKU0004,107,1,True,False,0,0,103,False,0.0,4.71,138,8
2023-05-06,STR002,SKU0005,136,24,True,False,0,0,139,False,0.0,10.69,150,7
2023-05-07,STR001,SKU0001,146,0,False,False,0,3,119,False,0.0,8.25,99,3
2023-05-07,STR001,SKU0002,204,173,True,False,1,14,314,False,0.0,7.88,219,4
2023-05-07,STR001,SKU0003,160,0,False,False,0,0,149,False,0.0,7.61,79,2
2023-05-07,STR001,SKU0004,162,0,True,False,0,0,156,False,0.0,12.0,171,8
2023-05-07,STR001,SKU0005,206,0,False,False,0,0,196,False,0.0,10.98,184,7
2023-05-07,STR002,SKU0001,108,0,False,False,0,0,102,False,0.0,4.92,81,3
2023-05-07,STR002,SKU0002,158,43,True,False,0,4,151,False,0.0,4.16,178,4
2023-05-07,STR002,SKU0003,112,0,False,False,0,0,104,False,0.0,6.93,64,2
2023-05-07,STR002,SKU0004,103,5,True,False,0,0,95,False,0.0,4.93,138,8
2023-05-07,STR002,SKU0005,139,22,True,False,0,0,130,False,0.0,9.89,150,7
2023-05-08,STR001,SKU0001,119,0,False,False,0,2,99,False,0.0,6.42,99,3
2023-05-08,STR001,SKU0002,314,0,False,False,0,12,280,False,0.0,7.29,219,4
2023-05-08,STR001,SKU0003,149,1,True,False,0,0,142,False,0.0,7.89,79,2
2023-05-08,STR001,SKU0004,156,30,True,False,0,0,181,False,0.0,13.77,171,8
2023-05-08,STR001,SKU0005,196,0,False,False,0,0,181,False,0.0,12.67,184,7
2023-05-08,STR002,SKU0001,102,0,False,False,0,1,86,False,0.0,4.6,81,3
2023-05-08,STR002,SKU0002,151,130,True,False,0,7,250,False,0.0,6.23,178,4
2023-05-08,STR002,SKU0003,104,26,True,False,0,0,123,False,0.0,9.36,64,2
2023-05-08,STR002,SKU0004,95,0,True,True,0,0,90,False,0.0,5.21,138,8
2023-05-08,STR002,SKU0005,130,5,True,False,0,0,128,False,0.0,8.15,150,7
2023-05-09,STR001,SKU0001,99,16,True,False,0,5,88,False,0.0,5.6,99,3
2023-05-09,STR001,SKU0002,280,0,False,False,0,4,207,False,0.0,5.47,219,4
2023-05-09,STR001,SKU0003,142,0,False,False,0,0,134,False,0.0,8.16,79,2
2023-05-09,STR001,SKU0004,181,0,False,False,0,0,173,False,0.0,14.59,171,8
2023-05-09,STR001,SKU0005,181,40,True,False,0,0,205,False,0.0,14.79,184,7
2023-05-09,STR002,SKU0001,86,23,True,False,0,1,96,False,0.0,5.25,81,3
2023-05-09,STR002,SKU0002,250,0,False,False,0,8,225,False,0.0,5.51,178,4
2023-05-09,STR002,SKU0003,123,0,False,False,0,0,113,False,0.0,9.53,64,2
2023-05-09,STR002,SKU0004,90,6,True,False,0,0,91,False,0.0,5.69,138,8
2023-05-09,STR002,SKU0005,128,47,True,False,0,0,154,False,0.0,10.27,150,7
2023-05-10,STR001,SKU0001,88,81,True,False,0,7,154,False,0.0,8.62,99,3
2023-05-10,STR001,SKU0002,207,105,True,False,2,3,263,False,0.0,6.44,219,4
2023-05-10,STR001,SKU0003,134,0,False,False,0,0,125,False,0.0,8.93,79,2
2023-05-10,STR001,SKU0004,173,0,False,False,0,0,166,False,0.0,17.09,171,8
2023-05-10,STR001,SKU0005,205,0,False,False,0,0,194,False,0.0,13.31,184,7
2023-05-10,STR002,SKU0001,96,0,False,False,0,3,88,False,0.0,4.63,81,3
2023-05-10,STR002,SKU0002,225,2,True,False,0,3,192,False,0.0,5.07,178,4
2023-05-10,STR002,SKU0003,113,0,False,False,0,0,107,False,0.0,9.36,64,2
2023-05-10,STR002,SKU0004,91,4,True,False,0,0,93,False,0.0,9.43,138,8
2023-05-10,STR002,SKU0005,154,0,False,False,0,0,127,False,0.0,7.6,150,7
2023-05-11,STR001,SKU0001,154,0,False,False,0,2,133,False,0.0,7.82,99,3
2023-05-11,STR001,SKU0002,263,0,False,False,0,5,145,False,0.0,3.43,219,4
2023-05-11,STR001,SKU0003,125,1,True,False,0,0,110,False,0.0,9.17,79,2
2023-05-11,STR001,SKU0004,166,2,True,False,0,0,160,False,0.0,15.56,171,8
2023-05-11,STR001,SKU0005,194,0,False,False,0,0,186,False,0.0,13.02,184,7
2023-05-11,STR002,SKU0001,88,0,False,False,0,0,73,False,0.0,4.87,81,3
2023-05-11,STR002,SKU0002,192,0,False,False,0,8,165,False,0.0,4.53,178,4
2023-05-11,STR002,SKU0003,107,3,True,False,0,0,94,False,0.0,9.14,64,2
2023-05-11,STR002,SKU0004,93,50,True,False,0,0,134,False,0.0,18.04,138,8
2023-05-11,STR002,SKU0005,127,34,True,False,0,0,140,False,0.0,7.31,150,7
2023-05-12,STR001,SKU0001,133,0,False,False,0,4,124,False,0.0,6.68,99,3
2023-05-12,STR001,SKU0002,145,196,True,False,3,1,231,False,0.0,4.23,219,4
2023-05-12,STR001,SKU0003,110,0,False,False,0,0,96,False,0.0,7.81,79,2
2023-05-12,STR001,SKU0004,160,0,True,False,0,0,157,False,0.0,15.26,171,8
2023-05-12,STR001,SKU0005,186,0,False,False,0,0,182,False,0.0,13.41,184,7
2023-05-12,STR002,SKU0001,73,23,True,False,0,1,88,False,0.0,7.0,81,3
2023-05-12,STR002,SKU0002,165,9,True,False,0,4,155,False,0.0,4.43,178,4
2023-05-12,STR002,SKU0003,94,0,False,False,0,0,75,False,0.0,6.65,64,2
2023-05-12,STR002,SKU0004,134,17,True,False,0,0,137,False,0.0,17.44,138,8
2023-05-12,STR002,SKU0005,140,24,True,False,0,0,147,False,0.0,7.4,150,7
2023-05-13,STR001,SKU0001,124,62,True,False,2,7,170,False,0.0,11.12,99,3
2023-05-13,STR001,SKU0002,231,0,False,False,0,1,175,False,0.0,2.7,219,4
2023-05-13,STR001,SKU0003,96,0,False,False,0,0,68,False,0.0,5.67,79,2
2023-05-13,STR001,SKU0004,157,14,True,False,0,0,139,False,0.0,15.95,171,8
2023-05-13,STR001,SKU0005,182,1,True,False,0,0,161,False,0.0,15.03,184,7
2023-05-13,STR002,SKU0001,88,5,True,False,0,1,81,False,0.0,7.66,81,3
2023-05-13,STR002,SKU0002,155,19,True,False,0,3,153,False,0.0,4.98,178,4
2023-05-13,STR002,SKU0003,75,0,False,False,0,0,55,False,0.0,4.7,64,2
2023-05-13,STR002,SKU0004,137,10,True,False,0,0,142,False,0.0,18.75,138,8
2023-05-13,STR002,SKU0005,147,14,True,False,0,0,132,False,0.0,6.37,150,7
2023-05-14,STR001,SKU0001,170,0,False,False,0,9,155,False,0.0,10.53,99,3
2023-05-14,STR001,SKU0002,175,38,True,False,1,0,146,False,0.0,2.24,219,4
2023-05-14,STR001,SKU0003,68,94,True,False,1,0,143,False,0.0,10.65,79,2
2023-05-14,STR001,SKU0004,139,11,True,False,0,0,138,False,0.0,14.0,171,8
2023-05-14,STR001,SKU0005,161,4,True,False,0,0,122,False,0.0,9.93,184,7
2023-05-14,STR002,SKU0001,81,0,False,False,0,3,64,False,0.0,6.31,81,3
2023-05-14,STR002,SKU0002,153,73,True,False,0,3,206,False,0.0,8.43,178,4
2023-05-14,STR002,SKU0003,55,33,True,False,1,0,66,False,0.0,5.37,64,2
2023-05-14,STR002,SKU0004,142,0,False,False,0,0,134,False,0.0,17.7,138,8
2023-05-14,STR002,SKU0005,132,18,True,False,0,0,111,False,0.0,5.08,150,7
2023-05-15,STR001,SKU0001,155,0,False,False,0,7,136,False,0.0,11.2,99,3
2023-05-15,STR001,SKU0002,146,197,True,False,2,4,301,False,0.0,4.44,219,4
2023-05-15,STR001,SKU0003,143,0,False,False,0,0,128,False,0.0,8.87,79,2
2023-05-15,STR001,SKU0004,138,1,True,False,0,0,128,False,0.0,11.95,171,8
2023-05-15,STR001,SKU0005,122,38,True,False,0,0,133,False,0.0,7.82,184,7
2023-05-15,STR002,SKU0001,64,29,True,False,0,2,75,False,0.0,6.65,81,3
2023-05-15,STR002,SKU0002,206,0,True,False,0,3,170,False,0.0,8.38,178,4
2023-05-15,STR002,SKU0003,66,0,False,False,0,0,56,False,0.0,3.96,64,2
2023-05-15,STR002,SKU0004,134,17,True,False,0,0,143,False,0.0,20.85,138,8
2023-05-15,STR002,SKU0005,111,52,True,False,0,0,135,False,0.0,5.87,150,7
2023-05-16,STR001,SKU0001,136,0,False,False,0,4,111,False,0.0,9.84,99,3
2023-05-16,STR001,SKU0002,301,0,False,False,0,1,226,False,0.0,3.24,219,4
2023-05-16,STR001,SKU0003,128,0,False,False,0,0,116,False,0.0,7.52,79,2
2023-05-16,STR001,SKU0004,128,10,True,False,0,1,133,False,0.0,11.49,171,8
2023-05-16,STR001,SKU0005,133,66,True,False,0,0,180,False,0.0,9.62,184,7
2023-05-16,STR002,SKU0001,75,19,True,False,0,3,67,False,0.0,5.86,81,3
2023-05-16,STR002,SKU0002,170,85,True,False,0,7,213,False,0.0,9.87,178,4
2023-05-16,STR002,SKU0003,56,59,True,False,0,0,99,False,0.0,6.79,64,2
2023-05-16,STR002,SKU0004,143,0,False,False,0,0,135,False,0.0,18.53,138,8
2023-05-16,STR002,SKU0005,135,3,True,False,0,0,114,False,0.0,4.38,150,7
2023-05-17,STR001,SKU0001,111,38,True,False,0,7,134,False,0.0,12.03,99,3
2023-05-17,STR001,SKU0002,226,0,False,False,0,6,190,False,0.0,2.69,219,4
2023-05-17,STR001,SKU0003,116,81,True,False,0,0,185,False,0.0,11.56,79,2
2023-05-17,STR001,SKU0004,133,22,True,False,0,0,146,False,0.0,13.27,171,8
2023-05-17,STR001,SKU0005,180,2,True,False,0,0,165,False,0.0,8.62,184,7
2023-05-17,STR002,SKU0001,67,40,True,False,0,3,90,False,0.0,6.85,81,3
2023-05-17,STR002,SKU0002,213,0,False,False,0,7,179,False,0.0,7.41,178,4
2023-05-17,STR002,SKU0003,99,60,True,False,1,0,150,False,0.0,9.72,64,2
2023-05-17,STR002,SKU0004,135,0,True,True,0,0,132,False,0.0,17.11,138,8
2023-05-17,STR002,SKU0005,114,61,True,False,1,0,138,False,0.0,5.22,150,7
2023-05-18,STR001,SKU0001,134,0,False,False,0,9,104,False,0.0,9.33,99,3
2023-05-18,STR001,SKU0002,190,86,True,False,0,11,247,False,0.0,3.6,219,4
2023-05-18,STR001,SKU0003,185,0,False,False,0,0,165,False,0.0,10.04,79,2
2023-05-18,STR001,SKU0004,146,4,True,False,0,0,136,False,0.0,12.05,171,8
2023-05-18,STR001,SKU0005,165,51,True,False,0,0,182,False,0.0,9.1,184,7
2023-05-18,STR002,SKU0001,90,0,False,False,0,3,71,False,0.0,4.92,81,3
2023-05-18,STR002,SKU0002,179,0,False,False,0,5,142,False,0.0,6.06,178,4
2023-05-18,STR002,SKU0003,150,0,False,False,0,0,146,False,0.0,9.29,64,2
2023-05-18,STR002,SKU0004,132,7,True,False,0,0,129,False,0.0,16.42,138,8
2023-05-18,STR002,SKU0005,138,39,True,False,1,0,147,False,0.0,5.3,150,7
2023-05-19,STR001,SKU0001,104,0,False,False,0,1,94,False,0.0,8.22,99,3
2023-05-19,STR001,SKU0002,247,0,False,False,0,6,223,False,0.0,4.05,219,4
2023-05-19,STR001,SKU0003,165,0,False,False,0,0,104,False,0.0,6.12,79,2
2023-05-19,STR001,SKU0004,136,18,True,False,0,0,123,False,0.0,10.13,171,8
2023-05-19,STR001,SKU0005,182,39,True,False,0,0,174,False,0.0,7.34,184,7
2023-05-19,STR002,SKU0001,71,81,True,False,0,5,131,False,0.0,8.99,81,3
2023-05-19,STR002,SKU0002,142,81,True,False,1,5,186,False,0.0,7.36,178,4
2023-05-19,STR002,SKU0003,146,0,False,False,0,0,139,False,0.0,9.93,64,2
2023-05-19,STR002,SKU0004,129,37,True,False,0,0,158,False,0.0,19.75,138,8
2023-05-19,STR002,SKU0005,147,30,True,False,0,0,145,False,0.0,5.02,150,7
2023-05-20,STR001,SKU0001,94,19,True,False,0,2,82,False,0.0,6.83,99,3
2023-05-20,STR001,SKU0002,223,155,True,False,1,14,331,False,0.0,7.8,219,4
2023-05-20,STR001,SKU0003,104,59,True,False,1,0,102,False,0.0,4.3,79,2
2023-05-20,STR001,SKU0004,123,5,True,False,0,0,89,False,0.0,5.51,171,8
2023-05-20,STR001,SKU0005,174,0,True,False,0,0,160,False,0.0,5.36,184,7
2023-05-20,STR002,SKU0001,131,0,False,False,0,6,114,False,0.0,7.19,81,3
2023-05-20,STR002,SKU0002,186,11,True,False,0,1,180,False,0.0,6.53,178,4
2023-05-20,STR002,SKU0003,139,5,True,False,0,0,122,False,0.0,9.93,64,2
2023-05-20,STR002,SKU0004,158,0,False,False,0,0,143,False,0.0,20.02,138,8
2023-05-20,STR002,SKU0005,145,4,True,False,0,0,134,False,0.0,4.32,150,7
2023-05-21,STR001,SKU0001,82,30,True,False,0,3,98,False,0.0,6.47,99,3
2023-05-21,STR001,SKU0002,331,0,False,False,0,7,287,False,0.0,7.33,219,4
2023-05-21,STR001,SKU0003,102,0,False,False,0,0,45,False,0.0,1.59,79,2
2023-05-21,STR001,SKU0004,89,45,True,False,1,0,68,False,0.0,3.97,171,8
2023-05-21,STR001,SKU0005,160,2,True,False,0,0,146,False,0.0,5.08,184,7
2023-05-21,STR002,SKU0001,114,48,True,False,0,5,128,False,0.0,8.07,81,3
2023-05-21,STR002,SKU0002,180,0,False,False,0,4,151,False,0.0,5.53,178,4
2023-05-21,STR002,SKU0003,122,0,False,False,0,0,104,False,0.0,8.27,64,2
2023-05-21,STR002,SKU0004,143,0,False,False,0,0,133,False,0.0,15.52,138,8
2023-05-21,STR002,SKU0005,134,2,True,False,0,0,115,False,0.0,3.97,150,7
2023-05-22,STR001,SKU0001,98,84,True,False,1,8,154,False,0.0,9.71,99,3
2023-05-22,STR001,SKU0002,287,0,False,False,0,4,250,False,0.0,7.14,219,4
2023-05-22,STR001,SKU0003,45,152,True,False,1,0,144,False,0.0,4.25,79,2
2023-05-22,STR001,SKU0004,68,82,True,False,0,0,95,False,0.0,3.84,171,8
2023-05-22,STR001,SKU0005,146,56,True,False,0,0,192,False,0.0,7.72,184,7
2023-05-22,STR002,SKU0001,128,0,False,False,0,6,117,False,0.0,6.5,81,3
2023-05-22,STR002,SKU0002,151,49,True,False,0,6,151,False,0.0,5.31,178,4
2023-05-22,STR002,SKU0003,104,0,False,False,0,0,93,False,0.0,7.66,64,2
2023-05-22,STR002,SKU0004,133,6,True,False,0,0,126,False,0.0,14.23,138,8
2023-05-22,STR002,SKU0005,115,17,True,False,0,0,113,False,0.0,4.28,150,7
2023-05-23,STR001,SKU0001,154,0,False,False,0,4,128,False,0.0,7.59,99,3
2023-05-23,STR001,SKU0002,250,0,False,False,0,5,230,False,0.0,6.65,219,4
2023-05-23,STR001,SKU0003,144,2,True,False,0,0,79,False,0.0,2.02,79,2
2023-05-23,STR001,SKU0004,95,6,True,False,0,0,99,False,0.0,3.19,171,8
2023-05-23,STR001,SKU0005,192,0,False,False,0,0,171,False,0.0,7.62,184,7
2023-05-23,STR002,SKU0001,117,0,False,False,0,6,100,False,0.0,6.09,81,3
2023-05-23,STR002,SKU0002,151,72,True,False,0,7,181,False,0.0,6.06,178,4
2023-05-23,STR002,SKU0003,93,4,True,False,0,0,84,False,0.0,6.84,64,2
2023-05-23,STR002,SKU0004,126,5,True,False,0,0,128,False,0.0,13.37,138,8
2023-05-23,STR002,SKU0005,113,65,True,False,1,0,159,False,0.0,6.32,150,7
2023-05-24,STR001,SKU0001,128,0,False,False,0,0,87,False,0.0,5.12,99,3
2023-05-24,STR001,SKU0002,230,0,False,False,0,5,168,False,0.0,6.43,219,4
2023-05-24,STR001,SKU0003,79,0,False,False,0,0,0,True,4.1,0.0,79,2
2023-05-24,STR001,SKU0004,99,35,True,False,1,0,97,False,0.0,3.16,171,8
2023-05-24,STR001,SKU0005,171,1,True,False,0,0,154,False,0.0,6.78,184,7
2023-05-24,STR002,SKU0001,100,0,False,False,0,7,82,False,0.0,5.63,81,3
2023-05-24,STR002,SKU0002,181,0,False,False,0,4,148,False,0.0,4.96,178,4
2023-05-24,STR002,SKU0003,84,0,False,False,0,0,68,False,0.0,5.73,64,2
2023-05-24,STR002,SKU0004,128,5,True,False,0,0,126,False,0.0,14.23,138,8
2023-05-24,STR002,SKU0005,159,0,False,False,0,0,154,False,0.0,6.34,150,7
2023-05-25,STR001,SKU0001,87,96,True,False,0,2,110,False,0.0,5.07,99,3
2023-05-25,STR001,SKU0002,168,141,True,False,2,10,245,False,0.0,8.17,219,4
2023-05-25,STR001,SKU0003,0,163,True,False,0,0,125,False,0.0,2.21,79,2
2023-05-25,STR001,SKU0004,97,37,True,False,0,0,79,False,0.0,2.29,171,8
2023-05-25,STR001,SKU0005,154,44,True,False,0,0,189,False,0.0,8.27,184,7
2023-05-25,STR002,SKU0001,82,28,True,False,1,3,80,False,0.0,5.66,81,3
2023-05-25,STR002,SKU0002,148,156,True,False,1,22,250,False,0.0,8.29,178,4
2023-05-25,STR002,SKU0003,68,0,False,False,0,0,50,False,0.0,3.85,64,2
2023-05-25,STR002,SKU0004,126,10,True,False,0,0,123,False,0.0,13.05,138,8
2023-05-25,STR002,SKU0005,154,0,False,False,0,0,144,False,0.0,7.25,150,7
2023-05-26,STR001,SKU0001,110,0,False,False,0,0,33,False,0.0,1.14,99,3
2023-05-26,STR001,SKU0002,245,0,False,False,0,8,219,False,0.0,6.28,219,4
2023-05-26,STR001,SKU0003,125,53,True,False,0,0,121,False,0.0,2.05,79,2
2023-05-26,STR001,SKU0004,79,23,True,False,0,0,51,False,0.0,1.26,171,8
2023-05-26,STR001,SKU0005,189,0,False,False,0,0,183,False,0.0,9.49,184,7
2023-05-26,STR002,SKU0001,80,0,True,True,0,0,0,True,10.5,0.0,81,3
2023-05-26,STR002,SKU0002,250,0,False,False,0,2,228,False,0.0,7.6,178,4
2023-05-26,STR002,SKU0003,50,70,True,False,0,0,112,False,0.0,7.47,64,2
2023-05-26,STR002,SKU0004,123,13,True,False,0,0,123,False,0.0,12.48,138,8
2023-05-26,STR002,SKU0005,144,33,True,False,0,0,162,False,0.0,9.45,150,7
2023-05-27,STR001,SKU0001,33,131,True,False,2,1,113,False,0.0,2.93,99,3
2023-05-27,STR001,SKU0002,219,0,False,False,0,3,171,False,0.0,4.91,219,4
2023-05-27,STR001,SKU0003,121,0,False,False,0,0,71,False,0.0,1.21,79,2
2023-05-27,STR001,SKU0004,51,102,True,False,0,0,88,False,0.0,2.03,171,8
2023-05-27,STR001,SKU0005,183,3,True,False,0,1,157,False,0.0,11.69,184,7
2023-05-27,STR002,SKU0001,0,153,True,False,1,0,111,False,0.0,4.49,81,3
2023-05-27,STR002,SKU0002,228,0,False,False,0,10,190,False,0.0,6.68,178,4
2023-05-27,STR002,SKU0003,112,0,False,False,0,0,97,False,0.0,6.41,64,2
2023-05-27,STR002,SKU0004,123,13,True,False,0,0,112,False,0.0,10.59,138,8
2023-05-27,STR002,SKU0005,162,0,False,False,0,0,145,False,0.0,9.85,150,7
2023-05-28,STR001,SKU0001,113,0,False,False,0,2,5,False,0.0,0.12,99,3
2023-05-28,STR001,SKU0002,171,107,True,False,1,6,234,False,0.0,6.37,219,4
2023-05-28,STR001,SKU0003,71,88,True,False,1,0,132,False,0.0,2.31,79,2
2023-05-28,STR001,SKU0004,88,62,True,False,0,0,131,False,0.0,2.79,171,8
2023-05-28,STR001,SKU0005,157,24,True,False,0,0,153,False,0.0,9.92,184,7
2023-05-28,STR002,SKU0001,111,0,False,False,0,0,49,False,0.0,1.69,81,3
2023-05-28,STR002,SKU0002,190,0,False,False,0,0,150,False,0.0,4.98,178,4
2023-05-28,STR002,SKU0003,97,0,False,False,0,0,75,False,0.0,5.3,64,2
2023-05-28,STR002,SKU0004,112,37,True,False,1,0,145,False,0.0,12.23,138,8
2023-05-28,STR002,SKU0005,145,5,True,False,0,0,134,False,0.0,8.93,150,7
2023-05-29,STR001,SKU0001,5,161,True,False,2,2,35,False,0.0,0.64,99,3
2023-05-29,STR001,SKU0002,234,0,False,False,0,5,212,False,0.0,5.77,219,4
2023-05-29,STR001,SKU0003,132,66,True,False,0,0,184,False,0.0,3.49,79,2
2023-05-29,STR001,SKU0004,131,3,True,False,0,0,128,False,0.0,3.17,171,8
2023-05-29,STR001,SKU0005,153,65,True,False,0,0,206,False,0.0,12.02,184,7
2023-05-29,STR002,SKU0001,49,85,True,False,0,0,106,False,0.0,3.14,81,3
2023-05-29,STR002,SKU0002,150,78,True,False,0,6,196,False,0.0,6.07,178,4
2023-05-29,STR002,SKU0003,75,30,True,False,0,0,90,False,0.0,6.12,64,2
2023-05-29,STR002,SKU0004,145,0,False,False,0,0,131,False,0.0,12.07,138,8
2023-05-29,STR002,SKU0005,134,12,True,False,0,0,135,False,0.0,9.45,150,7
2023-05-30,STR001,SKU0001,35,129,True,False,1,4,128,False,0.0,1.82,99,3
2023-05-30,STR001,SKU0002,212,30,True,False,0,3,222,False,0.0,6.45,219,4
2023-05-30,STR001,SKU0003,184,0,False,False,0,0,165,False,0.0,3.49,79,2
2023-05-30,STR001,SKU0004,128,10,True,False,0,0,110,False,0.0,3.29,171,8
2023-05-30,STR001,SKU0005,206,0,False,False,0,0,145,False,0.0,8.32,184,7
2023-05-30,STR002,SKU0001,106,0,False,False,0,3,75,False,0.0,2.03,81,3
2023-05-30,STR002,SKU0002,196,2,True,False,0,3,176,False,0.0,5.89,178,4
2023-05-30,STR002,SKU0003,90,0,False,False,0,0,80,False,0.0,5.23,64,2
2023-05-30,STR002,SKU0004,131,18,True,False,0,0,144,False,0.0,13.09,138,8
2023-05-30,STR002,SKU0005,135,3,True,False,0,1,124,False,0.0,9.43,150,7
2023-05-31,STR001,SKU0001,128,0,False,False,0,1,111,False,0.0,1.55,99,3
2023-05-31,STR001,SKU0002,222,0,False,False,0,8,200,False,0.0,5.76,219,4
2023-05-31,STR001,SKU0003,165,0,False,False,0,0,139,False,0.0,3.44,79,2
2023-05-31,STR001,SKU0004,110,13,True,False,0,0,97,False,0.0,2.61,171,8
2023-05-31,STR001,SKU0005,145,0,True,True,0,0,98,False,0.0,4.23,184,7
2023-05-31,STR002,SKU0001,75,90,True,False,0,6,153,False,0.0,3.88,81,3
2023-05-31,STR002,SKU0002,176,130,True,False,2,8,286,False,0.0,10.37,178,4
2023-05-31,STR002,SKU0003,80,0,False,False,0,0,56,False,0.0,3.77,64,2
2023-05-31,STR002,SKU0004,144,4,True,False,0,0,132,False,0.0,11.7,138,8
2023-05-31,STR002,SKU0005,124,56,True,False,0,0,171,False,0.0,13.76,150,7
2023-06-01,STR001,SKU0001,111,0,False,False,0,4,99,False,0.0,1.46,99,3
2023-06-01,STR001,SKU0002,200,14,True,False,0,6,170,False,0.0,5.95,219,4
2023-06-01,STR001,SKU0003,139,54,True,False,1,0,177,False,0.0,5.39,79,2
2023-06-01,STR001,SKU0004,97,58,True,False,0,0,141,False,0.0,3.95,171,8
2023-06-01,STR001,SKU0005,98,83,True,False,0,0,70,False,0.0,2.57,184,7
2023-06-01,STR002,SKU0001,153,0,False,False,0,8,124,False,0.0,3.2,81,3
2023-06-01,STR002,SKU0002,286,0,False,False,0,10,252,False,0.0,10.14,178,4
2023-06-01,STR002,SKU0003,56,60,True,False,0,0,100,False,0.0,6.25,64,2
2023-06-01,STR002,SKU0004,132,3,True,False,0,0,126,False,0.0,10.02,138,8
2023-06-01,STR002,SKU0005,171,0,False,False,0,0,157,False,0.0,12.08,150,7
2023-06-02,STR001,SKU0001,99,104,True,False,1,7,185,False,0.0,3.14,99,3
2023-06-02,STR001,SKU0002,170,39,True,False,0,3,174,False,0.0,6.55,219,4
2023-06-02,STR001,SKU0003,177,0,False,False,0,0,164,False,0.0,5.55,79,2
2023-06-02,STR001,SKU0004,141,0,True,True,0,0,136,False,0.0,4.56,171,8
2023-06-02,STR001,SKU0005,70,127,True,False,0,0,160,False,0.0,3.82,184,7
2023-06-02,STR002,SKU0001,124,3,True,False,0,5,103,False,0.0,2.71,81,3
2023-06-02,STR002,SKU0002,252,0,False,False,0,11,203,False,0.0,8.51,178,4
2023-06-02,STR002,SKU0003,100,0,False,False,0,0,90,False,0.0,5.73,64,2
2023-06-02,STR002,SKU0004,126,13,True,False,0,0,132,False,0.0,11.0,138,8
2023-06-02,STR002,SKU0005,157,0,False,False,0,0,151,False,0.0,11.13,150,7
2023-06-03,STR001,SKU0001,185,0,False,False,0,7,176,False,0.0,3.56,99,3
2023-06-03,STR001,SKU0002,174,105,True,False,0,2,199,False,0.0,6.96,219,4
2023-06-03,STR001,SKU0003,164,0,False,False,0,0,147,False,0.0,6.31,79,2
2023-06-03,STR001,SKU0004,136,84,True,False,0,0,191,False,0.0,8.2,171,8
2023-06-03,STR001,SKU0005,160,0,True,False,0,0,114,False,0.0,2.46,184,7
2023-06-03,STR002,SKU0001,103,0,False,False,0,2,87,False,0.0,2.97,81,3
2023-06-03,STR002,SKU0002,203,0,False,False,0,8,176,False,0.0,6.66,178,4
2023-06-03,STR002,SKU0003,90,0,False,False,0,1,71,False,0.0,4.44,64,2
2023-06-03,STR002,SKU0004,132,4,True,False,0,0,121,False,0.0,10.86,138,8
2023-06-03,STR002,SKU0005,151,0,False,False,0,0,119,False,0.0,9.69,150,7
2023-06-04,STR001,SKU0001,176,0,False,False,0,7,153,False,0.0,3.57,99,3
2023-06-04,STR001,SKU0002,199,46,True,False,0,2,217,False,0.0,6.52,219,4
2023-06-04,STR001,SKU0003,147,47,True,False,0,0,178,False,0.0,9.58,79,2
2023-06-04,STR001,SKU0004,191,38,False,False,0,0,218,False,0.0,12.02,171,8
2023-06-04,STR001,SKU0005,114,66,True,False,0,0,111,False,0.0,2.27,184,7
2023-06-04,STR002,SKU0001,87,0,False,False,0,0,80,False,0.0,3.15,81,3
2023-06-04,STR002,SKU0002,176,48,True,False,0,10,189,False,0.0,7.52,178,4
2023-06-04,STR002,SKU0003,71,44,True,False,0,0,110,False,0.0,6.7,64,2
2023-06-04,STR002,SKU0004,121,0,True,True,0,0,112,False,0.0,11.36,138,8
2023-06-04,STR002,SKU0005,119,0,True,False,0,0,101,False,0.0,7.0,150,7
2023-06-05,STR001,SKU0001,153,0,False,False,0,4,135,False,0.0,4.5,99,3
2023-06-05,STR001,SKU0002,217,28,True,False,1,8,194,False,0.0,6.12,219,4
2023-06-05,STR001,SKU0003,178,0,False,False,0,0,154,False,0.0,8.98,79,2
2023-06-05,STR001,SKU0004,218,0,False,False,0,0,199,False,0.0,11.71,171,8
2023-06-05,STR001,SKU0005,111,91,True,False,0,0,154,False,0.0,2.81,184,7
2023-06-05,STR002,SKU0001,80,67,True,False,1,5,124,False,0.0,7.06,81,3
2023-06-05,STR002,SKU0002,189,0,False,False,0,10,167,False,0.0,7.26,178,4
2023-06-05,STR002,SKU0003,110,0,False,False,0,0,100,False,0.0,7.14,64,2
2023-06-05,STR002,SKU0004,112,10,True,False,0,0,111,False,0.0,10.36,138,8
2023-06-05,STR002,SKU0005,101,2,True,False,0,0,85,False,0.0,5.78,150,7
2023-06-06,STR001,SKU0001,135,5,True,False,0,2,130,False,0.0,9.38,99,3
2023-06-06,STR001,SKU0002,194,17,True,False,0,0,176,False,0.0,4.99,219,4
2023-06-06,STR001,SKU0003,154,0,False,False,0,0,138,False,0.0,7.43,79,2
2023-06-06,STR001,SKU0004,199,0,False,False,0,0,196,False,0.0,10.39,171,8
2023-06-06,STR001,SKU0005,154,3,True,False,0,0,126,False,0.0,2.11,184,7
2023-06-06,STR002,SKU0001,124,1,True,False,0,3,108,False,0.0,6.75,81,3
2023-06-06,STR002,SKU0002,167,0,True,True,0,2,130,False,0.0,6.19,178,4
2023-06-06,STR002,SKU0003,100,0,False,False,0,0,88,False,0.0,6.62,64,2
2023-06-06,STR002,SKU0004,111,15,True,False,0,0,123,False,0.0,11.96,138,8
2023-06-06,STR002,SKU0005,85,95,True,False,0,1,176,False,0.0,11.2,150,7
2023-06-07,STR001,SKU0001,130,0,False,False,0,8,117,False,0.0,11.07,99,3
2023-06-07,STR001,SKU0002,176,33,True,False,0,5,154,False,0.0,4.07,219,4
2023-06-07,STR001,SKU0003,138,22,True,False,0,0,150,False,0.0,8.27,79,2
2023-06-07,STR001,SKU0004,196,0,False,False,0,0,174,False,0.0,11.38,171,8
2023-06-07,STR001,SKU0005,126,75,True,False,0,0,134,False,0.0,2.41,184,7
2023-06-07,STR002,SKU0001,108,0,False,False,0,3,90,False,0.0,6.43,81,3
2023-06-07,STR002,SKU0002,130,90,True,False,0,7,192,False,0.0,8.25,178,4
2023-06-07,STR002,SKU0003,88,3,True,False,0,0,69,False,0.0,5.08,64,2
2023-06-07,STR002,SKU0004,123,41,True,False,0,0,162,False,0.0,16.2,138,8
2023-06-07,STR002,SKU0005,176,0,False,False,0,0,155,False,0.0,10.85,150,7
2023-06-08,STR001,SKU0001,117,0,False,False,0,7,93,False,0.0,10.33,99,3
2023-06-08,STR001,SKU0002,154,223,True,False,1,13,312,False,0.0,7.26,219,4
2023-06-08,STR001,SKU0003,150,0,False,False,0,0,140,False,0.0,8.83,79,2
2023-06-08,STR001,SKU0004,174,0,False,False,0,0,162,False,0.0,11.01,171,8
2023-06-08,STR001,SKU0005,134,48,True,False,0,0,121,False,0.0,2.07,184,7
2023-06-08,STR002,SKU0001,90,0,False,False,0,0,78,False,0.0,5.1,81,3
2023-06-08,STR002,SKU0002,192,46,False,False,1,6,191,False,0.0,7.68,178,4
2023-06-08,STR002,SKU0003,69,0,False,False,0,0,59,False,0.0,4.44,64,2
2023-06-08,STR002,SKU0004,162,0,False,False,0,0,154,False,0.0,19.25,138,8
2023-06-08,STR002,SKU0005,155,0,False,False,0,0,140,False,0.0,8.75,150,7
2023-06-09,STR001,SKU0001,93,75,True,False,0,10,147,False,0.0,14.29,99,3
2023-06-09,STR001,SKU0002,312,1,True,False,0,14,245,False,0.0,5.46,219,4
2023-06-09,STR001,SKU0003,140,0,False,False,0,0,130,False,0.0,8.58,79,2
2023-06-09,STR001,SKU0004,162,1,True,False,0,0,155,False,0.0,10.74,171,8
2023-06-09,STR001,SKU0005,121,80,True,False,1,0,153,False,0.0,2.98,184,7
2023-06-09,STR002,SKU0001,78,45,True,False,0,1,121,False,0.0,8.64,81,3
2023-06-09,STR002,SKU0002,191,81,True,False,0,7,236,False,0.0,8.69,178,4
2023-06-09,STR002,SKU0003,59,45,True,False,0,0,92,False,0.0,7.4,64,2
2023-06-09,STR002,SKU0004,154,0,True,True,0,0,139,False,0.0,17.69,138,8
2023-06-09,STR002,SKU0005,140,7,True,False,0,0,137,False,0.0,8.49,150,7
2023-06-10,STR001,SKU0001,147,1,True,False,0,5,132,False,0.0,12.66,99,3
2023-06-10,STR001,SKU0002,245,0,False,False,0,6,187,False,0.0,3.9,219,4
2023-06-10,STR001,SKU0003,130,67,True,False,0,0,177,False,0.0,12.03,79,2
2023-06-10,STR001,SKU0004,155,3,True,False,0,0,145,False,0.0,9.76,171,8
2023-06-10,STR001,SKU0005,153,64,True,False,0,0,166,False,0.0,3.15,184,7
2023-06-10,STR002,SKU0001,121,44,True,False,0,11,140,False,0.0,12.25,81,3
2023-06-10,STR002,SKU0002,236,0,False,False,0,5,212,False,0.0,8.2,178,4
2023-06-10,STR002,SKU0003,92,0,True,True,0,0,75,False,0.0,5.9,64,2
2023-06-10,STR002,SKU0004,139,0,False,False,0,0,138,False,0.0,15.33,138,8
2023-06-10,STR002,SKU0005,137,5,True,False,0,0,133,False,0.0,7.96,150,7
2023-06-11,STR001,SKU0001,132,0,False,False,0,2,113,False,0.0,9.65,99,3
2023-06-11,STR001,SKU0002,187,192,True,False,2,12,339,False,0.0,7.65,219,4
2023-06-11,STR001,SKU0003,177,0,False,False,0,0,160,False,0.0,10.57,79,2
2023-06-11,STR001,SKU0004,145,6,True,False,0,0,139,False,0.0,11.06,171,8
2023-06-11,STR001,SKU0005,166,36,True,False,0,0,169,False,0.0,3.16,184,7
2023-06-11,STR002,SKU0001,140,0,False,False,0,7,117,False,0.0,10.24,81,3
2023-06-11,STR002,SKU0002,212,0,False,False,0,3,181,False,0.0,7.0,178,4
2023-06-11,STR002,SKU0003,75,0,False,False,0,0,57,False,0.0,4.53,64,2
2023-06-11,STR002,SKU0004,138,0,False,False,0,0,119,False,0.0,17.0,138,8
2023-06-11,STR002,SKU0005,133,29,True,False,0,0,152,False,0.0,11.32,150,7
2023-06-12,STR001,SKU0001,113,0,False,False,0,3,100,False,0.0,8.43,99,3
2023-06-12,STR001,SKU0002,339,0,False,False,0,10,270,False,0.0,6.1,219,4
2023-06-12,STR001,SKU0003,160,0,False,False,0,0,140,False,0.0,9.16,79,2
2023-06-12,STR001,SKU0004,139,5,True,False,0,0,136,False,0.0,10.7,171,8
2023-06-12,STR001,SKU0005,169,29,True,False,0,0,151,False,0.0,3.13,184,7
2023-06-12,STR002,SKU0001,117,0,False,False,0,3,81,False,0.0,6.37,81,3
2023-06-12,STR002,SKU0002,181,0,False,False,0,5,147,False,0.0,5.59,178,4
2023-06-12,STR002,SKU0003,57,90,True,False,0,0,132,False,0.0,9.15,64,2
2023-06-12,STR002,SKU0004,119,5,True,False,0,0,116,False,0.0,13.76,138,8
2023-06-12,STR002,SKU0005,152,0,False,False,0,0,143,False,0.0,11.64,150,7
2023-06-13,STR001,SKU0001,100,0,False,False,0,0,87,False,0.0,7.71,99,3
2023-06-13,STR001,SKU0002,270,0,False,False,0,9,234,False,0.0,5.01,219,4
2023-06-13,STR001,SKU0003,140,53,True,False,0,0,176,False,0.0,11.96,79,2
2023-06-13,STR001,SKU0004,136,0,True,False,0,0,109,False,0.0,9.78,171,8
2023-06-13,STR001,SKU0005,151,3,True,False,0,0,147,False,0.0,3.05,184,7
2023-06-13,STR002,SKU0001,81,0,False,False,0,0,68,False,0.0,4.53,81,3
2023-06-13,STR002,SKU0002,147,81,True,False,0,8,210,False,0.0,7.31,178,4
2023-06-13,STR002,SKU0003,132,4,True,False,0,0,123,False,0.0,8.12,64,2
2023-06-13,STR002,SKU0004,116,0,True,True,0,0,96,False,0.0,12.0,138,8
2023-06-13,STR002,SKU0005,143,33,True,False,0,0,156,False,0.0,14.18,150,7
2023-06-14,STR001,SKU0001,87,116,True,False,0,11,180,False,0.0,15.0,99,3
2023-06-14,STR001,SKU0002,234,75,True,False,0,7,239,False,0.0,5.24,219,4
2023-06-14,STR001,SKU0003,176,0,False,False,0,0,160,False,0.0,10.77,79,2
2023-06-14,STR001,SKU0004,109,30,True,False,0,0,120,False,0.0,8.24,171,8
2023-06-14,STR001,SKU0005,147,2,True,False,0,0,143,False,0.0,3.2,184,7
2023-06-14,STR002,SKU0001,68,55,True,False,0,3,98,False,0.0,6.6,81,3
2023-06-14,STR002,SKU0002,210,67,True,False,1,5,246,False,0.0,9.78,178,4
2023-06-14,STR002,SKU0003,123,0,False,False,0,0,114,False,0.0,7.46,64,2
2023-06-14,STR002,SKU0004,96,74,True,False,0,0,151,False,0.0,14.48,138,8
2023-06-14,STR002,SKU0005,156,21,True,False,0,0,171,False,0.0,12.73,150,7
2023-06-15,STR001,SKU0001,180,0,False,False,0,3,160,False,0.0,12.31,99,3
2023-06-15,STR001,SKU0002,239,0,False,False,0,5,191,False,0.0,4.03,219,4
2023-06-15,STR001,SKU0003,160,0,False,False,0,0,143,False,0.0,9.1,79,2
2023-06-15,STR001,SKU0004,120,5,True,False,0,1,107,False,0.0,7.57,171,8
2023-06-15,STR001,SKU0005,143,1,True,False,0,0,133,False,0.0,3.69,184,7
2023-06-15,STR002,SKU0001,98,0,False,False,0,1,89,False,0.0,5.61,81,3
2023-06-15,STR002,SKU0002,246,0,False,False,0,11,226,False,0.0,8.79,178,4
2023-06-15,STR002,SKU0003,114,0,False,False,0,0,102,False,0.0,7.6,64,2
2023-06-15,STR002,SKU0004,151,0,False,False,0,0,148,False,0.0,11.51,138,8
2023-06-15,STR002,SKU0005,171,0,False,False,0,0,157,False,0.0,13.91,150,7
2023-06-16,STR001,SKU0001,160,0,False,False,0,5,144,False,0.0,11.08,99,3
2023-06-16,STR001,SKU0002,191,120,True,False,0,15,256,False,0.0,5.53,219,4
2023-06-16,STR001,SKU0003,143,19,True,False,0,0,154,False,0.0,9.21,79,2
2023-06-16,STR001,SKU0004,107,78,True,False,0,0,169,False,0.0,11.38,171,8
2023-06-16,STR001,SKU0005,133,3,True,False,0,0,131,False,0.0,4.54,184,7
2023-06-16,STR002,SKU0001,89,0,False,False,0,2,81,False,0.0,5.3,81,3
2023-06-16,STR002,SKU0002,226,0,False,False,0,1,211,False,0.0,9.91,178,4
2023-06-16,STR002,SKU0003,102,0,True,True,0,0,84,False,0.0,6.12,64,2
2023-06-16,STR002,SKU0004,148,0,False,False,0,0,140,False,0.0,11.53,138,8
2023-06-16,STR002,SKU0005,157,0,False,False,0,0,143,False,0.0,12.83,150,7
2023-06-17,STR001,SKU0001,144,0,False,False,0,5,127,False,0.0,9.77,99,3
2023-06-17,STR001,SKU0002,256,0,False,False,0,2,224,False,0.0,5.06,219,4
2023-06-17,STR001,SKU0003,154,0,False,False,0,0,131,False,0.0,7.97,79,2
2023-06-17,STR001,SKU0004,169,4,True,False,0,0,147,False,0.0,9.19,171,8
2023-06-17,STR001,SKU0005,131,89,True,False,0,0,195,False,0.0,8.53,184,7
2023-06-17,STR002,SKU0001,81,0,False,False,0,1,69,False,0.0,4.31,81,3
2023-06-17,STR002,SKU0002,211,0,False,False,0,6,177,False,0.0,9.25,178,4
2023-06-17,STR002,SKU0003,84,17,False,False,0,0,81,False,0.0,5.56,64,2
2023-06-17,STR002,SKU0004,140,0,False,False,0,0,131,False,0.0,11.76,138,8
2023-06-17,STR002,SKU0005,143,4,True,False,0,0,129,False,0.0,11.01,150,7
2023-06-18,STR001,SKU0001,127,59,True,False,0,7,165,False,0.0,12.55,99,3
2023-06-18,STR001,SKU0002,224,0,False,False,0,1,171,False,0.0,4.16,219,4
2023-06-18,STR001,SKU0003,131,0,False,False,0,0,108,False,0.0,6.41,79,2
2023-06-18,STR001,SKU0004,147,6,True,False,0,0,148,False,0.0,8.29,171,8
2023-06-18,STR001,SKU0005,195,0,False,False,0,0,177,False,0.0,9.25,184,7
2023-06-18,STR002,SKU0001,69,23,True,False,0,1,68,False,0.0,4.37,81,3
2023-06-18,STR002,SKU0002,177,23,True,False,0,2,181,False,0.0,8.86,178,4
2023-06-18,STR002,SKU0003,81,0,False,False,0,0,63,False,0.0,4.2,64,2
2023-06-18,STR002,SKU0004,131,0,True,False,0,0,120,False,0.0,9.77,138,8
2023-06-18,STR002,SKU0005,129,4,True,False,0,0,126,False,0.0,9.69,150,7
2023-06-19,STR001,SKU0001,165,0,False,False,0,12,149,False,0.0,11.72,99,3
2023-06-19,STR001,SKU0002,171,73,True,False,2,10,196,False,0.0,4.37,219,4
2023-06-19,STR001,SKU0003,108,5,True,False,0,0,103,False,0.0,5.81,79,2
2023-06-19,STR001,SKU0004,148,5,True,False,0,0,148,False,0.0,8.78,171,8
2023-06-19,STR001,SKU0005,177,3,True,False,0,0,156,False,0.0,9.18,184,7
2023-06-19,STR002,SKU0001,68,52,True,False,0,1,115,False,0.0,6.94,81,3
2023-06-19,STR002,SKU0002,181,3,True,False,0,3,154,False,0.0,8.17,178,4
2023-06-19,STR002,SKU0003,63,71,True,False,0,0,119,False,0.0,7.93,64,2
2023-06-19,STR002,SKU0004,120,1,True,False,0,0,120,False,0.0,10.77,138,8
2023-06-19,STR002,SKU0005,126,0,True,False,0,0,119,False,0.0,9.47,150,7
2023-06-20,STR001,SKU0001,149,0,False,False,0,7,135,False,0.0,11.39,99,3
2023-06-20,STR001,SKU0002,196,48,True,False,1,7,211,False,0.0,5.08,219,4
2023-06-20,STR001,SKU0003,103,0,False,False,0,0,93,False,0.0,5.71,79,2
2023-06-20,STR001,SKU0004,148,5,True,False,0,0,135,False,0.0,8.22,171,8
2023-06-20,STR001,SKU0005,156,44,True,False,0,0,186,False,0.0,13.56,184,7
2023-06-20,STR002,SKU0001,115,0,False,False,0,1,105,False,0.0,8.45,81,3
2023-06-20,STR002,SKU0002,154,44,True,False,0,1,180,False,0.0,9.69,178,4
2023-06-20,STR002,SKU0003,119,0,False,False,0,0,103,False,0.0,6.87,64,2
2023-06-20,STR002,SKU0004,120,5,True,False,0,0,122,False,0.0,12.03,138,8
2023-06-20,STR002,SKU0005,119,1,True,False,0,0,94,False,0.0,7.65,150,7
2023-06-21,STR001,SKU0001,135,0,False,False,0,4,115,False,0.0,10.45,99,3
2023-06-21,STR001,SKU0002,211,97,True,False,0,14,263,False,0.0,6.37,219,4
2023-06-21,STR001,SKU0003,93,0,False,False,0,0,83,False,0.0,5.43,79,2
2023-06-21,STR001,SKU0004,135,1,True,False,0,1,119,False,0.0,7.86,171,8
2023-06-21,STR001,SKU0005,186,0,False,False,0,0,167,False,0.0,11.35,184,7
2023-06-21,STR002,SKU0001,105,0,False,False,0,2,99,False,0.0,8.35,81,3
2023-06-21,STR002,SKU0002,180,0,False,False,0,3,133,False,0.0,6.8,178,4
2023-06-21,STR002,SKU0003,103,0,False,False,0,0,87,False,0.0,5.64,64,2
2023-06-21,STR002,SKU0004,122,0,True,True,0,0,110,False,0.0,14.26,138,8
2023-06-21,STR002,SKU0005,94,37,True,False,0,0,123,False,0.0,9.36,150,7
2023-06-22,STR001,SKU0001,115,15,True,False,0,6,121,False,0.0,10.46,99,3
2023-06-22,STR001,SKU0002,263,0,False,False,0,9,230,False,0.0,6.26,219,4
2023-06-22,STR001,SKU0003,83,94,True,False,0,0,163,False,0.0,11.3,79,2
2023-06-22,STR001,SKU0004,119,5,True,False,0,0,103,False,0.0,7.0,171,8
2023-06-22,STR001,SKU0005,167,4,True,False,0,0,144,False,0.0,8.69,184,7
2023-06-22,STR002,SKU0001,99,52,True,False,2,6,127,False,0.0,13.68,81,3
2023-06-22,STR002,SKU0002,133,148,True,False,3,5,233,False,0.0,10.46,178,4
2023-06-22,STR002,SKU0003,87,47,True,False,1,0,125,False,0.0,7.61,64,2
2023-06-22,STR002,SKU0004,110,28,True,False,0,0,138,False,0.0,20.55,138,8
2023-06-22,STR002,SKU0005,123,27,True,False,0,0,133,False,0.0,9.9,150,7
2023-06-23,STR001,SKU0001,121,0,False,False,0,7,108,False,0.0,11.28,99,3
2023-06-23,STR001,SKU0002,230,0,False,False,0,5,213,False,0.0,6.26,219,4
2023-06-23,STR001,SKU0003,163,0,False,False,0,0,158,False,0.0,11.29,79,2
2023-06-23,STR001,SKU0004,103,67,True,False,0,0,152,False,0.0,9.94,171,8
2023-06-23,STR001,SKU0005,144,77,True,False,0,0,201,False,0.0,10.66,184,7
2023-06-23,STR002,SKU0001,127,0,False,False,0,7,115,False,0.0,11.03,81,3
2023-06-23,STR002,SKU0002,233,0,False,False,0,4,207,False,0.0,7.75,178,4
2023-06-23,STR002,SKU0003,125,0,False,False,0,0,115,False,0.0,7.25,64,2
2023-06-23,STR002,SKU0004,138,26,False,False,0,0,155,False,0.0,24.66,138,8
2023-06-23,STR002,SKU0005,133,43,True,False,0,0,158,False,0.0,11.4,150,7
2023-06-24,STR001,SKU0001,108,0,False,False,0,2,95,False,0.0,10.73,99,3
2023-06-24,STR001,SKU0002,213,3,True,False,0,5,159,False,0.0,5.3,219,4
2023-06-24,STR001,SKU0003,158,0,False,False,0,0,145,False,0.0,10.68,79,2
2023-06-24,STR001,SKU0004,152,2,True,False,0,0,141,False,0.0,9.06,171,8
2023-06-24,STR001,SKU0005,201,0,False,False,0,0,183,False,0.0,8.71,184,7
2023-06-24,STR002,SKU0001,115,0,False,False,0,2,103,False,0.0,10.01,81,3
2023-06-24,STR002,SKU0002,207,71,True,False,0,11,233,False,0.0,8.36,178,4
2023-06-24,STR002,SKU0003,115,0,False,False,0,0,105,False,0.0,7.14,64,2
2023-06-24,STR002,SKU0004,155,0,False,False,0,0,143,False,0.0,22.24,138,8
2023-06-24,STR002,SKU0005,158,0,False,False,0,0,133,False,0.0,9.22,150,7
2023-06-25,STR001,SKU0001,95,107,True,False,1,8,186,False,0.0,21.34,99,3
2023-06-25,STR001,SKU0002,159,83,True,False,0,7,209,False,0.0,6.31,219,4
2023-06-25,STR001,SKU0003,145,3,True,False,0,0,130,False,0.0,10.71,79,2
2023-06-25,STR001,SKU0004,141,2,True,False,0,0,138,False,0.0,10.06,171,8
2023-06-25,STR001,SKU0005,183,2,True,False,0,0,136,False,0.0,6.8,184,7
2023-06-25,STR002,SKU0001,103,0,False,False,0,5,92,False,0.0,9.07,81,3
2023-06-25,STR002,SKU0002,233,0,False,False,0,7,190,False,0.0,6.62,178,4
2023-06-25,STR002,SKU0003,105,4,True,False,0,0,101,False,0.0,7.6,64,2
2023-06-25,STR002,SKU0004,143,0,False,False,0,0,137,False,0.0,19.98,138,8
2023-06-25,STR002,SKU0005,133,14,True,False,0,0,120,False,0.0,7.78,150,7
2023-06-26,STR001,SKU0001,186,5,True,False,0,7,155,False,0.0,20.09,99,3
2023-06-26,STR001,SKU0002,209,169,True,False,0,19,334,False,0.0,11.35,219,4
2023-06-26,STR001,SKU0003,130,0,False,False,0,0,115,False,0.0,10.06,79,2
2023-06-26,STR001,SKU0004,138,5,True,False,0,0,133,False,0.0,9.7,171,8
2023-06-26,STR001,SKU0005,136,46,True,False,0,0,164,False,0.0,6.71,184,7
2023-06-26,STR002,SKU0001,92,44,True,False,0,8,113,False,0.0,14.65,81,3
2023-06-26,STR002,SKU0002,190,0,False,False,0,5,137,False,0.0,4.36,178,4
2023-06-26,STR002,SKU0003,101,0,False,False,0,0,86,False,0.0,7.25,64,2
2023-06-26,STR002,SKU0004,137,4,True,False,0,0,132,False,0.0,21.49,138,8
2023-06-26,STR002,SKU0005,120,2,True,False,0,0,118,False,0.0,6.45,150,7
2023-06-27,STR001,SKU0001,155,0,False,False,0,9,124,False,0.0,10.99,99,3
2023-06-27,STR001,SKU0002,334,0,False,False,0,14,280,False,0.0,10.05,219,4
2023-06-27,STR001,SKU0003,115,0,False,False,0,0,99,False,0.0,8.15,79,2
2023-06-27,STR001,SKU0004,133,33,True,False,0,0,156,False,0.0,10.81,171,8
2023-06-27,STR001,SKU0005,164,1,True,False,0,0,156,False,0.0,6.62,184,7
2023-06-27,STR002,SKU0001,113,0,False,False,0,3,93,False,0.0,10.02,81,3
2023-06-27,STR002,SKU0002,137,61,True,False,1,7,167,False,0.0,4.85,178,4
2023-06-27,STR002,SKU0003,86,0,False,False,0,0,80,False,0.0,6.75,64,2
2023-06-27,STR002,SKU0004,132,19,True,False,0,0,142,False,0.0,19.49,138,8
2023-06-27,STR002,SKU0005,118,43,True,False,0,0,148,False,0.0,8.29,150,7
2023-06-28,STR001,SKU0001,124,0,False,False,0,1,115,False,0.0,8.56,99,3
2023-06-28,STR001,SKU0002,280,0,False,False,0,7,253,False,0.0,8.43,219,4
2023-06-28,STR001,SKU0003,99,11,True,False,0,0,98,False,0.0,7.54,79,2
2023-06-28,STR001,SKU0004,156,12,True,False,0,0,147,False,0.0,11.06,171,8
2023-06-28,STR001,SKU0005,156,61,True,False,2,0,204,False,0.0,8.92,184,7
2023-06-28,STR002,SKU0001,93,0,False,False,0,3,76,False,0.0,7.29,81,3
2023-06-28,STR002,SKU0002,167,112,True,False,1,16,237,False,0.0,6.72,178,4
2023-06-28,STR002,SKU0003,80,37,True,False,0,0,108,False,0.0,10.36,64,2
2023-06-28,STR002,SKU0004,142,0,False,False,0,0,139,False,0.0,17.07,138,8
2023-06-28,STR002,SKU0005,148,1,True,False,0,0,141,False,0.0,8.81,150,7
2023-06-29,STR001,SKU0001,115,0,False,False,0,3,96,False,0.0,7.81,99,3
2023-06-29,STR001,SKU0002,253,24,True,False,0,9,230,False,0.0,8.09,219,4
2023-06-29,STR001,SKU0003,98,0,False,False,0,0,68,False,0.0,5.12,79,2
2023-06-29,STR001,SKU0004,147,0,True,False,0,0,120,False,0.0,8.57,171,8
2023-06-29,STR001,SKU0005,204,0,False,False,0,0,190,False,0.0,8.75,184,7
2023-06-29,STR002,SKU0001,76,57,True,False,0,6,97,False,0.0,8.18,81,3
2023-06-29,STR002,SKU0002,237,5,True,False,0,4,226,False,0.0,6.94,178,4
2023-06-29,STR002,SKU0003,108,0,False,False,0,0,90,False,0.0,9.55,64,2
2023-06-29,STR002,SKU0004,139,0,False,False,0,0,132,False,0.0,19.25,138,8
2023-06-29,STR002,SKU0005,141,3,True,False,0,0,127,False,0.0,7.94,150,7
2023-06-30,STR001,SKU0001,96,89,True,False,2,6,160,False,0.0,11.31,99,3
2023-06-30,STR001,SKU0002,230,0,False,False,0,6,165,False,0.0,5.42,219,4
2023-06-30,STR001,SKU0003,68,62,True,False,0,0,107,False,0.0,6.87,79,2
2023-06-30,STR001,SKU0004,120,62,True,False,0,0,176,False,0.0,11.85,171,8
2023-06-30,STR001,SKU0005,190,5,True,False,0,0,171,False,0.0,8.61,184,7
2023-06-30,STR002,SKU0001,97,37,True,False,0,3,115,False,0.0,8.3,81,3
2023-06-30,STR002,SKU0002,226,0,False,False,0,8,200,False,0.0,7.0,178,4
2023-06-30,STR002,SKU0003,90,0,False,False,0,0,86,False,0.0,7.92,64,2
2023-06-30,STR002,SKU0004,132,0,True,True,0,0,119,False,0.0,15.15,138,8
2023-06-30,STR002,SKU0005,127,48,True,False,0,0,164,False,0.0,10.25,150,7
2023-07-01,STR001,SKU0001,160,0,False,False,0,2,135,False,0.0,8.59,99,3
2023-07-01,STR001,SKU0002,165,143,True,False,2,3,268,False,0.0,7.22,219,4
2023-07-01,STR001,SKU0003,107,1,True,False,0,0,76,False,0.0,4.19,79,2
2023-07-01,STR001,SKU0004,176,0,False,False,0,0,170,False,0.0,12.93,171,8
2023-07-01,STR001,SKU0005,171,4,True,False,0,0,153,False,0.0,7.49,184,7
2023-07-01,STR002,SKU0001,115,0,False,False,0,2,92,False,0.0,5.96,81,3
2023-07-01,STR002,SKU0002,200,0,False,False,0,1,150,False,0.0,5.36,178,4
2023-07-01,STR002,SKU0003,86,58,True,False,1,0,124,False,0.0,12.4,64,2
2023-07-01,STR002,SKU0004,119,5,True,False,0,0,122,False,0.0,14.47,138,8
2023-07-01,STR002,SKU0005,164,0,False,False,0,0,151,False,0.0,10.07,150,7
2023-07-02,STR001,SKU0001,135,0,False,False,0,1,111,False,0.0,6.37,99,3
2023-07-02,STR001,SKU0002,268,0,False,False,0,6,221,False,0.0,6.37,219,4
2023-07-02,STR001,SKU0003,76,83,True,False,0,0,134,False,0.0,6.42,79,2
2023-07-02,STR001,SKU0004,170,5,True,False,0,0,162,False,0.0,13.34,171,8
2023-07-02,STR001,SKU0005,153,65,True,False,0,0,193,False,0.0,9.19,184,7
2023-07-02,STR002,SKU0001,92,0,False,False,0,1,80,False,0.0,4.71,81,3
2023-07-02,STR002,SKU0002,150,153,True,False,1,9,244,False,0.0,8.09,178,4
2023-07-02,STR002,SKU0003,124,0,False,False,0,0,109,False,0.0,9.66,64,2
2023-07-02,STR002,SKU0004,122,13,True,False,0,0,131,False,0.0,18.71,138,8
2023-07-02,STR002,SKU0005,151,0,False,False,0,0,114,False,0.0,8.58,150,7
2023-07-03,STR001,SKU0001,111,0,False,False,0,1,94,False,0.0,4.77,99,3
2023-07-03,STR001,SKU0002,221,0,False,False,0,5,179,False,0.0,4.86,219,4
2023-07-03,STR001,SKU0003,134,0,False,False,0,0,111,False,0.0,5.08,79,2
2023-07-03,STR001,SKU0004,162,4,True,False,0,0,158,False,0.0,11.89,171,8
2023-07-03,STR001,SKU0005,193,0,False,False,0,0,173,False,0.0,9.85,184,7
2023-07-03,STR002,SKU0001,80,54,True,False,0,2,131,False,0.0,7.4,81,3
2023-07-03,STR002,SKU0002,244,0,False,False,0,7,210,False,0.0,6.56,178,4
2023-07-03,STR002,SKU0003,109,0,False,False,0,0,92,False,0.0,7.49,64,2
2023-07-03,STR002,SKU0004,131,1,True,False,0,0,129,False,0.0,19.21,138,8
2023-07-03,STR002,SKU0005,114,5,True,False,0,0,90,False,0.0,6.12,150,7
2023-07-04,STR001,SKU0001,94,36,True,False,0,4,120,False,0.0,6.72,99,3
2023-07-04,STR001,SKU0002,179,33,True,False,0,3,165,False,0.0,4.28,219,4
2023-07-04,STR001,SKU0003,111,0,True,True,0,0,86,False,0.0,3.74,79,2
2023-07-04,STR001,SKU0004,158,4,True,False,0,0,158,False,0.0,12.15,171,8
2023-07-04,STR001,SKU0005,173,0,True,True,0,0,163,False,0.0,9.13,184,7
2023-07-04,STR002,SKU0001,131,2,True,False,0,10,110,False,0.0,7.0,81,3
2023-07-04,STR002,SKU0002,210,98,True,False,1,17,269,False,0.0,9.28,178,4
2023-07-04,STR002,SKU0003,92,67,True,False,0,0,149,False,0.0,11.85,64,2
2023-07-04,STR002,SKU0004,129,2,True,False,0,0,120,False,0.0,20.49,138,8
2023-07-04,STR002,SKU0005,90,41,True,False,0,0,122,False,0.0,6.67,150,7
2023-07-05,STR001,SKU0001,120,0,False,False,0,7,93,False,0.0,5.97,99,3
2023-07-05,STR001,SKU0002,165,148,True,False,0,7,276,False,0.0,7.05,219,4
2023-07-05,STR001,SKU0003,86,0,False,False,0,1,76,False,0.0,3.13,79,2
2023-07-05,STR001,SKU0004,158,3,True,False,0,0,151,False,0.0,12.44,171,8
2023-07-05,STR001,SKU0005,163,18,True,False,0,0,157,False,0.0,8.72,184,7
2023-07-05,STR002,SKU0001,110,0,False,False,0,2,103,False,0.0,6.8,81,3
2023-07-05,STR002,SKU0002,269,0,False,False,0,11,240,False,0.0,8.36,178,4
2023-07-05,STR002,SKU0003,149,0,False,False,0,0,135,False,0.0,10.27,64,2
2023-07-05,STR002,SKU0004,120,1,True,False,0,0,114,False,0.0,18.56,138,8
2023-07-05,STR002,SKU0005,122,38,True,False,1,0,153,False,0.0,8.64,150,7
2023-07-06,STR001,SKU0001,93,55,True,False,0,6,131,False,0.0,7.58,99,3
2023-07-06,STR001,SKU0002,276,0,False,False,0,8,233,False,0.0,5.74,219,4
2023-07-06,STR001,SKU0003,76,35,True,True,0,0,89,False,0.0,3.73,79,2
2023-07-06,STR001,SKU0004,151,1,True,False,0,0,149,False,0.0,14.09,171,8
2023-07-06,STR001,SKU0005,157,61,True,False,0,0,196,False,0.0,9.87,184,7
2023-07-06,STR002,SKU0001,103,0,False,False,0,4,79,False,0.0,5.7,81,3
2023-07-06,STR002,SKU0002,240,0,False,False,0,8,204,False,0.0,7.36,178,4
2023-07-06,STR002,SKU0003,135,0,False,False,0,0,128,False,0.0,9.24,64,2
2023-07-06,STR002,SKU0004,114,10,True,False,0,0,122,False,0.0,18.17,138,8
2023-07-06,STR002,SKU0005,153,0,False,False,0,0,137,False,0.0,7.86,150,7
2023-07-07,STR001,SKU0001,131,0,False,False,0,1,115,False,0.0,6.94,99,3
2023-07-07,STR001,SKU0002,233,0,False,False,0,4,204,False,0.0,5.08,219,4
2023-07-07,STR001,SKU0003,89,20,True,False,0,0,92,False,0.0,4.05,79,2
2023-07-07,STR001,SKU0004,149,0,True,True,0,0,115,False,0.0,16.1,171,8
2023-07-07,STR001,SKU0005,196,0,False,False,0,0,175,False,0.0,8.33,184,7
2023-07-07,STR002,SKU0001,79,87,True,False,0,2,156,False,0.0,12.55,81,3
2023-07-07,STR002,SKU0002,204,0,False,False,0,5,172,False,0.0,5.73,178,4
2023-07-07,STR002,SKU0003,128,32,True,False,0,0,148,False,0.0,12.05,64,2
2023-07-07,STR002,SKU0004,122,4,True,False,0,0,118,False,0.0,19.67,138,8
2023-07-07,STR002,SKU0005,137,9,True,False,0,0,129,False,0.0,7.46,150,7
2023-07-08,STR001,SKU0001,115,83,True,False,0,9,184,False,0.0,11.3,99,3
2023-07-08,STR001,SKU0002,204,104,True,False,1,11,249,False,0.0,7.06,219,4
2023-07-08,STR001,SKU0003,92,0,False,False,0,0,79,False,0.0,3.61,79,2
2023-07-08,STR001,SKU0004,115,88,True,False,0,0,201,False,0.0,18.04,171,8
2023-07-08,STR001,SKU0005,175,8,True,False,0,0,169,False,0.0,8.22,184,7
2023-07-08,STR002,SKU0001,156,8,True,False,0,2,157,False,0.0,13.91,81,3
2023-07-08,STR002,SKU0002,172,26,True,False,0,4,177,False,0.0,5.66,178,4
2023-07-08,STR002,SKU0003,148,0,False,False,0,0,132,False,0.0,9.83,64,2
2023-07-08,STR002,SKU0004,118,1,True,False,0,0,107,False,0.0,20.24,138,8
2023-07-08,STR002,SKU0005,129,34,True,False,0,1,145,False,0.0,7.99,150,7
2023-07-09,STR001,SKU0001,184,0,False,False,0,9,156,False,0.0,11.38,99,3
2023-07-09,STR001,SKU0002,249,4,True,False,0,7,186,False,0.0,5.03,219,4
2023-07-09,STR001,SKU0003,79,0,False,False,0,0,64,False,0.0,3.34,79,2
2023-07-09,STR001,SKU0004,201,0,False,False,0,0,162,False,0.0,15.32,171,8
2023-07-09,STR001,SKU0005,169,2,True,False,0,0,157,False,0.0,8.08,184,7
2023-07-09,STR002,SKU0001,157,0,False,False,0,6,142,False,0.0,15.78,81,3
2023-07-09,STR002,SKU0002,177,126,True,False,0,10,252,False,0.0,9.43,178,4
2023-07-09,STR002,SKU0003,132,0,False,False,0,0,117,False,0.0,9.0,64,2
2023-07-09,STR002,SKU0004,107,30,True,False,0,0,106,False,0.0,15.79,138,8
2023-07-09,STR002,SKU0005,145,2,True,False,0,0,137,False,0.0,7.32,150,7
2023-07-10,STR001,SKU0001,156,0,False,False,0,6,141,False,0.0,10.73,99,3
2023-07-10,STR001,SKU0002,186,125,True,False,0,11,252,False,0.0,6.35,219,4
2023-07-10,STR001,SKU0003,64,132,True,False,0,0,185,False,0.0,10.44,79,2
2023-07-10,STR001,SKU0004,162,5,True,False,0,0,158,False,0.0,11.06,171,8
2023-07-10,STR001,SKU0005,157,45,True,False,0,0,190,False,0.0,10.64,184,7
2023-07-10,STR002,SKU0001,142,0,False,False,0,7,129,False,0.0,14.8,81,3
2023-07-10,STR002,SKU0002,252,0,False,False,0,9,196,False,0.0,7.66,178,4
2023-07-10,STR002,SKU0003,117,5,True,False,0,0,110,False,0.0,8.46,64,2
2023-07-10,STR002,SKU0004,106,41,True,False,0,0,140,False,0.0,13.24,138,8
2023-07-10,STR002,SKU0005,137,1,True,False,0,0,128,False,0.0,8.62,150,7
2023-07-11,STR001,SKU0001,141,0,False,False,0,5,114,False,0.0,9.39,99,3
2023-07-11,STR001,SKU0002,252,0,False,False,0,7,207,False,0.0,5.01,219,4
2023-07-11,STR001,SKU0003,185,0,False,False,0,0,171,False,0.0,10.69,79,2
2023-07-11,STR001,SKU0004,158,2,True,False,0,0,138,False,0.0,9.56,171,8
2023-07-11,STR001,SKU0005,190,0,False,False,0,0,180,False,0.0,10.77,184,7
2023-07-11,STR002,SKU0001,129,0,False,False,0,5,117,False,0.0,12.41,81,3
2023-07-11,STR002,SKU0002,196,0,False,False,0,3,179,False,0.0,6.3,178,4
2023-07-11,STR002,SKU0003,110,0,False,False,0,0,102,False,0.0,8.3,64,2
2023-07-11,STR002,SKU0004,140,0,False,False,0,0,131,False,0.0,11.76,138,8
2023-07-11,STR002,SKU0005,128,1,True,False,0,0,113,False,0.0,9.31,150,7
2023-07-12,STR001,SKU0001,114,33,True,False,0,7,125,False,0.0,8.66,99,3
2023-07-12,STR001,SKU0002,207,7,True,False,0,6,173,False,0.0,4.28,219,4
2023-07-12,STR001,SKU0003,171,0,False,False,0,0,151,False,0.0,10.47,79,2
2023-07-12,STR001,SKU0004,138,45,True,False,0,0,162,False,0.0,9.53,171,8
2023-07-12,STR001,SKU0005,180,3,True,False,0,0,168,False,0.0,10.05,184,7
2023-07-12,STR002,SKU0001,117,17,True,False,0,8,119,False,0.0,13.88,81,3
2023-07-12,STR002,SKU0002,179,0,False,False,0,3,160,False,0.0,5.83,178,4
2023-07-12,STR002,SKU0003,102,0,False,False,0,0,81,False,0.0,6.75,64,2
2023-07-12,STR002,SKU0004,131,7,True,False,0,0,116,False,0.0,10.68,138,8
2023-07-12,STR002,SKU0005,113,1,True,False,0,0,105,False,0.0,7.99,150,7
2023-07-13,STR001,SKU0001,125,0,False,False,0,2,105,False,0.0,7.66,99,3
2023-07-13,STR001,SKU0002,173,102,True,False,0,7,255,False,0.0,6.2,219,4
2023-07-13,STR001,SKU0003,151,45,True,False,0,0,180,False,0.0,11.25,79,2
2023-07-13,STR001,SKU0004,162,4,True,False,0,0,149,False,0.0,8.02,171,8
2023-07-13,STR001,SKU0005,168,5,True,False,0,0,139,False,0.0,9.01,184,7
2023-07-13,STR002,SKU0001,119,0,False,False,0,5,95,False,0.0,10.73,81,3
2023-07-13,STR002,SKU0002,160,120,True,False,1,11,243,False,0.0,8.95,178,4
2023-07-13,STR002,SKU0003,81,7,True,False,0,0,81,False,0.0,6.23,64,2
2023-07-13,STR002,SKU0004,116,1,True,False,0,0,95,False,0.0,7.31,138,8
2023-07-13,STR002,SKU0005,105,12,True,False,0,1,100,False,0.0,7.37,150,7
2023-07-14,STR001,SKU0001,105,0,False,False,0,2,95,False,0.0,6.46,99,3
2023-07-14,STR001,SKU0002,255,89,True,False,0,18,285,False,0.0,7.5,219,4
2023-07-14,STR001,SKU0003,180,0,False,False,0,0,162,False,0.0,10.7,79,2
2023-07-14,STR001,SKU0004,149,5,True,False,0,0,136,False,0.0,6.61,171,8
2023-07-14,STR001,SKU0005,139,2,True,False,0,0,134,False,0.0,7.82,184,7
2023-07-14,STR002,SKU0001,95,0,False,False,0,3,48,False,0.0,5.51,81,3
2023-07-14,STR002,SKU0002,243,11,True,False,0,9,223,False,0.0,8.35,178,4
2023-07-14,STR002,SKU0003,81,0,False,False,0,0,69,False,0.0,5.31,64,2
2023-07-14,STR002,SKU0004,95,4,True,False,0,0,93,False,0.0,5.86,138,8
2023-07-14,STR002,SKU0005,100,46,True,False,0,0,134,False,0.0,9.87,150,7
2023-07-15,STR001,SKU0001,95,36,True,False,1,4,113,False,0.0,8.24,99,3
2023-07-15,STR001,SKU0002,285,0,False,False,0,5,258,False,0.0,6.4,219,4
2023-07-15,STR001,SKU0003,162,0,False,False,0,0,151,False,0.0,9.88,79,2
2023-07-15,STR001,SKU0004,136,2,True,False,0,0,114,False,0.0,6.23,171,8
2023-07-15,STR001,SKU0005,134,11,True,False,0,0,110,False,0.0,7.26,184,7
2023-07-15,STR002,SKU0001,48,76,True,False,0,3,106,False,0.0,7.65,81,3
2023-07-15,STR002,SKU0002,223,0,False,False,0,11,198,False,0.0,7.62,178,4
2023-07-15,STR002,SKU0003,69,0,False,False,0,0,55,False,0.0,4.23,64,2
2023-07-15,STR002,SKU0004,93,6,True,False,0,0,85,False,0.0,5.46,138,8
2023-07-15,STR002,SKU0005,134,45,True,False,0,0,167,False,0.0,12.99,150,7
2023-07-16,STR001,SKU0001,113,0,True,True,0,1,100,False,0.0,6.73,99,3
2023-07-16,STR001,SKU0002,258,0,False,False,0,8,207,False,0.0,5.64,219,4
2023-07-16,STR001,SKU0003,151,5,True,False,0,0,141,False,0.0,9.4,79,2
2023-07-16,STR001,SKU0004,114,52,True,False,0,0,157,False,0.0,7.33,171,8
2023-07-16,STR001,SKU0005,110,70,True,False,0,0,151,False,0.0,8.32,184,7
2023-07-16,STR002,SKU0001,106,1,True,False,0,1,75,False,0.0,4.91,81,3
2023-07-16,STR002,SKU0002,198,0,False,False,0,6,174,False,0.0,6.8,178,4
2023-07-16,STR002,SKU0003,55,90,True,False,1,0,133,False,0.0,10.46,64,2
2023-07-16,STR002,SKU0004,85,38,True,False,0,0,118,False,0.0,7.44,138,8
2023-07-16,STR002,SKU0005,167,0,True,True,0,0,122,False,0.0,10.05,150,7
2023-07-17,STR001,SKU0001,100,40,False,False,1,9,118,False,0.0,8.52,99,3
2023-07-17,STR001,SKU0002,207,0,True,True,0,1,171,False,0.0,4.99,219,4
2023-07-17,STR001,SKU0003,141,0,False,False,0,0,121,False,0.0,8.07,79,2
2023-07-17,STR001,SKU0004,157,2,True,False,0,0,153,False,0.0,8.93,171,8
2023-07-17,STR001,SKU0005,151,8,True,False,0,0,139,False,0.0,6.85,184,7
2023-07-17,STR002,SKU0001,75,87,True,False,0,3,137,False,0.0,7.43,81,3
2023-07-17,STR002,SKU0002,174,81,True,False,0,12,201,False,0.0,9.02,178,4
2023-07-17,STR002,SKU0003,133,0,False,False,0,0,123,False,0.0,10.13,64,2
2023-07-17,STR002,SKU0004,118,3,True,False,0,0,121,False,0.0,9.96,138,8
2023-07-17,STR002,SKU0005,122,10,True,False,0,0,106,False,0.0,6.18,150,7
2023-07-18,STR001,SKU0001,118,0,False,False,0,2,102,False,0.0,7.14,99,3
2023-07-18,STR001,SKU0002,171,104,True,False,2,5,235,False,0.0,7.25,219,4
2023-07-18,STR001,SKU0003,121,0,False,False,0,0,111,False,0.0,6.82,79,2
2023-07-18,STR001,SKU0004,153,4,True,False,0,0,141,False,0.0,8.44,171,8
2023-07-18,STR001,SKU0005,139,80,True,False,0,0,200,False,0.0,9.33,184,7
2023-07-18,STR002,SKU0001,137,0,False,False,0,6,123,False,0.0,5.94,81,3
2023-07-18,STR002,SKU0002,201,0,False,False,0,6,174,False,0.0,8.07,178,4
2023-07-18,STR002,SKU0003,123,0,False,False,0,0,106,False,0.0,8.94,64,2
2023-07-18,STR002,SKU0004,121,17,True,False,0,0,132,False,0.0,11.85,138,8
2023-07-18,STR002,SKU0005,106,25,True,False,0,0,118,False,0.0,6.07,150,7
2023-07-19,STR001,SKU0001,102,0,False,False,0,4,92,False,0.0,7.0,99,3
2023-07-19,STR001,SKU0002,235,73,True,False,0,9,277,False,0.0,8.73,219,4
2023-07-19,STR001,SKU0003,111,34,True,False,0,0,124,False,0.0,7.89,79,2
2023-07-19,STR001,SKU0004,141,13,True,False,0,0,147,False,0.0,9.27,171,8
2023-07-19,STR001,SKU0005,200,0,False,False,0,1,184,False,0.0,8.1,184,7
2023-07-19,STR002,SKU0001,123,0,False,False,0,3,118,False,0.0,5.66,81,3
2023-07-19,STR002,SKU0002,174,26,True,False,0,6,178,False,0.0,7.89,178,4
2023-07-19,STR002,SKU0003,106,2,True,False,0,0,95,False,0.0,7.23,64,2
2023-07-19,STR002,SKU0004,132,1,True,False,0,0,128,False,0.0,11.95,138,8
2023-07-19,STR002,SKU0005,118,75,True,False,0,0,177,False,0.0,9.32,150,7
2023-07-20,STR001,SKU0001,92,111,True,False,0,9,180,False,0.0,15.18,99,3
2023-07-20,STR001,SKU0002,277,0,False,False,0,6,247,False,0.0,8.27,219,4
2023-07-20,STR001,SKU0003,124,0,False,False,0,0,113,False,0.0,7.13,79,2
2023-07-20,STR001,SKU0004,147,39,True,False,0,0,169,False,0.0,12.2,171,8
2023-07-20,STR001,SKU0005,184,0,False,False,0,0,172,False,0.0,7.57,184,7
2023-07-20,STR002,SKU0001,118,17,True,False,0,10,117,False,0.0,5.81,81,3
2023-07-20,STR002,SKU0002,178,0,False,False,0,4,127,False,0.0,5.63,178,4
2023-07-20,STR002,SKU0003,95,0,False,False,0,0,82,False,0.0,6.83,64,2
2023-07-20,STR002,SKU0004,128,1,True,False,0,0,115,False,0.0,13.88,138,8
2023-07-20,STR002,SKU0005,177,0,False,False,0,0,163,False,0.0,8.15,150,7
2023-07-21,STR001,SKU0001,180,0,False,False,0,3,152,False,0.0,13.47,99,3
2023-07-21,STR001,SKU0002,247,0,False,False,0,5,214,False,0.0,6.81,219,4
2023-07-21,STR001,SKU0003,113,0,False,False,0,0,98,False,0.0,6.47,79,2
2023-07-21,STR001,SKU0004,169,3,True,False,0,0,149,False,0.0,10.75,171,8
2023-07-21,STR001,SKU0005,172,8,True,False,0,0,163,False,0.0,8.33,184,7
2023-07-21,STR002,SKU0001,117,0,False,False,0,5,97,False,0.0,5.22,81,3
2023-07-21,STR002,SKU0002,127,69,True,False,2,3,147,False,0.0,5.72,178,4
2023-07-21,STR002,SKU0003,82,0,False,False,0,0,67,False,0.0,5.21,64,2
2023-07-21,STR002,SKU0004,115,36,True,False,0,0,140,False,0.0,19.6,138,8
2023-07-21,STR002,SKU0005,163,0,False,False,0,0,141,False,0.0,7.15,150,7
2023-07-22,STR001,SKU0001,152,0,False,False,0,6,135,False,0.0,9.84,99,3
2023-07-22,STR001,SKU0002,214,131,True,False,0,14,300,False,0.0,10.14,219,4
2023-07-22,STR001,SKU0003,98,83,True,False,0,0,157,False,0.0,10.67,79,2
2023-07-22,STR001,SKU0004,149,2,True,False,0,0,135,False,0.0,9.26,171,8
2023-07-22,STR001,SKU0005,163,1,True,False,0,0,149,False,0.0,7.1,184,7
2023-07-22,STR002,SKU0001,97,0,False,False,0,0,58,False,0.0,4.02,81,3
2023-07-22,STR002,SKU0002,147,104,True,False,0,10,197,False,0.0,6.83,178,4
2023-07-22,STR002,SKU0003,67,50,True,False,0,0,110,False,0.0,8.28,64,2
2023-07-22,STR002,SKU0004,140,0,False,False,0,0,116,False,0.0,14.76,138,8
2023-07-22,STR002,SKU0005,141,24,True,False,0,0,146,False,0.0,6.91,150,7
2023-07-23,STR001,SKU0001,135,0,False,False,0,2,125,False,0.0,9.31,99,3
2023-07-23,STR001,SKU0002,300,0,False,False,0,7,267,False,0.0,8.65,219,4
2023-07-23,STR001,SKU0003,157,0,False,False,0,0,148,False,0.0,8.93,79,2
2023-07-23,STR001,SKU0004,135,0,True,False,0,0,79,False,0.0,5.88,171,8
2023-07-23,STR001,SKU0005,149,48,True,False,0,0,172,False,0.0,9.48,184,7
2023-07-23,STR002,SKU0001,58,80,True,False,1,4,130,False,0.0,7.28,81,3
2023-07-23,STR002,SKU0002,197,0,False,False,0,6,169,False,0.0,5.1,178,4
2023-07-23,STR002,SKU0003,110,0,False,False,0,0,91,False,0.0,7.41,64,2
2023-07-23,STR002,SKU0004,116,3,True,False,0,0,86,False,0.0,9.26,138,8
2023-07-23,STR002,SKU0005,146,5,True,False,0,0,136,False,0.0,6.14,150,7
2023-07-24,STR001,SKU0001,125,4,True,False,0,2,97,False,0.0,7.54,99,3
2023-07-24,STR001,SKU0002,267,41,True,False,0,3,278,False,0.0,9.78,219,4
2023-07-24,STR001,SKU0003,148,0,False,False,0,0,129,False,0.0,8.21,79,2
2023-07-24,STR001,SKU0004,79,57,True,False,0,0,121,False,0.0,6.01,171,8
2023-07-24,STR001,SKU0005,172,4,True,False,0,0,163,False,0.0,9.28,184,7
2023-07-24,STR002,SKU0001,130,0,True,False,0,5,114,False,0.0,8.23,81,3
2023-07-24,STR002,SKU0002,169,108,True,False,0,4,246,False,0.0,7.3,178,4
2023-07-24,STR002,SKU0003,91,0,False,False,0,0,86,False,0.0,6.4,64,2
2023-07-24,STR002,SKU0004,86,62,True,False,1,0,134,False,0.0,10.09,138,8
2023-07-24,STR002,SKU0005,136,1,True,False,0,0,125,False,0.0,7.0,150,7
2023-07-25,STR001,SKU0001,97,103,True,False,0,14,174,False,0.0,11.28,99,3
2023-07-25,STR001,SKU0002,278,0,False,False,0,7,246,False,0.0,9.02,219,4
2023-07-25,STR001,SKU0003,129,50,True,False,1,0,160,False,0.0,10.28,79,2
2023-07-25,STR001,SKU0004,121,2,True,False,0,0,109,False,0.0,5.09,171,8
2023-07-25,STR001,SKU0005,163,56,True,False,0,0,197,False,0.0,11.89,184,7
2023-07-25,STR002,SKU0001,114,0,False,False,0,2,105,False,0.0,8.55,81,3
2023-07-25,STR002,SKU0002,246,0,False,False,0,7,185,False,0.0,5.86,178,4
2023-07-25,STR002,SKU0003,86,58,True,False,0,0,134,False,0.0,10.54,64,2
2023-07-25,STR002,SKU0004,134,5,True,False,0,0,134,False,0.0,8.85,138,8
2023-07-25,STR002,SKU0005,125,2,True,False,0,0,123,False,0.0,7.76,150,7
2023-07-26,STR001,SKU0001,174,0,False,False,0,3,166,False,0.0,10.96,99,3
2023-07-26,STR001,SKU0002,246,0,False,False,0,8,198,False,0.0,7.57,219,4
2023-07-26,STR001,SKU0003,160,0,False,False,0,0,145,False,0.0,8.68,79,2
2023-07-26,STR001,SKU0004,109,41,True,False,0,0,143,False,0.0,6.76,171,8
2023-07-26,STR001,SKU0005,197,0,False,False,0,0,187,False,0.0,11.0,184,7
2023-07-26,STR002,SKU0001,105,0,False,False,0,2,87,False,0.0,7.16,81,3
2023-07-26,STR002,SKU0002,185,0,False,False,0,4,165,False,0.0,4.55,178,4
2023-07-26,STR002,SKU0003,134,0,False,False,0,0,124,False,0.0,10.59,64,2
2023-07-26,STR002,SKU0004,134,17,True,False,0,0,143,False,0.0,9.53,138,8
2023-07-26,STR002,SKU0005,123,53,True,False,0,0,165,False,0.0,11.32,150,7
2023-07-27,STR001,SKU0001,166,0,False,False,0,7,140,False,0.0,9.33,99,3
2023-07-27,STR001,SKU0002,198,46,True,False,0,2,227,False,0.0,7.91,219,4
2023-07-27,STR001,SKU0003,145,0,False,False,0,0,125,False,0.0,7.88,79,2
2023-07-27,STR001,SKU0004,143,5,True,False,0,0,142,False,0.0,6.72,171,8
2023-07-27,STR001,SKU0005,187,0,False,False,0,0,166,False,0.0,10.19,184,7
2023-07-27,STR002,SKU0001,87,0,False,False,0,4,69,False,0.0,4.88,81,3
2023-07-27,STR002,SKU0002,165,0,True,True,0,1,141,False,0.0,3.89,178,4
2023-07-27,STR002,SKU0003,124,0,False,False,0,0,107,False,0.0,9.48,64,2
2023-07-27,STR002,SKU0004,143,0,False,False,0,0,133,False,0.0,8.62,138,8
2023-07-27,STR002,SKU0005,165,0,False,False,0,0,143,False,0.0,10.32,150,7
2023-07-28,STR001,SKU0001,140,7,True,False,0,7,121,False,0.0,7.7,99,3
2023-07-28,STR001,SKU0002,227,0,False,False,0,8,195,False,0.0,7.11,219,4
2023-07-28,STR001,SKU0003,125,1,True,False,0,0,99,False,0.0,5.78,79,2
2023-07-28,STR001,SKU0004,142,26,True,False,0,0,152,False,0.0,7.77,171,8
2023-07-28,STR001,SKU0005,166,0,True,False,0,0,151,False,0.0,8.59,184,7
2023-07-28,STR002,SKU0001,69,54,True,False,0,1,110,False,0.0,7.33,81,3
2023-07-28,STR002,SKU0002,141,135,True,False,0,11,251,False,0.0,7.64,178,4
2023-07-28,STR002,SKU0003,107,51,True,False,0,0,139,False,0.0,11.72,64,2
2023-07-28,STR002,SKU0004,133,0,True,False,0,0,122,False,0.0,8.21,138,8
2023-07-28,STR002,SKU0005,143,34,True,False,0,0,164,False,0.0,10.93,150,7
2023-07-29,STR001,SKU0001,121,0,False,False,0,5,108,False,0.0,7.27,99,3
2023-07-29,STR001,SKU0002,195,116,True,False,0,6,263,False,0.0,9.79,219,4
2023-07-29,STR001,SKU0003,99,0,False,False,0,0,84,False,0.0,4.45,79,2
2023-07-29,STR001,SKU0004,152,1,True,False,0,0,145,False,0.0,7.81,171,8
2023-07-29,STR001,SKU0005,151,5,True,False,0,0,121,False,0.0,7.0,184,7
2023-07-29,STR002,SKU0001,110,0,False,False,0,3,101,False,0.0,6.93,81,3
2023-07-29,STR002,SKU0002,251,33,True,False,0,7,256,False,0.0,8.96,178,4
2023-07-29,STR002,SKU0003,139,0,False,False,0,0,126,False,0.0,10.14,64,2
2023-07-29,STR002,SKU0004,122,17,True,False,0,0,131,False,0.0,8.82,138,8
2023-07-29,STR002,SKU0005,164,0,False,False,0,0,149,False,0.0,10.86,150,7
2023-07-30,STR001,SKU0001,108,0,False,False,0,4,69,False,0.0,4.78,99,3
2023-07-30,STR001,SKU0002,263,0,False,False,0,3,225,False,0.0,7.91,219,4
2023-07-30,STR001,SKU0003,84,0,False,False,0,0,78,False,0.0,4.44,79,2
2023-07-30,STR001,SKU0004,145,4,True,False,0,0,147,False,0.0,8.43,171,8
2023-07-30,STR001,SKU0005,121,96,True,False,0,0,203,False,0.0,10.08,184,7
2023-07-30,STR002,SKU0001,101,0,False,False,0,3,85,False,0.0,8.62,81,3
2023-07-30,STR002,SKU0002,256,0,False,False,0,6,233,False,0.0,9.21,178,4
2023-07-30,STR002,SKU0003,126,0,False,False,0,0,105,False,0.0,7.9,64,2
2023-07-30,STR002,SKU0004,131,17,True,False,0,0,129,False,0.0,10.26,138,8
2023-07-30,STR002,SKU0005,149,1,True,False,0,0,134,False,0.0,10.2,150,7
2023-07-31,STR001,SKU0001,69,0,True,True,0,1,54,False,0.0,2.95,99,3
2023-07-31,STR001,SKU0002,225,0,False,False,0,6,178,False,0.0,5.99,219,4
2023-07-31,STR001,SKU0003,78,103,True,False,0,0,165,False,0.0,9.62,79,2
2023-07-31,STR001,SKU0004,147,3,True,False,0,0,144,False,0.0,14.82,171,8
2023-07-31,STR001,SKU0005,203,0,False,False,0,0,162,False,0.0,8.72,184,7
2023-07-31,STR002,SKU0001,85,0,False,False,0,4,66,False,0.0,5.85,81,3
2023-07-31,STR002,SKU0002,233,0,False,False,0,2,193,False,0.0,7.85,178,4
2023-07-31,STR002,SKU0003,105,29,True,False,0,0,127,False,0.0,9.36,64,2
2023-07-31,STR002,SKU0004,129,1,True,False,0,0,109,False,0.0,10.31,138,8
2023-07-31,STR002,SKU0005,134,3,True,False,0,0,127,False,0.0,9.56,150,7
2023-08-01,STR001,SKU0001,54,93,True,False,2,8,125,False,0.0,7.81,99,3
2023-08-01,STR001,SKU0002,178,135,True,False,1,8,284,False,0.0,8.95,219,4
2023-08-01,STR001,SKU0003,165,0,False,False,0,0,148,False,0.0,8.85,79,2
2023-08-01,STR001,SKU0004,144,2,True,False,0,0,134,False,0.0,15.9,171,8
2023-08-01,STR001,SKU0005,162,57,True,False,0,0,192,False,0.0,8.51,184,7
2023-08-01,STR002,SKU0001,66,53,True,False,3,1,97,False,0.0,8.18,81,3
2023-08-01,STR002,SKU0002,193,0,False,False,0,6,153,False,0.0,5.85,178,4
2023-08-01,STR002,SKU0003,127,0,False,False,0,0,106,False,0.0,7.65,64,2
2023-08-01,STR002,SKU0004,109,27,True,False,0,0,132,False,0.0,11.27,138,8
2023-08-01,STR002,SKU0005,127,50,True,False,1,0,167,False,0.0,12.85,150,7
2023-08-02,STR001,SKU0001,125,0,False,False,0,2,102,False,0.0,6.38,99,3
2023-08-02,STR001,SKU0002,284,0,False,False,0,8,246,False,0.0,7.94,219,4
2023-08-02,STR001,SKU0003,148,0,False,False,0,1,138,False,0.0,8.33,79,2
2023-08-02,STR001,SKU0004,134,37,True,False,0,1,161,False,0.0,19.77,171,8
2023-08-02,STR001,SKU0005,192,0,False,False,0,1,179,False,0.0,7.69,184,7
2023-08-02,STR002,SKU0001,97,0,False,False,0,2,75,False,0.0,5.59,81,3
2023-08-02,STR002,SKU0002,153,73,True,False,1,7,194,False,0.0,8.33,178,4
2023-08-02,STR002,SKU0003,106,0,False,False,0,0,83,False,0.0,5.38,64,2
2023-08-02,STR002,SKU0004,132,1,True,False,0,0,124,False,0.0,10.72,138,8
2023-08-02,STR002,SKU0005,167,0,False,False,0,0,152,False,0.0,11.08,150,7
2023-08-03,STR001,SKU0001,102,0,False,False,0,6,94,False,0.0,5.14,99,3
2023-08-03,STR001,SKU0002,246,31,True,False,0,14,221,False,0.0,7.47,219,4
2023-08-03,STR001,SKU0003,138,2,True,False,0,0,127,False,0.0,8.08,79,2
2023-08-03,STR001,SKU0004,161,3,True,False,0,0,151,False,0.0,17.92,171,8
2023-08-03,STR001,SKU0005,179,2,True,False,0,0,160,False,0.0,6.79,184,7
2023-08-03,STR002,SKU0001,75,34,True,False,0,1,92,False,0.0,6.57,81,3
2023-08-03,STR002,SKU0002,194,58,True,False,0,5,234,False,0.0,9.58,178,4
2023-08-03,STR002,SKU0003,83,36,True,False,0,0,106,False,0.0,6.13,64,2
2023-08-03,STR002,SKU0004,124,1,True,False,0,0,122,False,0.0,10.41,138,8
2023-08-03,STR002,SKU0005,152,0,False,False,0,0,144,False,0.0,10.08,150,7
2023-08-04,STR001,SKU0001,94,74,True,False,0,14,134,False,0.0,8.45,99,3
2023-08-04,STR001,SKU0002,221,0,False,False,0,4,174,False,0.0,5.21,219,4
2023-08-04,STR001,SKU0003,127,0,False,False,0,0,107,False,0.0,7.27,79,2
2023-08-04,STR001,SKU0004,151,0,True,False,0,0,137,False,0.0,14.53,171,8
2023-08-04,STR001,SKU0005,160,2,True,False,0,0,152,False,0.0,6.45,184,7
2023-08-04,STR002,SKU0001,92,0,False,False,0,3,62,False,0.0,4.34,81,3
2023-08-04,STR002,SKU0002,234,0,False,False,0,10,197,False,0.0,8.57,178,4
2023-08-04,STR002,SKU0003,106,0,False,False,0,0,100,False,0.0,5.98,64,2
2023-08-04,STR002,SKU0004,122,29,True,False,0,0,145,False,0.0,13.53,138,8
2023-08-04,STR002,SKU0005,144,6,True,False,0,0,141,False,0.0,11.48,150,7
2023-08-05,STR001,SKU0001,134,52,True,False,1,8,160,False,0.0,10.0,99,3
2023-08-05,STR001,SKU0002,174,136,True,False,0,11,258,False,0.0,7.14,219,4
2023-08-05,STR001,SKU0003,107,0,False,False,0,0,96,False,0.0,7.0,79,2
2023-08-05,STR001,SKU0004,137,46,True,False,0,0,150,False,0.0,16.41,171,8
2023-08-05,STR001,SKU0005,152,68,True,False,0,0,204,False,0.0,8.92,184,7
2023-08-05,STR002,SKU0001,62,61,True,False,1,5,97,False,0.0,5.9,81,3
2023-08-05,STR002,SKU0002,197,0,False,False,0,10,173,False,0.0,6.96,178,4
2023-08-05,STR002,SKU0003,100,0,False,False,0,0,86,False,0.0,5.79,64,2
2023-08-05,STR002,SKU0004,145,0,False,False,0,0,138,False,0.0,13.8,138,8
2023-08-05,STR002,SKU0005,141,0,True,False,0,0,102,False,0.0,8.71,150,7
2023-08-06,STR001,SKU0001,160,0,False,False,0,9,147,False,0.0,8.5,99,3
2023-08-06,STR001,SKU0002,258,0,False,False,0,3,198,False,0.0,5.5,219,4
2023-08-06,STR001,SKU0003,96,63,True,False,0,0,133,False,0.0,10.12,79,2
2023-08-06,STR001,SKU0004,150,5,True,False,0,0,137,False,0.0,10.78,171,8
2023-08-06,STR001,SKU0005,204,0,False,False,0,0,193,False,0.0,9.58,184,7
2023-08-06,STR002,SKU0001,97,0,False,False,0,3,61,False,0.0,3.31,81,3
2023-08-06,STR002,SKU0002,173,78,True,False,0,8,200,False,0.0,8.38,178,4
2023-08-06,STR002,SKU0003,86,43,True,False,0,0,117,False,0.0,7.8,64,2
2023-08-06,STR002,SKU0004,138,0,False,False,0,0,129,False,0.0,13.09,138,8
2023-08-06,STR002,SKU0005,102,33,True,False,0,0,88,False,0.0,5.81,150,7
2023-08-07,STR001,SKU0001,147,0,False,False,0,3,122,False,0.0,9.49,99,3
2023-08-07,STR001,SKU0002,198,182,True,False,1,15,297,False,0.0,7.59,219,4
2023-08-07,STR001,SKU0003,133,0,False,False,0,0,119,False,0.0,7.44,79,2
2023-08-07,STR001,SKU0004,137,4,True,False,0,0,134,False,0.0,8.93,171,8
2023-08-07,STR001,SKU0005,193,0,False,False,0,0,173,False,0.0,8.78,184,7
2023-08-07,STR002,SKU0001,61,88,True,False,1,6,115,False,0.0,5.4,81,3
2023-08-07,STR002,SKU0002,200,0,False,False,0,2,161,False,0.0,5.84,178,4
2023-08-07,STR002,SKU0003,117,0,False,False,0,0,102,False,0.0,7.44,64,2
2023-08-07,STR002,SKU0004,129,0,True,True,0,0,121,False,0.0,14.36,138,8
2023-08-07,STR002,SKU0005,88,28,True,False,0,0,86,False,0.0,4.39,150,7
2023-08-08,STR001,SKU0001,122,0,False,False,0,4,99,False,0.0,7.07,99,3
2023-08-08,STR001,SKU0002,297,81,True,False,0,8,340,False,0.0,7.93,219,4
2023-08-08,STR001,SKU0003,119,0,False,False,0,0,111,False,0.0,7.06,79,2
2023-08-08,STR001,SKU0004,134,16,True,False,0,0,137,False,0.0,9.05,171,8
2023-08-08,STR001,SKU0005,173,0,True,True,0,0,125,False,0.0,7.48,184,7
2023-08-08,STR002,SKU0001,115,0,False,False,0,4,106,False,0.0,4.61,81,3
2023-08-08,STR002,SKU0002,161,36,True,False,1,6,178,False,0.0,6.49,178,4
2023-08-08,STR002,SKU0003,102,0,False,False,0,0,86,False,0.0,5.79,64,2
2023-08-08,STR002,SKU0004,121,27,True,False,0,0,132,False,0.0,20.09,138,8
2023-08-08,STR002,SKU0005,86,93,True,False,0,0,170,False,0.0,7.58,150,7
2023-08-09,STR001,SKU0001,99,100,True,False,0,8,186,False,0.0,12.4,99,3
2023-08-09,STR001,SKU0002,340,0,False,False,0,8,298,False,0.0,6.73,219,4
2023-08-09,STR001,SKU0003,111,16,True,False,0,0,113,False,0.0,7.83,79,2
2023-08-09,STR001,SKU0004,137,50,True,False,0,0,161,False,0.0,10.53,171,8
2023-08-09,STR001,SKU0005,125,0,True,True,0,0,106,False,0.0,5.38,184,7
2023-08-09,STR002,SKU0001,106,18,True,False,0,5,102,False,0.0,4.82,81,3
2023-08-09,STR002,SKU0002,178,0,False,False,0,5,140,False,0.0,5.76,178,4
2023-08-09,STR002,SKU0003,86,60,True,False,0,0,128,False,0.0,9.05,64,2
2023-08-09,STR002,SKU0004,132,5,True,False,0,0,106,False,0.0,12.79,138,8
2023-08-09,STR002,SKU0005,170,0,True,True,0,0,161,False,0.0,7.18,150,7
2023-08-10,STR001,SKU0001,186,0,False,False,0,8,172,False,0.0,13.53,99,3
2023-08-10,STR001,SKU0002,298,0,False,False,0,5,267,False,0.0,5.95,219,4
2023-08-10,STR001,SKU0003,113,0,False,False,0,0,100,False,0.0,6.6,79,2
2023-08-10,STR001,SKU0004,161,5,True,False,0,0,163,False,0.0,9.2,171,8
2023-08-10,STR001,SKU0005,106,119,True,False,0,0,201,False,0.0,9.7,184,7
2023-08-10,STR002,SKU0001,102,0,False,False,0,1,84,False,0.0,4.06,81,3
2023-08-10,STR002,SKU0002,140,35,True,False,0,5,157,False,0.0,6.14,178,4
2023-08-10,STR002,SKU0003,128,0,False,False,0,0,123,False,0.0,9.16,64,2
2023-08-10,STR002,SKU0004,106,15,True,False,0,0,112,False,0.0,9.8,138,8
2023-08-10,STR002,SKU0005,161,0,False,False,0,0,152,False,0.0,7.05,150,7
2023-08-11,STR001,SKU0001,172,0,False,False,0,8,147,False,0.0,11.06,99,3
2023-08-11,STR001,SKU0002,267,0,False,False,0,7,247,False,0.0,5.8,219,4
2023-08-11,STR001,SKU0003,100,0,False,False,0,0,94,False,0.0,6.21,79,2
2023-08-11,STR001,SKU0004,163,0,True,False,0,0,150,False,0.0,9.21,171,8
2023-08-11,STR001,SKU0005,201,0,False,False,0,0,179,False,0.0,8.47,184,7
2023-08-11,STR002,SKU0001,84,0,False,False,0,0,48,False,0.0,2.3,81,3
2023-08-11,STR002,SKU0002,157,18,True,False,0,2,159,False,0.0,6.22,178,4
2023-08-11,STR002,SKU0003,123,0,False,False,0,0,98,False,0.0,7.98,64,2
2023-08-11,STR002,SKU0004,112,2,True,False,0,0,102,False,0.0,8.3,138,8
2023-08-11,STR002,SKU0005,152,40,False,False,0,0,174,False,0.0,8.01,150,7
2023-08-12,STR001,SKU0001,147,0,False,False,0,8,125,False,0.0,9.72,99,3
2023-08-12,STR001,SKU0002,247,0,False,False,0,3,202,False,0.0,5.28,219,4
2023-08-12,STR001,SKU0003,94,87,True,False,0,0,162,False,0.0,12.33,79,2
2023-08-12,STR001,SKU0004,150,4,True,False,0,1,130,False,0.0,8.05,171,8
2023-08-12,STR001,SKU0005,179,2,True,False,0,0,158,False,0.0,6.91,184,7
2023-08-12,STR002,SKU0001,48,101,True,False,0,1,120,False,0.0,5.42,81,3
2023-08-12,STR002,SKU0002,159,121,True,False,1,9,226,False,0.0,9.53,178,4
2023-08-12,STR002,SKU0003,98,58,True,False,0,0,141,False,0.0,9.4,64,2
2023-08-12,STR002,SKU0004,102,47,True,False,0,0,123,False,0.0,9.36,138,8
2023-08-12,STR002,SKU0005,174,0,False,False,0,0,158,False,0.0,6.87,150,7
2023-08-13,STR001,SKU0001,125,26,True,False,0,8,129,False,0.0,10.38,99,3
2023-08-13,STR001,SKU0002,202,140,True,False,1,8,296,False,0.0,7.7,219,4
2023-08-13,STR001,SKU0003,162,0,False,False,0,0,151,False,0.0,10.57,79,2
2023-08-13,STR001,SKU0004,130,23,True,False,0,0,125,False,0.0,8.5,171,8
2023-08-13,STR001,SKU0005,158,4,True,False,0,0,141,False,0.0,5.91,184,7
2023-08-13,STR002,SKU0001,120,2,True,False,0,1,106,False,0.0,4.55,81,3
2023-08-13,STR002,SKU0002,226,1,True,False,0,7,179,False,0.0,6.39,178,4
2023-08-13,STR002,SKU0003,141,0,False,False,0,0,122,False,0.0,8.06,64,2
2023-08-13,STR002,SKU0004,123,1,True,False,0,0,107,False,0.0,6.75,138,8
2023-08-13,STR002,SKU0005,158,0,False,False,0,0,142,False,0.0,7.2,150,7
2023-08-14,STR001,SKU0001,129,0,False,False,0,4,109,False,0.0,7.87,99,3
2023-08-14,STR001,SKU0002,296,0,False,False,0,5,242,False,0.0,6.8,219,4
2023-08-14,STR001,SKU0003,151,0,False,False,0,1,129,False,0.0,10.62,79,2
2023-08-14,STR001,SKU0004,125,29,True,False,0,0,147,False,0.0,9.11,171,8
2023-08-14,STR001,SKU0005,141,4,True,False,0,0,127,False,0.0,5.02,184,7
2023-08-14,STR002,SKU0001,106,0,False,False,0,1,81,False,0.0,3.91,81,3
2023-08-14,STR002,SKU0002,179,0,False,False,0,1,161,False,0.0,5.81,178,4
2023-08-14,STR002,SKU0003,122,0,False,False,0,0,117,False,0.0,7.25,64,2
2023-08-14,STR002,SKU0004,107,29,True,False,0,0,123,False,0.0,7.24,138,8
2023-08-14,STR002,SKU0005,142,0,True,True,0,0,129,False,0.0,8.44,150,7
2023-08-15,STR001,SKU0001,109,0,False,False,0,3,77,False,0.0,5.92,99,3
2023-08-15,STR001,SKU0002,242,0,False,False,0,2,178,False,0.0,5.39,219,4
2023-08-15,STR001,SKU0003,129,4,True,False,0,0,118,False,0.0,8.98,79,2
2023-08-15,STR001,SKU0004,147,4,True,False,0,0,138,False,0.0,8.55,171,8
2023-08-15,STR001,SKU0005,127,35,True,False,0,0,142,False,0.0,5.68,184,7
2023-08-15,STR002,SKU0001,81,0,False,False,0,0,62,False,0.0,3.06,81,3
2023-08-15,STR002,SKU0002,161,93,True,False,0,10,222,False,0.0,8.93,178,4
2023-08-15,STR002,SKU0003,117,3,True,False,0,0,100,False,0.0,6.8,64,2
2023-08-15,STR002,SKU0004,123,2,True,False,0,0,101,False,0.0,5.7,138,8
2023-08-15,STR002,SKU0005,129,3,True,False,0,0,122,False,0.0,9.49,150,7
2023-08-16,STR001,SKU0001,77,92,True,False,0,8,159,False,0.0,11.02,99,3
2023-08-16,STR001,SKU0002,178,102,True,False,1,7,239,False,0.0,6.36,219,4
2023-08-16,STR001,SKU0003,118,0,False,False,0,0,108,False,0.0,7.64,79,2
2023-08-16,STR001,SKU0004,138,31,True,False,0,0,144,False,0.0,8.92,171,8
2023-08-16,STR001,SKU0005,142,19,True,False,0,0,140,False,0.0,6.67,184,7
2023-08-16,STR002,SKU0001,62,62,True,False,0,2,98,False,0.0,4.4,81,3
2023-08-16,STR002,SKU0002,222,0,False,False,0,4,195,False,0.0,7.42,178,4
2023-08-16,STR002,SKU0003,100,0,False,False,0,0,83,False,0.0,5.43,64,2
2023-08-16,STR002,SKU0004,101,48,True,False,0,0,133,False,0.0,7.05,138,8
2023-08-16,STR002,SKU0005,122,10,True,False,0,0,114,False,0.0,8.77,150,7
2023-08-17,STR001,SKU0001,159,6,True,False,0,9,132,False,0.0,9.43,99,3
2023-08-17,STR001,SKU0002,239,0,False,False,0,3,204,False,0.0,5.45,219,4
2023-08-17,STR001,SKU0003,108,0,False,False,0,0,86,False,0.0,6.34,79,2
2023-08-17,STR001,SKU0004,144,5,True,False,0,0,139,False,0.0,8.69,171,8
2023-08-17,STR001,SKU0005,140,59,True,False,0,0,177,False,0.0,8.32,184,7
2023-08-17,STR002,SKU0001,98,25,True,False,0,1,111,False,0.0,4.77,81,3
2023-08-17,STR002,SKU0002,195,0,False,False,0,5,187,False,0.0,7.52,178,4
2023-08-17,STR002,SKU0003,83,0,False,False,0,0,69,False,0.0,4.56,64,2
2023-08-17,STR002,SKU0004,133,4,True,False,0,0,118,False,0.0,7.06,138,8
2023-08-17,STR002,SKU0005,114,20,True,False,0,0,115,False,0.0,8.05,150,7
2023-08-18,STR001,SKU0001,132,0,False,False,0,6,82,False,0.0,4.95,99,3
2023-08-18,STR001,SKU0002,204,137,True,False,0,10,214,False,0.0,5.59,219,4
2023-08-18,STR001,SKU0003,86,73,True,False,0,0,138,False,0.0,9.29,79,2
2023-08-18,STR001,SKU0004,139,32,True,False,1,0,148,False,0.0,8.71,171,8
2023-08-18,STR001,SKU0005,177,3,True,False,0,0,155,False,0.0,7.38,184,7
2023-08-18,STR002,SKU0001,111,0,False,False,0,3,86,False,0.0,3.83,81,3
2023-08-18,STR002,SKU0002,187,68,True,False,0,7,218,False,0.0,9.3,178,4
2023-08-18,STR002,SKU0003,69,34,True,False,0,0,87,False,0.0,5.3,64,2
2023-08-18,STR002,SKU0004,118,3,True,False,0,0,92,False,0.0,5.07,138,8
2023-08-18,STR002,SKU0005,115,0,True,True,0,0,104,False,0.0,6.62,150,7
2023-08-19,STR001,SKU0001,82,35,True,False,2,2,111,False,0.0,5.43,99,3
2023-08-19,STR001,SKU0002,214,99,True,False,0,5,253,False,0.0,4.76,219,4
2023-08-19,STR001,SKU0003,138,0,False,False,0,0,123,False,0.0,7.24,79,2
2023-08-19,STR001,SKU0004,148,0,True,False,0,1,142,False,0.0,7.77,171,8
2023-08-19,STR001,SKU0005,155,44,True,False,0,0,177,False,0.0,8.26,184,7
2023-08-19,STR002,SKU0001,86,0,False,False,0,1,75,False,0.0,3.67,81,3
2023-08-19,STR002,SKU0002,218,0,False,False,0,3,158,False,0.0,6.14,178,4
2023-08-19,STR002,SKU0003,87,0,False,False,0,0,70,False,0.0,4.62,64,2
2023-08-19,STR002,SKU0004,92,4,True,False,0,0,68,False,0.0,3.31,138,8
2023-08-19,STR002,SKU0005,104,94,True,False,0,0,178,False,0.0,12.1,150,7
2023-08-20,STR001,SKU0001,111,0,False,False,0,1,77,False,0.0,4.11,99,3
2023-08-20,STR001,SKU0002,253,0,False,False,0,3,116,False,0.0,2.11,219,4
2023-08-20,STR001,SKU0003,123,0,False,False,0,0,104,False,0.0,6.33,79,2
2023-08-20,STR001,SKU0004,142,2,True,False,0,0,135,False,0.0,8.59,171,8
2023-08-20,STR001,SKU0005,177,3,True,False,0,0,161,False,0.0,7.56,184,7
2023-08-20,STR002,SKU0001,75,73,True,False,0,1,141,False,0.0,7.9,81,3
2023-08-20,STR002,SKU0002,158,39,True,False,0,2,144,False,0.0,5.22,178,4
2023-08-20,STR002,SKU0003,70,0,False,False,0,0,51,False,0.0,3.31,64,2
2023-08-20,STR002,SKU0004,68,84,True,False,0,0,143,False,0.0,6.86,138,8
2023-08-20,STR002,SKU0005,178,0,False,False,0,0,158,False,0.0,10.34,150,7
2023-08-21,STR001,SKU0001,77,123,True,False,3,6,181,False,0.0,8.45,99,3
2023-08-21,STR001,SKU0002,116,225,True,False,1,4,246,False,0.0,3.57,219,4
2023-08-21,STR001,SKU0003,104,5,True,False,0,0,99,False,0.0,5.63,79,2
2023-08-21,STR001,SKU0004,135,33,True,False,0,0,157,False,0.0,12.08,171,8
2023-08-21,STR001,SKU0005,161,38,True,False,0,0,178,False,0.0,8.48,184,7
2023-08-21,STR002,SKU0001,141,24,True,False,0,6,149,False,0.0,8.99,81,3
2023-08-21,STR002,SKU0002,144,27,True,False,0,4,146,False,0.0,5.03,178,4
2023-08-21,STR002,SKU0003,51,38,True,False,0,0,75,False,0.0,4.86,64,2
2023-08-21,STR002,SKU0004,143,0,False,False,0,0,127,False,0.0,6.44,138,8
2023-08-21,STR002,SKU0005,158,0,False,False,0,0,146,False,0.0,9.21,150,7
2023-08-22,STR001,SKU0001,181,0,False,False,0,7,143,False,0.0,6.95,99,3
2023-08-22,STR001,SKU0002,246,0,False,False,0,3,218,False,0.0,2.92,219,4
2023-08-22,STR001,SKU0003,99,0,False,False,0,0,85,False,0.0,5.31,79,2
2023-08-22,STR001,SKU0004,157,14,True,False,0,0,160,False,0.0,11.79,171,8
2023-08-22,STR001,SKU0005,178,0,True,False,0,0,161,False,0.0,7.51,184,7
2023-08-22,STR002,SKU0001,149,0,False,False,0,6,142,False,0.0,9.75,81,3
2023-08-22,STR002,SKU0002,146,130,True,False,0,9,245,False,0.0,8.29,178,4
2023-08-22,STR002,SKU0003,75,0,False,False,0,0,60,False,0.0,3.59,64,2
2023-08-22,STR002,SKU0004,127,20,True,False,0,0,141,False,0.0,7.0,138,8
2023-08-22,STR002,SKU0005,146,1,True,False,0,0,143,False,0.0,9.1,150,7
2023-08-23,STR001,SKU0001,143,0,False,False,0,5,116,False,0.0,5.56,99,3
2023-08-23,STR001,SKU0002,218,29,True,False,1,5,205,False,0.0,2.95,219,4
2023-08-23,STR001,SKU0003,85,0,False,False,0,0,75,False,0.0,4.73,79,2
2023-08-23,STR001,SKU0004,160,1,True,False,0,0,146,False,0.0,10.99,171,8
2023-08-23,STR001,SKU0005,161,55,True,False,0,0,190,False,0.0,9.05,184,7
2023-08-23,STR002,SKU0001,142,0,False,False,0,7,123,False,0.0,10.25,81,3
2023-08-23,STR002,SKU0002,245,5,True,False,0,8,198,False,0.0,6.7,178,4
2023-08-23,STR002,SKU0003,60,56,True,False,0,0,111,False,0.0,6.94,64,2
2023-08-23,STR002,SKU0004,141,0,False,False,0,0,135,False,0.0,7.68,138,8
2023-08-23,STR002,SKU0005,143,2,True,False,0,0,137,False,0.0,9.22,150,7
2023-08-24,STR001,SKU0001,116,0,False,False,0,1,89,False,0.0,3.75,99,3
2023-08-24,STR001,SKU0002,205,70,True,False,1,5,221,False,0.0,3.16,219,4
2023-08-24,STR001,SKU0003,75,101,True,False,0,0,166,False,0.0,10.47,79,2
2023-08-24,STR001,SKU0004,146,5,True,False,0,0,139,False,0.0,11.72,171,8
2023-08-24,STR001,SKU0005,190,0,False,False,0,0,172,False,0.0,7.92,184,7
2023-08-24,STR002,SKU0001,123,0,False,False,0,4,119,False,0.0,11.57,81,3
2023-08-24,STR002,SKU0002,198,0,False,False,0,4,158,False,0.0,4.85,178,4
2023-08-24,STR002,SKU0003,111,8,True,False,0,0,92,False,0.0,6.44,64,2
2023-08-24,STR002,SKU0004,135,3,True,False,0,0,129,False,0.0,7.99,138,8
2023-08-24,STR002,SKU0005,137,4,True,False,0,0,123,False,0.0,9.16,150,7
2023-08-25,STR001,SKU0001,89,77,True,False,0,6,142,False,0.0,5.92,99,3
2023-08-25,STR001,SKU0002,221,0,False,False,0,4,149,False,0.0,2.07,219,4
2023-08-25,STR001,SKU0003,166,0,False,False,0,0,154,False,0.0,10.89,79,2
2023-08-25,STR001,SKU0004,139,5,True,False,0,0,137,False,0.0,11.28,171,8
2023-08-25,STR001,SKU0005,172,1,True,False,0,0,166,False,0.0,7.85,184,7
2023-08-25,STR002,SKU0001,119,1,True,False,0,4,112,False,0.0,12.85,81,3
2023-08-25,STR002,SKU0002,158,12,True,False,0,1,139,False,0.0,3.73,178,4
2023-08-25,STR002,SKU0003,92,0,False,False,0,0,79,False,0.0,4.89,64,2
2023-08-25,STR002,SKU0004,129,9,True,False,0,0,132,False,0.0,8.97,138,8
2023-08-25,STR002,SKU0005,123,1,True,False,0,0,108,False,0.0,8.13,150,7
2023-08-26,STR001,SKU0001,142,0,False,False,0,1,115,False,0.0,5.67,99,3
2023-08-26,STR001,SKU0002,149,127,True,False,0,7,192,False,0.0,2.95,219,4
2023-08-26,STR001,SKU0003,154,0,False,False,0,0,137,False,0.0,10.66,79,2
2023-08-26,STR001,SKU0004,137,50,True,False,0,0,169,False,0.0,16.9,171,8
2023-08-26,STR001,SKU0005,166,1,True,False,0,0,121,False,0.0,6.52,184,7
2023-08-26,STR002,SKU0001,112,0,False,False,0,6,92,False,0.0,14.98,81,3
2023-08-26,STR002,SKU0002,139,139,True,False,1,8,240,False,0.0,6.44,178,4
2023-08-26,STR002,SKU0003,79,0,False,False,0,0,65,False,0.0,4.14,64,2
2023-08-26,STR002,SKU0004,132,1,True,False,0,0,118,False,0.0,10.32,138,8
2023-08-26,STR002,SKU0005,108,6,True,False,0,0,106,False,0.0,7.57,150,7
2023-08-27,STR001,SKU0001,115,0,False,False,0,3,98,False,0.0,4.13,99,3
2023-08-27,STR001,SKU0002,192,154,True,False,1,9,305,False,0.0,4.47,219,4
2023-08-27,STR001,SKU0003,137,59,True,False,0,0,175,False,0.0,13.32,79,2
2023-08-27,STR001,SKU0004,169,1,True,False,0,0,153,False,0.0,12.9,171,8
2023-08-27,STR001,SKU0005,121,0,True,True,0,0,84,False,0.0,3.82,184,7
2023-08-27,STR002,SKU0001,92,0,False,False,0,1,88,False,0.0,13.11,81,3
2023-08-27,STR002,SKU0002,240,0,False,False,0,11,215,False,0.0,6.46,178,4
2023-08-27,STR002,SKU0003,65,24,True,False,0,0,63,False,0.0,4.12,64,2
2023-08-27,STR002,SKU0004,118,0,True,False,0,0,105,False,0.0,10.97,138,8
2023-08-27,STR002,SKU0005,106,12,True,False,0,0,105,False,0.0,8.55,150,7
2023-08-28,STR001,SKU0001,98,51,True,False,1,4,133,False,0.0,6.33,99,3
2023-08-28,STR001,SKU0002,305,36,True,False,1,9,281,False,0.0,5.25,219,4
2023-08-28,STR001,SKU0003,175,0,False,False,0,0,161,False,0.0,11.99,79,2
2023-08-28,STR001,SKU0004,153,17,True,False,0,0,163,False,0.0,12.54,171,8
2023-08-28,STR001,SKU0005,84,80,True,False,0,1,146,False,0.0,5.94,184,7
2023-08-28,STR002,SKU0001,88,0,False,False,0,1,75,False,0.0,11.93,81,3
2023-08-28,STR002,SKU0002,215,38,True,False,0,4,192,False,0.0,6.86,178,4
2023-08-28,STR002,SKU0003,63,97,True,False,0,0,132,False,0.0,8.11,64,2
2023-08-28,STR002,SKU0004,105,4,True,False,0,0,94,False,0.0,9.27,138,8
2023-08-28,STR002,SKU0005,105,42,True,False,0,0,120,False,0.0,10.63,150,7
2023-08-29,STR001,SKU0001,133,16,True,False,0,6,128,False,0.0,6.05,99,3
2023-08-29,STR001,SKU0002,281,0,False,False,0,6,252,False,0.0,5.27,219,4
2023-08-29,STR001,SKU0003,161,0,False,False,0,0,151,False,0.0,10.79,79,2
2023-08-29,STR001,SKU0004,163,7,True,False,0,0,160,False,0.0,12.87,171,8
2023-08-29,STR001,SKU0005,146,59,True,False,0,0,182,False,0.0,7.58,184,7
2023-08-29,STR002,SKU0001,75,48,True,False,0,1,105,False,0.0,15.98,81,3
2023-08-29,STR002,SKU0002,192,0,False,False,0,4,160,False,0.0,4.83,178,4
2023-08-29,STR002,SKU0003,132,0,False,False,0,0,115,False,0.0,6.29,64,2
2023-08-29,STR002,SKU0004,94,53,True,False,0,0,134,False,0.0,13.4,138,8
2023-08-29,STR002,SKU0005,120,57,True,False,0,0,160,False,0.0,11.91,150,7
2023-08-30,STR001,SKU0001,128,0,False,False,0,2,113,False,0.0,5.99,99,3
2023-08-30,STR001,SKU0002,252,0,False,False,0,6,211,False,0.0,4.44,219,4
2023-08-30,STR001,SKU0003,151,45,True,False,0,0,179,False,0.0,13.33,79,2
2023-08-30,STR001,SKU0004,160,7,True,False,0,0,154,False,0.0,12.53,171,8
2023-08-30,STR001,SKU0005,182,16,True,False,0,0,167,False,0.0,6.72,184,7
2023-08-30,STR002,SKU0001,105,0,False,False,0,6,84,False,0.0,9.48,81,3
2023-08-30,STR002,SKU0002,160,37,True,False,0,2,148,False,0.0,4.35,178,4
2023-08-30,STR002,SKU0003,115,41,True,False,0,0,145,False,0.0,7.81,64,2
2023-08-30,STR002,SKU0004,134,1,True,False,0,0,120,False,0.0,10.91,138,8
2023-08-30,STR002,SKU0005,160,0,False,False,0,0,101,False,0.0,6.61,150,7
2023-08-31,STR001,SKU0001,113,0,False,False,0,3,106,False,0.0,6.03,99,3
2023-08-31,STR001,SKU0002,211,2,True,False,0,1,169,False,0.0,3.56,219,4
2023-08-31,STR001,SKU0003,179,0,False,False,0,0,160,False,0.0,11.09,79,2
2023-08-31,STR001,SKU0004,154,5,True,False,0,0,143,False,0.0,11.92,171,8
2023-08-31,STR001,SKU0005,167,4,True,False,0,0,163,False,0.0,6.37,184,7
2023-08-31,STR002,SKU0001,84,0,False,False,0,2,44,False,0.0,4.74,81,3
2023-08-31,STR002,SKU0002,148,130,True,False,1,7,230,False,0.0,6.68,178,4
2023-08-31,STR002,SKU0003,145,0,False,False,0,0,139,False,0.0,7.15,64,2
2023-08-31,STR002,SKU0004,120,4,True,False,0,0,103,False,0.0,8.38,138,8
2023-08-31,STR002,SKU0005,101,75,True,False,0,0,153,False,0.0,6.78,150,7
2023-09-01,STR001,SKU0001,106,0,False,False,0,1,85,False,0.0,5.89,99,3
2023-09-01,STR001,SKU0002,169,140,True,False,0,9,248,False,0.0,5.31,219,4
2023-09-01,STR001,SKU0003,160,0,False,False,0,0,146,False,0.0,9.29,79,2
2023-09-01,STR001,SKU0004,143,39,True,False,0,0,173,False,0.0,13.76,171,8
2023-09-01,STR001,SKU0005,163,1,True,False,0,0,154,False,0.0,6.38,184,7
2023-09-01,STR002,SKU0001,44,51,True,False,1,0,90,False,0.0,6.12,81,3
2023-09-01,STR002,SKU0002,230,0,False,False,0,6,205,False,0.0,5.86,178,4
2023-09-01,STR002,SKU0003,139,0,False,False,0,0,118,False,0.0,7.18,64,2
2023-09-01,STR002,SKU0004,103,8,True,False,0,0,62,False,0.0,4.43,138,8
2023-09-01,STR002,SKU0005,153,0,False,False,0,0,83,False,0.0,3.56,150,7
2023-09-02,STR001,SKU0001,85,114,True,False,0,3,165,False,0.0,11.21,99,3
2023-09-02,STR001,SKU0002,248,95,True,False,0,8,269,False,0.0,6.05,219,4
2023-09-02,STR001,SKU0003,146,35,True,False,0,0,160,False,0.0,10.0,79,2
2023-09-02,STR001,SKU0004,173,0,False,False,0,0,160,False,0.0,12.44,171,8
2023-09-02,STR001,SKU0005,154,7,True,False,0,0,149,False,0.0,6.06,184,7
2023-09-02,STR002,SKU0001,90,48,True,False,0,9,119,False,0.0,8.09,81,3
2023-09-02,STR002,SKU0002,205,1,True,False,0,1,166,False,0.0,4.97,178,4
2023-09-02,STR002,SKU0003,118,39,True,False,0,0,131,False,0.0,7.46,64,2
2023-09-02,STR002,SKU0004,62,73,True,False,0,0,132,False,0.0,6.55,138,8
2023-09-02,STR002,SKU0005,83,21,True,False,0,0,58,False,0.0,1.87,150,7
2023-09-03,STR001,SKU0001,165,0,False,False,0,1,120,False,0.0,7.78,99,3
2023-09-03,STR001,SKU0002,269,0,False,False,0,2,179,False,0.0,4.18,219,4
2023-09-03,STR001,SKU0003,160,0,False,False,0,0,144,False,0.0,8.69,79,2
2023-09-03,STR001,SKU0004,160,7,True,False,0,0,161,False,0.0,13.26,171,8
2023-09-03,STR001,SKU0005,149,70,True,False,0,0,193,False,0.0,9.79,184,7
2023-09-03,STR002,SKU0001,119,0,False,False,0,1,112,False,0.0,7.92,81,3
2023-09-03,STR002,SKU0002,166,7,True,False,0,4,143,False,0.0,4.1,178,4
2023-09-03,STR002,SKU0003,131,0,False,False,0,0,115,False,0.0,5.96,64,2
2023-09-03,STR002,SKU0004,132,4,True,False,0,1,98,False,0.0,5.32,138,8
2023-09-03,STR002,SKU0005,58,59,True,False,0,0,52,False,0.0,1.43,150,7
2023-09-04,STR001,SKU0001,120,0,False,False,0,0,73,False,0.0,3.7,99,3
2023-09-04,STR001,SKU0002,179,63,True,False,0,1,102,False,0.0,2.0,219,4
2023-09-04,STR001,SKU0003,144,0,False,False,0,0,121,False,0.0,7.63,79,2
2023-09-04,STR001,SKU0004,161,8,True,False,0,0,152,False,0.0,14.38,171,8
2023-09-04,STR001,SKU0005,193,0,False,False,0,0,184,False,0.0,10.14,184,7
2023-09-04,STR002,SKU0001,112,0,False,False,0,5,103,False,0.0,7.07,81,3
2023-09-04,STR002,SKU0002,143,28,True,False,0,2,135,False,0.0,3.69,178,4
2023-09-04,STR002,SKU0003,115,0,False,False,0,0,102,False,0.0,5.71,64,2
2023-09-04,STR002,SKU0004,98,39,True,False,0,0,126,False,0.0,5.76,138,8
2023-09-04,STR002,SKU0005,52,81,True,False,0,0,111,False,0.0,2.53,150,7
2023-09-05,STR001,SKU0001,73,130,True,False,1,6,139,False,0.0,5.59,99,3
2023-09-05,STR001,SKU0002,102,277,True,False,2,9,341,False,0.0,5.35,219,4
2023-09-05,STR001,SKU0003,121,7,True,False,0,0,114,False,0.0,6.65,79,2
2023-09-05,STR001,SKU0004,152,4,True,False,0,0,152,False,0.0,12.67,171,8
2023-09-05,STR001,SKU0005,184,0,False,False,0,0,165,False,0.0,9.71,184,7
2023-09-05,STR002,SKU0001,103,0,False,False,0,1,98,False,0.0,7.3,81,3
2023-09-05,STR002,SKU0002,135,61,True,False,0,5,173,False,0.0,5.2,178,4
2023-09-05,STR002,SKU0003,102,0,True,True,0,0,94,False,0.0,5.98,64,2
2023-09-05,STR002,SKU0004,126,1,True,False,0,0,115,False,0.0,5.4,138,8
2023-09-05,STR002,SKU0005,111,49,True,False,1,0,144,False,0.0,3.34,150,7
2023-09-06,STR001,SKU0001,139,10,True,False,1,5,131,False,0.0,4.25,99,3
2023-09-06,STR001,SKU0002,341,0,False,False,0,7,289,False,0.0,4.5,219,4
2023-09-06,STR001,SKU0003,114,0,False,False,0,0,75,False,0.0,4.23,79,2
2023-09-06,STR001,SKU0004,152,5,True,False,0,0,155,False,0.0,13.91,171,8
2023-09-06,STR001,SKU0005,165,0,True,True,0,0,136,False,0.0,8.28,184,7
2023-09-06,STR002,SKU0001,98,64,True,False,0,7,148,False,0.0,12.79,81,3
2023-09-06,STR002,SKU0002,173,25,True,False,0,2,164,False,0.0,5.15,178,4
2023-09-06,STR002,SKU0003,94,36,False,False,0,0,118,False,0.0,8.18,64,2
2023-09-06,STR002,SKU0004,115,8,True,False,0,0,112,False,0.0,5.3,138,8
2023-09-06,STR002,SKU0005,144,1,True,False,0,0,132,False,0.0,3.08,150,7
2023-09-07,STR001,SKU0001,131,0,False,False,0,4,105,False,0.0,3.42,99,3
2023-09-07,STR001,SKU0002,289,54,True,False,1,10,260,False,0.0,3.96,219,4
2023-09-07,STR001,SKU0003,75,106,True,False,0,0,139,False,0.0,6.66,79,2
2023-09-07,STR001,SKU0004,155,32,True,False,0,0,181,False,0.0,18.91,171,8
2023-09-07,STR001,SKU0005,136,8,True,False,0,0,116,False,0.0,7.19,184,7
2023-09-07,STR002,SKU0001,148,0,False,False,0,7,139,False,0.0,13.33,81,3
2023-09-07,STR002,SKU0002,164,59,True,False,0,6,183,False,0.0,6.16,178,4
2023-09-07,STR002,SKU0003,118,36,False,False,0,0,139,False,0.0,9.54,64,2
2023-09-07,STR002,SKU0004,112,27,True,False,0,0,119,False,0.0,5.78,138,8
2023-09-07,STR002,SKU0005,132,28,True,False,0,0,151,False,0.0,4.16,150,7
2023-09-08,STR001,SKU0001,105,0,False,False,0,4,90,False,0.0,2.7,99,3
2023-09-08,STR001,SKU0002,260,0,False,False,0,4,219,False,0.0,3.13,219,4
2023-09-08,STR001,SKU0003,139,1,True,False,0,0,71,False,0.0,2.94,79,2
2023-09-08,STR001,SKU0004,181,0,False,False,0,0,177,False,0.0,21.74,171,8
2023-09-08,STR001,SKU0005,116,133,True,False,0,0,232,False,0.0,12.21,184,7
2023-09-08,STR002,SKU0001,139,0,False,False,0,9,116,False,0.0,21.95,81,3
2023-09-08,STR002,SKU0002,183,0,False,False,0,2,147,False,0.0,5.09,178,4
2023-09-08,STR002,SKU0003,139,40,True,False,0,0,172,False,0.0,10.85,64,2
2023-09-08,STR002,SKU0004,119,2,True,False,0,0,94,False,0.0,4.6,138,8
2023-09-08,STR002,SKU0005,151,0,False,False,0,0,137,False,0.0,4.0,150,7
2023-09-09,STR001,SKU0001,90,61,True,False,0,2,126,False,0.0,3.94,99,3
2023-09-09,STR001,SKU0002,219,0,False,False,0,0,179,False,0.0,2.64,219,4
2023-09-09,STR001,SKU0003,71,75,True,False,0,0,91,False,0.0,2.84,79,2
2023-09-09,STR001,SKU0004,177,0,False,False,0,0,156,False,0.0,21.0,171,8
2023-09-09,STR001,SKU0005,232,29,False,False,0,0,251,False,0.0,12.55,184,7
2023-09-09,STR002,SKU0001,116,0,False,False,0,1,107,False,0.0,15.94,81,3
2023-09-09,STR002,SKU0002,147,50,True,False,0,8,149,False,0.0,4.81,178,4
2023-09-09,STR002,SKU0003,172,0,False,False,0,0,164,False,0.0,11.84,64,2
2023-09-09,STR002,SKU0004,94,28,True,False,0,0,91,False,0.0,5.26,138,8
2023-09-09,STR002,SKU0005,137,2,True,False,0,0,121,False,0.0,4.6,150,7
2023-09-10,STR001,SKU0001,126,42,True,False,1,1,156,False,0.0,5.06,99,3
2023-09-10,STR001,SKU0002,179,130,True,False,1,4,241,False,0.0,3.77,219,4
2023-09-10,STR001,SKU0003,91,0,False,False,0,0,23,False,0.0,0.62,79,2
2023-09-10,STR001,SKU0004,156,5,True,False,0,0,147,False,0.0,17.15,171,8
2023-09-10,STR001,SKU0005,251,3,True,False,0,0,243,False,0.0,12.33,184,7
2023-09-10,STR002,SKU0001,107,41,True,False,0,3,141,False,0.0,21.93,81,3
2023-09-10,STR002,SKU0002,149,0,True,True,0,4,107,False,0.0,3.44,178,4
2023-09-10,STR002,SKU0003,164,0,False,False,0,0,155,False,0.0,13.73,64,2
2023-09-10,STR002,SKU0004,91,44,True,False,1,0,88,False,0.0,4.13,138,8
2023-09-10,STR002,SKU0005,121,42,True,False,1,0,146,False,0.0,6.55,150,7
2023-09-11,STR001,SKU0001,156,0,False,False,0,6,142,False,0.0,5.46,99,3
2023-09-11,STR001,SKU0002,241,0,False,False,0,3,138,False,0.0,2.28,219,4
2023-09-11,STR001,SKU0003,23,90,True,False,0,0,73,False,0.0,1.65,79,2
2023-09-11,STR001,SKU0004,147,19,True,False,0,0,144,False,0.0,14.82,171,8
2023-09-11,STR001,SKU0005,243,0,False,False,0,0,232,False,0.0,13.2,184,7
2023-09-11,STR002,SKU0001,141,0,False,False,0,7,122,False,0.0,19.86,81,3
2023-09-11,STR002,SKU0002,107,91,True,False,0,1,170,False,0.0,5.17,178,4
2023-09-11,STR002,SKU0003,155,4,True,False,0,0,150,False,0.0,14.58,64,2
2023-09-11,STR002,SKU0004,88,0,True,True,0,0,61,False,0.0,2.7,138,8
2023-09-11,STR002,SKU0005,146,4,True,False,0,0,130,False,0.0,8.5,150,7
2023-09-12,STR001,SKU0001,142,0,False,False,0,4,99,False,0.0,4.85,99,3
2023-09-12,STR001,SKU0002,138,71,True,False,0,7,172,False,0.0,3.14,219,4
2023-09-12,STR001,SKU0003,73,125,True,False,0,0,151,False,0.0,3.23,79,2
2023-09-12,STR001,SKU0004,144,1,True,False,0,0,131,False,0.0,12.56,171,8
2023-09-12,STR001,SKU0005,232,0,False,False,0,0,214,False,0.0,11.98,184,7
2023-09-12,STR002,SKU0001,122,0,False,False,0,3,115,False,0.0,15.78,81,3
2023-09-12,STR002,SKU0002,170,58,True,False,1,8,192,False,0.0,6.03,178,4
2023-09-12,STR002,SKU0003,150,0,False,False,0,0,147,False,0.0,15.13,64,2
2023-09-12,STR002,SKU0004,61,74,True,False,0,0,121,False,0.0,4.87,138,8
2023-09-12,STR002,SKU0005,130,48,True,False,0,0,172,False,0.0,11.47,150,7
2023-09-13,STR001,SKU0001,99,0,False,False,0,4,75,False,0.0,4.2,99,3
2023-09-13,STR001,SKU0002,172,208,True,False,3,19,311,False,0.0,5.63,219,4
2023-09-13,STR001,SKU0003,151,0,False,False,0,0,96,False,0.0,1.87,79,2
2023-09-13,STR001,SKU0004,131,1,True,False,0,0,125,False,0.0,10.54,171,8
2023-09-13,STR001,SKU0005,214,0,False,False,0,0,184,False,0.0,10.39,184,7
2023-09-13,STR002,SKU0001,115,0,False,False,0,3,100,False,0.0,13.73,81,3
2023-09-13,STR002,SKU0002,192,0,False,False,0,3,157,False,0.0,4.74,178,4
2023-09-13,STR002,SKU0003,147,0,False,False,0,0,131,False,0.0,14.56,64,2
2023-09-13,STR002,SKU0004,121,29,True,False,0,0,86,False,0.0,3.42,138,8
2023-09-13,STR002,SKU0005,172,0,False,False,0,0,166,False,0.0,12.1,150,7
2023-09-14,STR001,SKU0001,75,108,True,False,1,15,144,False,0.0,7.58,99,3
2023-09-14,STR001,SKU0002,311,0,False,False,0,6,252,False,0.0,4.53,219,4
2023-09-14,STR001,SKU0003,96,12,True,False,0,0,54,False,0.0,1.01,79,2
2023-09-14,STR001,SKU0004,125,46,True,False,0,0,167,False,0.0,13.28,171,8
2023-09-14,STR001,SKU0005,184,0,False,False,0,0,155,False,0.0,8.68,184,7
2023-09-14,STR002,SKU0001,100,21,True,False,0,1,93,False,0.0,11.62,81,3
2023-09-14,STR002,SKU0002,157,120,True,False,1,11,254,False,0.0,7.66,178,4
2023-09-14,STR002,SKU0003,131,3,True,False,0,0,117,False,0.0,12.22,64,2
2023-09-14,STR002,SKU0004,86,39,True,False,0,0,101,False,0.0,3.09,138,8
2023-09-14,STR002,SKU0005,166,0,False,False,0,1,155,False,0.0,12.19,150,7
2023-09-15,STR001,SKU0001,144,0,False,False,0,5,135,False,0.0,7.05,99,3
2023-09-15,STR001,SKU0002,252,0,False,False,0,7,197,False,0.0,3.73,219,4
2023-09-15,STR001,SKU0003,54,92,True,False,0,0,70,False,0.0,1.26,79,2
2023-09-15,STR001,SKU0004,167,0,True,True,0,0,155,False,0.0,12.62,171,8
2023-09-15,STR001,SKU0005,155,6,True,False,0,0,135,False,0.0,7.5,184,7
2023-09-15,STR002,SKU0001,93,0,False,False,0,2,79,False,0.0,6.83,81,3
2023-09-15,STR002,SKU0002,254,0,False,False,0,13,221,False,0.0,7.4,178,4
2023-09-15,STR002,SKU0003,117,0,False,False,0,0,106,False,0.0,10.75,64,2
2023-09-15,STR002,SKU0004,101,8,True,False,0,0,95,False,0.0,2.85,138,8
2023-09-15,STR002,SKU0005,155,0,False,False,0,0,145,False,0.0,11.28,150,7
2023-09-16,STR001,SKU0001,135,0,False,False,0,3,112,False,0.0,6.17,99,3
2023-09-16,STR001,SKU0002,197,144,True,False,1,7,269,False,0.0,4.94,219,4
2023-09-16,STR001,SKU0003,70,74,True,False,0,0,62,False,0.0,1.1,79,2
2023-09-16,STR001,SKU0004,155,21,True,False,0,0,141,False,0.0,10.5,171,8
2023-09-16,STR001,SKU0005,135,46,True,False,0,0,165,False,0.0,8.56,184,7
2023-09-16,STR002,SKU0001,79,56,True,False,0,2,122,False,0.0,10.81,81,3
2023-09-16,STR002,SKU0002,221,0,False,False,0,4,201,False,0.0,7.22,178,4
2023-09-16,STR002,SKU0003,106,0,False,False,0,0,94,False,0.0,9.01,64,2
2023-09-16,STR002,SKU0004,95,30,True,False,0,0,111,False,0.0,3.53,138,8
2023-09-16,STR002,SKU0005,145,5,True,False,0,0,127,False,0.0,10.34,150,7
2023-09-17,STR001,SKU0001,112,0,False,False,0,2,96,False,0.0,5.42,99,3
2023-09-17,STR001,SKU0002,269,4,True,False,0,8,207,False,0.0,3.58,219,4
2023-09-17,STR001,SKU0003,62,46,True,False,0,0,69,False,0.0,1.14,79,2
2023-09-17,STR001,SKU0004,141,14,True,False,0,0,144,False,0.0,9.33,171,8
2023-09-17,STR001,SKU0005,165,17,True,False,0,0,161,False,0.0,7.99,184,7
2023-09-17,STR002,SKU0001,122,0,False,False,0,5,104,False,0.0,8.88,81,3
2023-09-17,STR002,SKU0002,201,27,True,False,1,8,200,False,0.0,8.19,178,4
2023-09-17,STR002,SKU0003,94,3,True,False,0,0,81,False,0.0,7.36,64,2
2023-09-17,STR002,SKU0004,111,1,True,False,0,0,67,False,0.0,2.31,138,8
2023-09-17,STR002,SKU0005,127,21,True,False,0,0,130,False,0.0,10.0,150,7
2023-09-18,STR001,SKU0001,96,53,True,False,0,6,132,False,0.0,7.22,99,3
2023-09-18,STR001,SKU0002,207,68,True,False,2,8,230,False,0.0,4.02,219,4
2023-09-18,STR001,SKU0003,69,57,True,False,0,0,64,False,0.0,1.14,79,2
2023-09-18,STR001,SKU0004,144,39,True,False,0,1,166,False,0.0,11.07,171,8
2023-09-18,STR001,SKU0005,161,21,True,False,0,0,171,False,0.0,7.93,184,7
2023-09-18,STR002,SKU0001,104,16,True,False,1,1,105,False,0.0,8.08,81,3
2023-09-18,STR002,SKU0002,200,0,False,False,0,4,175,False,0.0,8.06,178,4
2023-09-18,STR002,SKU0003,81,0,False,False,0,0,60,False,0.0,5.0,64,2
2023-09-18,STR002,SKU0004,67,16,True,False,0,0,23,False,0.0,0.8,138,8
2023-09-18,STR002,SKU0005,130,1,True,False,0,0,122,False,0.0,9.18,150,7
2023-09-19,STR001,SKU0001,132,0,False,False,0,3,123,False,0.0,6.57,99,3
2023-09-19,STR001,SKU0002,230,0,False,False,0,5,200,False,0.0,4.18,219,4
2023-09-19,STR001,SKU0003,64,64,True,False,0,0,91,False,0.0,1.53,79,2
2023-09-19,STR001,SKU0004,166,21,True,False,0,0,172,False,0.0,12.16,171,8
2023-09-19,STR001,SKU0005,171,4,True,False,0,1,164,False,0.0,7.6,184,7
2023-09-19,STR002,SKU0001,105,0,False,False,0,2,87,False,0.0,6.62,81,3
2023-09-19,STR002,SKU0002,175,25,True,False,0,11,152,False,0.0,7.29,178,4
2023-09-19,STR002,SKU0003,60,74,True,False,0,0,119,False,0.0,8.68,64,2
2023-09-19,STR002,SKU0004,23,73,True,False,0,0,75,False,0.0,2.23,138,8
2023-09-19,STR002,SKU0005,122,0,True,False,0,0,115,False,0.0,9.82,150,7
2023-09-20,STR001,SKU0001,123,0,False,False,0,4,114,False,0.0,8.14,99,3
2023-09-20,STR001,SKU0002,200,78,True,False,0,5,252,False,0.0,5.35,219,4
2023-09-20,STR001,SKU0003,91,102,True,False,1,0,171,False,0.0,2.96,79,2
2023-09-20,STR001,SKU0004,172,0,False,False,0,0,134,False,0.0,9.38,171,8
2023-09-20,STR001,SKU0005,164,57,True,False,0,0,180,False,0.0,8.81,184,7
2023-09-20,STR002,SKU0001,87,0,False,False,0,1,82,False,0.0,5.52,81,3
2023-09-20,STR002,SKU0002,152,71,True,False,1,3,195,False,0.0,8.75,178,4
2023-09-20,STR002,SKU0003,119,1,True,False,0,0,106,False,0.0,6.87,64,2
2023-09-20,STR002,SKU0004,75,25,True,False,0,0,66,False,0.0,1.91,138,8
2023-09-20,STR002,SKU0005,115,1,True,False,0,0,97,False,0.0,8.18,150,7
2023-09-21,STR001,SKU0001,114,0,False,False,0,6,91,False,0.0,7.67,99,3
2023-09-21,STR001,SKU0002,252,0,False,False,0,6,225,False,0.0,5.18,219,4
2023-09-21,STR001,SKU0003,171,0,False,False,0,0,157,False,0.0,2.96,79,2
2023-09-21,STR001,SKU0004,134,18,True,False,0,0,140,False,0.0,7.48,171,8
2023-09-21,STR001,SKU0005,180,4,True,False,0,0,169,False,0.0,7.68,184,7
2023-09-21,STR002,SKU0001,82,0,False,False,0,1,67,False,0.0,4.89,81,3
2023-09-21,STR002,SKU0002,195,0,False,False,0,1,164,False,0.0,7.76,178,4
2023-09-21,STR002,SKU0003,106,0,False,False,0,0,91,False,0.0,6.01,64,2
2023-09-21,STR002,SKU0004,66,0,True,True,0,0,26,False,0.0,0.86,138,8
2023-09-21,STR002,SKU0005,97,52,True,False,0,0,117,False,0.0,8.53,150,7
2023-09-22,STR001,SKU0001,91,39,True,False,0,2,104,False,0.0,9.45,99,3
2023-09-22,STR001,SKU0002,225,88,True,False,2,5,252,False,0.0,6.49,219,4
2023-09-22,STR001,SKU0003,157,0,False,False,0,0,141,False,0.0,2.98,79,2
2023-09-22,STR001,SKU0004,140,10,True,False,0,0,137,False,0.0,6.9,171,8
2023-09-22,STR001,SKU0005,169,2,True,False,0,0,153,False,0.0,7.65,184,7
2023-09-22,STR002,SKU0001,67,57,True,False,1,3,116,False,0.0,9.78,81,3
2023-09-22,STR002,SKU0002,164,112,True,False,2,8,250,False,0.0,10.48,178,4
2023-09-22,STR002,SKU0003,91,0,False,False,0,0,81,False,0.0,5.45,64,2
2023-09-22,STR002,SKU0004,26,97,True,False,0,0,107,False,0.0,3.29,138,8
2023-09-22,STR002,SKU0005,117,43,True,False,1,0,147,False,0.0,8.72,150,7
2023-09-23,STR001,SKU0001,104,0,False,False,0,3,83,False,0.0,5.99,99,3
2023-09-23,STR001,SKU0002,252,0,False,False,0,5,184,False,0.0,4.63,219,4
2023-09-23,STR001,SKU0003,141,52,True,False,0,0,171,False,0.0,4.42,79,2
2023-09-23,STR001,SKU0004,137,1,True,False,0,0,125,False,0.0,6.25,171,8
2023-09-23,STR001,SKU0005,153,2,True,False,0,0,136,False,0.0,7.21,184,7
2023-09-23,STR002,SKU0001,116,0,False,False,0,3,96,False,0.0,8.96,81,3
2023-09-23,STR002,SKU0002,250,0,False,False,0,7,231,False,0.0,9.92,178,4
2023-09-23,STR002,SKU0003,81,49,True,False,0,0,125,False,0.0,8.5,64,2
2023-09-23,STR002,SKU0004,107,5,True,False,0,0,96,False,0.0,2.92,138,8
2023-09-23,STR002,SKU0005,147,1,True,False,0,0,131,False,0.0,7.64,150,7
2023-09-24,STR001,SKU0001,83,68,True,False,1,8,134,False,0.0,9.87,99,3
2023-09-24,STR001,SKU0002,184,96,True,False,1,5,254,False,0.0,6.42,219,4
2023-09-24,STR001,SKU0003,171,0,False,False,0,0,140,False,0.0,4.64,79,2
2023-09-24,STR001,SKU0004,125,42,True,False,0,0,161,False,0.0,9.55,171,8
2023-09-24,STR001,SKU0005,136,6,True,False,0,0,117,False,0.0,6.07,184,7
2023-09-24,STR002,SKU0001,96,0,False,False,0,4,91,False,0.0,7.86,81,3
2023-09-24,STR002,SKU0002,231,0,False,False,0,9,193,False,0.0,8.5,178,4
2023-09-24,STR002,SKU0003,125,0,False,False,0,0,99,False,0.0,7.22,64,2
2023-09-24,STR002,SKU0004,96,2,True,False,0,0,80,False,0.0,2.41,138,8
2023-09-24,STR002,SKU0005,131,1,True,False,0,0,117,False,0.0,7.18,150,7
2023-09-25,STR001,SKU0001,134,0,False,False,0,2,115,False,0.0,9.04,99,3
2023-09-25,STR001,SKU0002,254,0,False,False,0,4,224,False,0.0,6.56,219,4
2023-09-25,STR001,SKU0003,140,0,False,False,0,0,128,False,0.0,4.41,79,2
2023-09-25,STR001,SKU0004,161,5,True,False,0,0,154,False,0.0,9.54,171,8
2023-09-25,STR001,SKU0005,117,64,True,False,0,0,157,False,0.0,7.91,184,7
2023-09-25,STR002,SKU0001,91,0,False,False,0,5,80,False,0.0,8.12,81,3
2023-09-25,STR002,SKU0002,193,0,False,False,0,6,134,False,0.0,5.55,178,4
2023-09-25,STR002,SKU0003,99,0,False,False,0,0,90,False,0.0,5.94,64,2
2023-09-25,STR002,SKU0004,80,54,True,False,0,0,125,False,0.0,4.27,138,8
2023-09-25,STR002,SKU0005,117,15,True,False,0,0,119,False,0.0,7.5,150,7
2023-09-26,STR001,SKU0001,115,87,True,False,0,6,191,False,0.0,14.07,99,3
2023-09-26,STR001,SKU0002,224,0,False,False,0,4,208,False,0.0,6.33,219,4
2023-09-26,STR001,SKU0003,128,66,True,False,0,0,174,False,0.0,7.96,79,2
2023-09-26,STR001,SKU0004,154,1,True,False,0,0,146,False,0.0,9.38,171,8
2023-09-26,STR001,SKU0005,157,59,True,False,0,0,193,False,0.0,8.89,184,7
2023-09-26,STR002,SKU0001,80,58,True,False,2,5,125,False,0.0,14.11,81,3
2023-09-26,STR002,SKU0002,134,118,True,False,0,8,217,False,0.0,7.56,178,4
2023-09-26,STR002,SKU0003,90,53,True,False,0,0,132,False,0.0,9.83,64,2
2023-09-26,STR002,SKU0004,125,13,True,False,0,0,130,False,0.0,5.91,138,8
2023-09-26,STR002,SKU0005,119,1,True,False,0,0,107,False,0.0,6.51,150,7
2023-09-27,STR001,SKU0001,191,0,False,False,0,13,164,False,0.0,12.21,99,3
2023-09-27,STR001,SKU0002,208,133,True,False,0,10,315,False,0.0,10.16,219,4
2023-09-27,STR001,SKU0003,174,0,False,False,0,0,143,False,0.0,7.36,79,2
2023-09-27,STR001,SKU0004,146,0,True,False,0,0,122,False,0.0,8.29,171,8
2023-09-27,STR001,SKU0005,193,0,False,False,0,0,175,False,0.0,7.42,184,7
2023-09-27,STR002,SKU0001,125,0,False,False,0,4,109,False,0.0,14.67,81,3
2023-09-27,STR002,SKU0002,217,87,True,False,0,11,272,False,0.0,9.97,178,4
2023-09-27,STR002,SKU0003,132,0,False,False,0,0,117,False,0.0,9.1,64,2
2023-09-27,STR002,SKU0004,130,3,True,False,0,0,118,False,0.0,5.86,138,8
2023-09-27,STR002,SKU0005,107,41,True,False,1,0,136,False,0.0,7.87,150,7
2023-09-28,STR001,SKU0001,164,0,False,False,0,4,143,False,0.0,9.72,99,3
2023-09-28,STR001,SKU0002,315,0,False,False,0,9,257,False,0.0,8.49,219,4
2023-09-28,STR001,SKU0003,143,0,False,False,0,0,134,False,0.0,6.42,79,2
2023-09-28,STR001,SKU0004,122,31,True,False,0,0,142,False,0.0,11.17,171,8
2023-09-28,STR001,SKU0005,175,46,True,False,0,0,173,False,0.0,8.53,184,7
2023-09-28,STR002,SKU0001,109,0,False,False,0,6,86,False,0.0,10.03,81,3
2023-09-28,STR002,SKU0002,272,0,False,False,0,7,239,False,0.0,8.9,178,4
2023-09-28,STR002,SKU0003,117,0,False,False,0,0,104,False,0.0,8.0,64,2
2023-09-28,STR002,SKU0004,118,2,True,False,0,0,107,False,0.0,6.14,138,8
2023-09-28,STR002,SKU0005,136,5,True,False,0,0,125,False,0.0,7.74,150,7
2023-09-29,STR001,SKU0001,143,0,False,False,0,1,137,False,0.0,9.31,99,3
2023-09-29,STR001,SKU0002,257,0,False,False,0,6,223,False,0.0,6.5,219,4
2023-09-29,STR001,SKU0003,134,10,True,False,0,0,131,False,0.0,6.5,79,2
2023-09-29,STR001,SKU0004,142,0,True,True,0,0,117,False,0.0,9.31,171,8
2023-09-29,STR001,SKU0005,173,5,True,False,0,0,156,False,0.0,6.24,184,7
2023-09-29,STR002,SKU0001,86,0,False,False,0,4,80,False,0.0,8.89,81,3
2023-09-29,STR002,SKU0002,239,0,False,False,0,4,204,False,0.0,7.76,178,4
2023-09-29,STR002,SKU0003,104,43,True,False,0,0,124,False,0.0,9.75,64,2
2023-09-29,STR002,SKU0004,107,15,True,False,0,0,109,False,0.0,8.03,138,8
2023-09-29,STR002,SKU0005,125,50,True,False,0,0,166,False,0.0,11.98,150,7
2023-09-30,STR001,SKU0001,137,27,True,False,1,4,153,False,0.0,12.75,99,3
2023-09-30,STR001,SKU0002,223,0,False,False,0,3,169,False,0.0,5.53,219,4
2023-09-30,STR001,SKU0003,131,0,False,False,0,0,114,False,0.0,5.78,79,2
2023-09-30,STR001,SKU0004,117,68,True,False,0,0,179,False,0.0,12.53,171,8
2023-09-30,STR001,SKU0005,156,22,True,False,0,0,141,False,0.0,5.51,184,7
2023-09-30,STR002,SKU0001,80,81,True,False,0,9,143,False,0.0,16.41,81,3
2023-09-30,STR002,SKU0002,204,0,False,False,0,4,182,False,0.0,6.4,178,4
2023-09-30,STR002,SKU0003,124,0,False,False,0,0,112,False,0.0,7.69,64,2
2023-09-30,STR002,SKU0004,109,4,True,False,0,0,105,False,0.0,7.99,138,8
2023-09-30,STR002,SKU0005,166,0,False,False,0,1,147,False,0.0,10.95,150,7
2023-10-01,STR001,SKU0001,153,0,False,False,0,5,142,False,0.0,13.81,99,3
2023-10-01,STR001,SKU0002,169,211,True,False,0,17,308,False,0.0,10.67,219,4
2023-10-01,STR001,SKU0003,114,0,False,False,0,0,94,False,0.0,4.95,79,2
2023-10-01,STR001,SKU0004,179,28,False,False,0,1,180,False,0.0,13.55,171,8
2023-10-01,STR001,SKU0005,141,0,True,True,0,0,56,False,0.0,1.99,184,7
2023-10-01,STR002,SKU0001,143,0,False,False,0,9,124,False,0.0,16.38,81,3
2023-10-01,STR002,SKU0002,182,0,False,False,0,5,146,False,0.0,4.99,178,4
2023-10-01,STR002,SKU0003,112,0,False,False,0,0,97,False,0.0,6.23,64,2
2023-10-01,STR002,SKU0004,105,3,True,False,0,0,97,False,0.0,8.08,138,8
2023-10-01,STR002,SKU0005,147,4,True,False,0,0,124,False,0.0,9.14,150,7
2023-10-02,STR001,SKU0001,142,0,False,False,0,1,129,False,0.0,12.9,99,3
2023-10-02,STR001,SKU0002,308,69,True,False,0,12,327,False,0.0,9.66,219,4
2023-10-02,STR001,SKU0003,94,103,True,False,1,0,179,False,0.0,10.27,79,2
2023-10-02,STR001,SKU0004,180,28,False,False,0,0,194,False,0.0,12.02,171,8
2023-10-02,STR001,SKU0005,56,127,True,False,0,0,168,False,0.0,4.58,184,7
2023-10-02,STR002,SKU0001,124,0,False,False,0,17,107,False,0.0,12.08,81,3
2023-10-02,STR002,SKU0002,146,29,True,False,1,25,149,False,0.0,5.04,178,4
2023-10-02,STR002,SKU0003,97,18,True,False,0,0,115,False,0.0,8.21,64,2
2023-10-02,STR002,SKU0004,97,0,True,True,0,0,97,False,0.0,8.82,138,8
2023-10-02,STR002,SKU0005,124,10,True,False,0,0,134,False,0.0,8.77,150,7
2023-10-03,STR001,SKU0001,129,0,False,False,0,1,78,False,0.0,8.4,99,3
2023-10-03,STR001,SKU0002,327,0,False,False,0,11,291,False,0.0,8.18,219,4
2023-10-03,STR001,SKU0003,179,0,False,False,0,0,148,False,0.0,8.16,79,2
2023-10-03,STR001,SKU0004,194,0,False,False,0,0,189,False,0.0,11.5,171,8
2023-10-03,STR001,SKU0005,168,0,True,True,0,0,151,False,0.0,4.26,184,7
2023-10-03,STR002,SKU0001,107,0,False,False,0,4,91,False,0.0,11.38,81,3
2023-10-03,STR002,SKU0002,149,127,True,False,0,12,245,False,0.0,11.14,178,4
2023-10-03,STR002,SKU0003,115,0,False,False,0,0,106,False,0.0,8.34,64,2
2023-10-03,STR002,SKU0004,97,91,True,False,0,0,173,False,0.0,17.81,138,8
2023-10-03,STR002,SKU0005,134,1,True,False,0,0,118,False,0.0,8.79,150,7
2023-10-04,STR001,SKU0001,78,37,True,False,0,0,67,False,0.0,4.26,99,3
2023-10-04,STR001,SKU0002,291,0,False,False,0,10,267,False,0.0,7.13,219,4
2023-10-04,STR001,SKU0003,148,0,False,False,0,0,125,False,0.0,6.34,79,2
2023-10-04,STR001,SKU0004,189,3,True,False,0,0,180,False,0.0,11.35,171,8
2023-10-04,STR001,SKU0005,151,109,True,False,0,0,234,False,0.0,6.77,184,7
2023-10-04,STR002,SKU0001,91,70,True,False,0,5,147,False,0.0,16.6,81,3
2023-10-04,STR002,SKU0002,245,0,False,False,0,5,227,False,0.0,10.88,178,4
2023-10-04,STR002,SKU0003,106,0,False,False,0,0,97,False,0.0,7.8,64,2
2023-10-04,STR002,SKU0004,173,38,True,False,0,0,204,False,0.0,19.04,138,8
2023-10-04,STR002,SKU0005,118,16,True,False,0,0,124,False,0.0,8.86,150,7
2023-10-05,STR001,SKU0001,67,79,True,False,0,2,108,False,0.0,5.25,99,3
2023-10-05,STR001,SKU0002,267,0,False,False,0,12,228,False,0.0,6.14,219,4
2023-10-05,STR001,SKU0003,125,69,True,False,0,0,182,False,0.0,9.8,79,2
2023-10-05,STR001,SKU0004,180,0,False,False,0,0,173,False,0.0,12.23,171,8
2023-10-05,STR001,SKU0005,234,0,False,False,0,0,222,False,0.0,6.22,184,7
2023-10-05,STR002,SKU0001,147,0,False,False,0,5,127,False,0.0,15.07,81,3
2023-10-05,STR002,SKU0002,227,0,False,False,0,9,186,False,0.0,9.43,178,4
2023-10-05,STR002,SKU0003,97,63,True,False,0,0,149,False,0.0,12.88,64,2
2023-10-05,STR002,SKU0004,204,0,False,False,0,0,186,False,0.0,19.43,138,8
2023-10-05,STR002,SKU0005,124,4,True,False,0,1,115,False,0.0,8.3,150,7
2023-10-06,STR001,SKU0001,108,0,False,False,0,0,99,False,0.0,4.25,99,3
2023-10-06,STR001,SKU0002,228,0,False,False,0,10,157,False,0.0,4.62,219,4
2023-10-06,STR001,SKU0003,182,0,False,False,0,0,159,False,0.0,8.37,79,2
2023-10-06,STR001,SKU0004,173,0,False,False,0,0,153,False,0.0,11.27,171,8
2023-10-06,STR001,SKU0005,222,0,False,False,0,0,205,False,0.0,6.71,184,7
2023-10-06,STR002,SKU0001,127,0,False,False,0,8,105,False,0.0,12.89,81,3
2023-10-06,STR002,SKU0002,186,0,False,False,0,9,142,False,0.0,6.9,178,4
2023-10-06,STR002,SKU0003,149,0,False,False,0,0,128,False,0.0,11.34,64,2
2023-10-06,STR002,SKU0004,186,0,False,False,0,0,181,False,0.0,17.6,138,8
2023-10-06,STR002,SKU0005,115,16,True,False,0,0,123,False,0.0,9.26,150,7
2023-10-07,STR001,SKU0001,99,0,False,False,0,0,87,False,0.0,3.65,99,3
2023-10-07,STR001,SKU0002,157,89,True,False,0,4,212,False,0.0,5.48,219,4
2023-10-07,STR001,SKU0003,159,0,False,False,0,0,139,False,0.0,6.8,79,2
2023-10-07,STR001,SKU0004,153,4,True,False,0,0,149,False,0.0,11.59,171,8
2023-10-07,STR001,SKU0005,205,0,False,False,0,0,195,False,0.0,6.53,184,7
2023-10-07,STR002,SKU0001,105,0,False,False,0,1,101,False,0.0,10.25,81,3
2023-10-07,STR002,SKU0002,142,111,True,False,1,5,216,False,0.0,10.22,178,4
2023-10-07,STR002,SKU0003,128,0,False,False,0,0,107,False,0.0,9.73,64,2
2023-10-07,STR002,SKU0004,181,0,False,False,0,0,168,False,0.0,18.38,138,8
2023-10-07,STR002,SKU0005,123,22,True,False,0,0,122,False,0.0,9.28,150,7
2023-10-08,STR001,SKU0001,87,112,True,False,1,14,164,False,0.0,6.64,99,3
2023-10-08,STR001,SKU0002,212,100,True,False,1,6,264,False,0.0,7.39,219,4
2023-10-08,STR001,SKU0003,139,21,True,False,0,0,145,False,0.0,6.95,79,2
2023-10-08,STR001,SKU0004,149,4,True,False,0,0,146,False,0.0,11.11,171,8
2023-10-08,STR001,SKU0005,195,0,False,False,0,0,181,False,0.0,6.96,184,7
2023-10-08,STR002,SKU0001,101,4,True,False,0,2,97,False,0.0,10.78,81,3
2023-10-08,STR002,SKU0002,216,0,False,False,0,8,185,False,0.0,8.04,178,4
2023-10-08,STR002,SKU0003,107,9,True,False,0,0,100,False,0.0,8.14,64,2
2023-10-08,STR002,SKU0004,168,0,False,False,0,0,155,False,0.0,15.72,138,8
2023-10-08,STR002,SKU0005,122,24,True,False,1,0,114,False,0.0,8.23,150,7
2023-10-09,STR001,SKU0001,164,0,False,False,0,6,146,False,0.0,5.47,99,3
2023-10-09,STR001,SKU0002,264,0,False,False,0,10,209,False,0.0,6.2,219,4
2023-10-09,STR001,SKU0003,145,0,False,False,0,0,133,False,0.0,6.6,79,2
2023-10-09,STR001,SKU0004,146,3,True,False,0,0,137,False,0.0,13.14,171,8
2023-10-09,STR001,SKU0005,181,3,True,False,0,0,171,False,0.0,10.78,184,7
2023-10-09,STR002,SKU0001,97,0,False,False,0,4,89,False,0.0,10.56,81,3
2023-10-09,STR002,SKU0002,185,0,False,False,0,4,160,False,0.0,7.32,178,4
2023-10-09,STR002,SKU0003,100,0,False,False,0,0,81,False,0.0,6.52,64,2
2023-10-09,STR002,SKU0004,155,0,False,False,0,0,138,False,0.0,13.61,138,8
2023-10-09,STR002,SKU0005,114,31,True,False,0,0,139,False,0.0,9.63,150,7
2023-10-10,STR001,SKU0001,146,0,False,False,0,3,114,False,0.0,4.27,99,3
2023-10-10,STR001,SKU0002,209,66,True,False,0,8,236,False,0.0,6.8,219,4
2023-10-10,STR001,SKU0003,133,0,False,False,0,0,119,False,0.0,6.13,79,2
2023-10-10,STR001,SKU0004,137,16,True,False,0,0,130,False,0.0,12.82,171,8
2023-10-10,STR001,SKU0005,171,2,True,False,0,0,161,False,0.0,10.34,184,7
2023-10-10,STR002,SKU0001,89,0,False,False,0,2,83,False,0.0,9.22,81,3
2023-10-10,STR002,SKU0002,160,37,True,False,0,7,165,False,0.0,6.64,178,4
2023-10-10,STR002,SKU0003,81,0,False,False,0,0,78,False,0.0,5.15,64,2
2023-10-10,STR002,SKU0004,138,0,False,False,0,0,121,False,0.0,9.62,138,8
2023-10-10,STR002,SKU0005,139,36,True,False,1,0,158,False,0.0,10.34,150,7
2023-10-11,STR001,SKU0001,114,0,False,False,0,2,84,False,0.0,3.54,99,3
2023-10-11,STR001,SKU0002,236,0,False,False,0,3,223,False,0.0,6.27,219,4
2023-10-11,STR001,SKU0003,119,27,True,False,0,0,122,False,0.0,7.18,79,2
2023-10-11,STR001,SKU0004,130,37,True,False,0,0,146,False,0.0,11.48,171,8
2023-10-11,STR001,SKU0005,161,0,True,True,0,0,143,False,0.0,9.62,184,7
2023-10-11,STR002,SKU0001,83,0,False,False,0,3,74,False,0.0,9.42,81,3
2023-10-11,STR002,SKU0002,165,32,True,False,1,7,162,False,0.0,6.3,178,4
2023-10-11,STR002,SKU0003,78,56,True,False,0,0,120,False,0.0,8.4,64,2
2023-10-11,STR002,SKU0004,121,2,True,False,0,0,112,False,0.0,8.71,138,8
2023-10-11,STR002,SKU0005,158,0,False,False,0,0,142,False,0.0,9.38,150,7
2023-10-12,STR001,SKU0001,84,84,True,False,1,7,154,False,0.0,7.38,99,3
2023-10-12,STR001,SKU0002,223,87,True,False,0,10,263,False,0.0,7.51,219,4
2023-10-12,STR001,SKU0003,122,0,False,False,0,0,105,False,0.0,6.12,79,2
2023-10-12,STR001,SKU0004,146,3,True,False,0,0,118,False,0.0,8.43,171,8
2023-10-12,STR001,SKU0005,143,39,True,False,0,0,160,False,0.0,11.67,184,7
2023-10-12,STR002,SKU0001,74,91,True,False,1,12,125,False,0.0,16.83,81,3
2023-10-12,STR002,SKU0002,162,63,True,False,0,9,173,False,0.0,6.24,178,4
2023-10-12,STR002,SKU0003,120,0,False,False,0,0,114,False,0.0,7.6,64,2
2023-10-12,STR002,SKU0004,112,24,True,False,0,0,125,False,0.0,9.31,138,8
2023-10-12,STR002,SKU0005,142,3,True,False,0,0,135,False,0.0,8.44,150,7
2023-10-13,STR001,SKU0001,154,0,False,False,0,3,147,False,0.0,8.87,99,3
2023-10-13,STR001,SKU0002,263,0,False,False,0,6,232,False,0.0,6.37,219,4
2023-10-13,STR001,SKU0003,105,0,False,False,0,0,90,False,0.0,5.04,79,2
2023-10-13,STR001,SKU0004,118,49,True,False,0,0,136,False,0.0,7.8,171,8
2023-10-13,STR001,SKU0005,160,75,True,False,0,0,222,False,0.0,14.66,184,7
2023-10-13,STR002,SKU0001,125,0,False,False,0,4,116,False,0.0,12.69,81,3
2023-10-13,STR002,SKU0002,173,131,True,False,0,10,252,False,0.0,8.6,178,4
2023-10-13,STR002,SKU0003,114,0,False,False,0,0,104,False,0.0,7.28,64,2
2023-10-13,STR002,SKU0004,125,0,True,False,0,0,118,False,0.0,9.49,138,8
2023-10-13,STR002,SKU0005,135,14,True,False,0,0,136,False,0.0,8.65,150,7
2023-10-14,STR001,SKU0001,147,0,False,False,0,5,135,False,0.0,8.51,99,3
2023-10-14,STR001,SKU0002,232,0,False,False,0,2,199,False,0.0,6.36,219,4
2023-10-14,STR001,SKU0003,90,53,True,False,0,0,124,False,0.0,7.42,79,2
2023-10-14,STR001,SKU0004,136,5,True,False,0,0,113,False,0.0,5.95,171,8
2023-10-14,STR001,SKU0005,222,0,False,False,0,0,200,False,0.0,13.73,184,7
2023-10-14,STR002,SKU0001,116,0,False,False,0,2,100,False,0.0,12.73,81,3
2023-10-14,STR002,SKU0002,252,0,False,False,0,5,216,False,0.0,7.13,178,4
2023-10-14,STR002,SKU0003,104,29,True,False,0,0,112,False,0.0,8.81,64,2
2023-10-14,STR002,SKU0004,118,29,True,False,0,0,141,False,0.0,11.09,138,8
2023-10-14,STR002,SKU0005,136,10,True,False,0,0,130,False,0.0,7.91,150,7
2023-10-15,STR001,SKU0001,135,0,False,False,0,6,123,False,0.0,8.12,99,3
2023-10-15,STR001,SKU0002,199,145,True,False,2,7,304,False,0.0,9.67,219,4
2023-10-15,STR001,SKU0003,124,0,False,False,0,0,110,False,0.0,6.64,79,2
2023-10-15,STR001,SKU0004,113,7,True,False,0,0,95,False,0.0,4.35,171,8
2023-10-15,STR001,SKU0005,200,0,False,False,0,0,177,False,0.0,10.87,184,7
2023-10-15,STR002,SKU0001,100,0,False,False,0,3,92,False,0.0,9.76,81,3
2023-10-15,STR002,SKU0002,216,0,False,False,0,3,178,False,0.0,5.88,178,4
2023-10-15,STR002,SKU0003,112,0,False,False,0,0,100,False,0.0,7.87,64,2
2023-10-15,STR002,SKU0004,141,0,False,False,0,0,135,False,0.0,11.52,138,8
2023-10-15,STR002,SKU0005,130,0,True,False,0,0,116,False,0.0,7.52,150,7
2023-10-16,STR001,SKU0001,123,79,True,False,0,20,162,False,0.0,12.33,99,3
2023-10-16,STR001,SKU0002,304,0,False,False,0,7,274,False,0.0,9.13,219,4
2023-10-16,STR001,SKU0003,110,0,False,False,0,0,92,False,0.0,5.6,79,2
2023-10-16,STR001,SKU0004,95,11,True,False,0,0,96,False,0.0,3.93,171,8
2023-10-16,STR001,SKU0005,177,25,True,False,0,0,171,False,0.0,9.73,184,7
2023-10-16,STR002,SKU0001,92,15,True,False,0,3,99,False,0.0,10.66,81,3
2023-10-16,STR002,SKU0002,178,0,False,False,0,1,139,False,0.0,4.34,178,4
2023-10-16,STR002,SKU0003,100,0,False,False,0,0,73,False,0.0,6.01,64,2
2023-10-16,STR002,SKU0004,135,2,True,False,0,0,108,False,0.0,10.08,138,8
2023-10-16,STR002,SKU0005,116,14,True,False,0,0,106,False,0.0,8.15,150,7
2023-10-17,STR001,SKU0001,162,0,False,False,0,11,118,False,0.0,8.26,99,3
2023-10-17,STR001,SKU0002,274,37,True,False,0,13,237,False,0.0,8.82,219,4
2023-10-17,STR001,SKU0003,92,34,True,False,0,0,110,False,0.0,6.36,79,2
2023-10-17,STR001,SKU0004,96,57,True,False,0,0,143,False,0.0,5.92,171,8
2023-10-17,STR001,SKU0005,171,2,True,False,0,0,163,False,0.0,8.09,184,7
2023-10-17,STR002,SKU0001,99,0,False,False,0,1,96,False,0.0,10.18,81,3
2023-10-17,STR002,SKU0002,139,87,True,False,0,8,183,False,0.0,5.32,178,4
2023-10-17,STR002,SKU0003,73,86,True,False,1,0,149,False,0.0,11.22,64,2
2023-10-17,STR002,SKU0004,108,4,True,False,0,0,108,False,0.0,8.69,138,8
2023-10-17,STR002,SKU0005,106,9,True,False,0,0,101,False,0.0,6.49,150,7
2023-10-18,STR001,SKU0001,118,0,False,False,0,3,107,False,0.0,7.2,99,3
2023-10-18,STR001,SKU0002,237,0,False,False,0,5,197,False,0.0,6.33,219,4
2023-10-18,STR001,SKU0003,110,0,False,False,0,0,96,False,0.0,5.46,79,2
2023-10-18,STR001,SKU0004,143,0,True,False,0,0,123,False,0.0,5.52,171,8
2023-10-18,STR001,SKU0005,163,36,True,False,0,0,186,False,0.0,9.37,184,7
2023-10-18,STR002,SKU0001,96,0,False,False,0,2,87,False,0.0,9.52,81,3
2023-10-18,STR002,SKU0002,183,0,False,False,0,9,119,False,0.0,3.32,178,4
2023-10-18,STR002,SKU0003,149,0,False,False,0,0,137,False,0.0,9.69,64,2
2023-10-18,STR002,SKU0004,108,5,True,False,0,0,109,False,0.0,10.31,138,8
2023-10-18,STR002,SKU0005,101,74,True,False,0,0,163,False,0.0,10.66,150,7
2023-10-19,STR001,SKU0001,107,0,False,False,0,7,95,False,0.0,7.92,99,3
2023-10-19,STR001,SKU0002,197,81,True,False,0,11,228,False,0.0,6.57,219,4
2023-10-19,STR001,SKU0003,96,0,False,False,0,0,80,False,0.0,4.96,79,2
2023-10-19,STR001,SKU0004,123,11,True,False,0,0,115,False,0.0,5.19,171,8
2023-10-19,STR001,SKU0005,186,0,False,False,0,0,176,False,0.0,9.19,184,7
2023-10-19,STR002,SKU0001,87,0,False,False,0,5,57,False,0.0,6.14,81,3
2023-10-19,STR002,SKU0002,119,82,True,False,1,3,166,False,0.0,4.16,178,4
2023-10-19,STR002,SKU0003,137,0,False,False,0,0,121,False,0.0,8.73,64,2
2023-10-19,STR002,SKU0004,109,13,True,False,0,0,109,False,0.0,11.39,138,8
2023-10-19,STR002,SKU0005,163,0,False,False,0,0,154,False,0.0,10.47,150,7
2023-10-20,STR001,SKU0001,95,54,True,False,1,9,127,False,0.0,10.71,99,3
2023-10-20,STR001,SKU0002,228,0,False,False,0,5,195,False,0.0,5.57,219,4
2023-10-20,STR001,SKU0003,80,49,True,False,0,0,109,False,0.0,6.81,79,2
2023-10-20,STR001,SKU0004,115,1,True,False,0,0,112,False,0.0,5.48,171,8
2023-10-20,STR001,SKU0005,176,21,True,False,0,0,181,False,0.0,10.39,184,7
2023-10-20,STR002,SKU0001,57,36,True,False,0,3,88,False,0.0,9.78,81,3
2023-10-20,STR002,SKU0002,166,88,True,False,1,7,221,False,0.0,5.79,178,4
2023-10-20,STR002,SKU0003,121,0,True,False,0,0,109,False,0.0,7.13,64,2
2023-10-20,STR002,SKU0004,109,1,True,False,0,0,86,False,0.0,8.72,138,8
2023-10-20,STR002,SKU0005,154,0,True,False,0,0,138,False,0.0,9.47,150,7
2023-10-21,STR001,SKU0001,127,0,False,False,0,7,98,False,0.0,7.54,99,3
2023-10-21,STR001,SKU0002,195,149,True,False,1,18,288,False,0.0,8.13,219,4
2023-10-21,STR001,SKU0003,109,0,False,False,0,0,73,False,0.0,4.37,79,2
2023-10-21,STR001,SKU0004,112,59,True,False,0,0,156,False,0.0,9.41,171,8
2023-10-21,STR001,SKU0005,181,5,True,False,0,0,165,False,0.0,9.24,184,7
2023-10-21,STR002,SKU0001,88,0,False,False,0,2,74,False,0.0,8.63,81,3
2023-10-21,STR002,SKU0002,221,0,False,False,0,4,194,False,0.0,5.43,178,4
2023-10-21,STR002,SKU0003,109,0,False,False,0,0,97,False,0.0,6.23,64,2
2023-10-21,STR002,SKU0004,86,4,True,False,0,0,79,False,0.0,6.43,138,8
2023-10-21,STR002,SKU0005,138,38,True,False,0,0,154,False,0.0,10.27,150,7
2023-10-22,STR001,SKU0001,98,52,True,False,1,5,133,False,0.0,8.78,99,3
2023-10-22,STR001,SKU0002,288,2,True,False,0,13,253,False,0.0,6.97,219,4
2023-10-22,STR001,SKU0003,73,120,True,False,0,0,179,False,0.0,9.35,79,2
2023-10-22,STR001,SKU0004,156,4,True,False,0,0,148,False,0.0,10.06,171,8
2023-10-22,STR001,SKU0005,165,52,True,False,0,0,210,False,0.0,11.85,184,7
2023-10-22,STR002,SKU0001,74,31,True,False,0,3,66,False,0.0,7.97,81,3
2023-10-22,STR002,SKU0002,194,85,True,False,0,12,244,False,0.0,7.06,178,4
2023-10-22,STR002,SKU0003,97,0,False,False,0,0,81,False,0.0,5.67,64,2
2023-10-22,STR002,SKU0004,79,71,True,False,0,0,128,False,0.0,9.85,138,8
2023-10-22,STR002,SKU0005,154,0,False,False,0,0,121,False,0.0,7.63,150,7
2023-10-23,STR001,SKU0001,133,0,False,False,0,7,105,False,0.0,6.62,99,3
2023-10-23,STR001,SKU0002,253,0,False,False,0,7,215,False,0.0,6.09,219,4
2023-10-23,STR001,SKU0003,179,0,True,False,0,0,157,False,0.0,8.2,79,2
2023-10-23,STR001,SKU0004,148,0,True,True,0,0,128,False,0.0,9.96,171,8
2023-10-23,STR001,SKU0005,210,0,False,False,0,0,191,False,0.0,12.38,184,7
2023-10-23,STR002,SKU0001,66,99,True,False,0,7,149,False,0.0,11.72,81,3
2023-10-23,STR002,SKU0002,244,0,False,False,0,9,197,False,0.0,6.0,178,4
2023-10-23,STR002,SKU0003,81,0,True,True,0,0,68,False,0.0,4.58,64,2
2023-10-23,STR002,SKU0004,128,4,True,False,0,0,116,False,0.0,7.59,138,8
2023-10-23,STR002,SKU0005,121,41,True,False,0,0,152,False,0.0,8.18,150,7
2023-10-24,STR001,SKU0001,105,8,True,False,0,5,94,False,0.0,5.88,99,3
2023-10-24,STR001,SKU0002,215,131,True,False,1,12,313,False,0.0,8.59,219,4
2023-10-24,STR001,SKU0003,157,0,False,False,0,0,142,False,0.0,7.2,79,2
2023-10-24,STR001,SKU0004,128,3,True,False,0,0,130,False,0.0,9.1,171,8
2023-10-24,STR001,SKU0005,191,0,False,False,0,0,166,False,0.0,12.1,184,7
2023-10-24,STR002,SKU0001,149,1,True,False,0,9,130,False,0.0,9.78,81,3
2023-10-24,STR002,SKU0002,197,0,False,False,0,5,179,False,0.0,5.45,178,4
2023-10-24,STR002,SKU0003,68,16,False,False,0,0,75,False,0.0,5.83,64,2
2023-10-24,STR002,SKU0004,116,18,True,False,0,0,129,False,0.0,9.61,138,8
2023-10-24,STR002,SKU0005,152,0,False,False,0,0,141,False,0.0,8.51,150,7
2023-10-25,STR001,SKU0001,94,75,True,False,1,6,156,False,0.0,11.74,99,3
2023-10-25,STR001,SKU0002,313,0,False,False,0,19,263,False,0.0,8.6,219,4
2023-10-25,STR001,SKU0003,142,0,False,False,0,0,128,False,0.0,6.54,79,2
2023-10-25,STR001,SKU0004,130,5,True,False,0,0,130,False,0.0,10.0,171,8
2023-10-25,STR001,SKU0005,166,32,True,False,0,0,177,False,0.0,11.16,184,7
2023-10-25,STR002,SKU0001,130,0,False,False,0,5,117,False,0.0,8.03,81,3
2023-10-25,STR002,SKU0002,179,0,False,False,0,5,151,False,0.0,5.08,178,4
2023-10-25,STR002,SKU0003,75,0,False,False,0,0,45,False,0.0,3.5,64,2
2023-10-25,STR002,SKU0004,129,7,True,False,0,0,117,False,0.0,8.62,138,8
2023-10-25,STR002,SKU0005,141,0,True,False,0,0,131,False,0.0,8.12,150,7
2023-10-26,STR001,SKU0001,156,0,False,False,0,7,140,False,0.0,10.77,99,3
2023-10-26,STR001,SKU0002,263,0,False,False,0,6,232,False,0.0,7.73,219,4
2023-10-26,STR001,SKU0003,128,34,True,False,0,0,140,False,0.0,7.15,79,2
2023-10-26,STR001,SKU0004,130,29,True,False,0,0,150,False,0.0,13.82,171,8
2023-10-26,STR001,SKU0005,177,3,True,False,0,0,166,False,0.0,9.76,184,7
2023-10-26,STR002,SKU0001,117,0,False,False,0,2,99,False,0.0,6.73,81,3
2023-10-26,STR002,SKU0002,151,152,True,False,0,14,263,False,0.0,10.46,178,4
2023-10-26,STR002,SKU0003,45,131,True,False,1,0,153,False,0.0,9.92,64,2
2023-10-26,STR002,SKU0004,117,19,True,False,0,0,130,False,0.0,8.27,138,8
2023-10-26,STR002,SKU0005,131,3,True,False,0,0,112,False,0.0,7.06,150,7
2023-10-27,STR001,SKU0001,140,0,False,False,0,5,130,False,0.0,9.58,99,3
2023-10-27,STR001,SKU0002,232,109,True,False,0,18,293,False,0.0,10.46,219,4
2023-10-27,STR001,SKU0003,140,0,False,False,0,0,122,False,0.0,5.97,79,2
2023-10-27,STR001,SKU0004,150,0,True,True,0,0,136,False,0.0,14.42,171,8
2023-10-27,STR001,SKU0005,166,0,True,False,0,0,154,False,0.0,8.76,184,7
2023-10-27,STR002,SKU0001,99,0,False,False,0,5,90,False,0.0,6.7,81,3
2023-10-27,STR002,SKU0002,263,4,True,False,0,12,206,False,0.0,8.43,178,4
2023-10-27,STR002,SKU0003,153,0,False,False,0,0,148,False,0.0,9.09,64,2
2023-10-27,STR002,SKU0004,130,5,True,False,0,0,114,False,0.0,7.75,138,8
2023-10-27,STR002,SKU0005,112,53,True,False,0,0,158,False,0.0,8.92,150,7
2023-10-28,STR001,SKU0001,130,39,True,False,0,2,155,False,0.0,12.33,99,3
2023-10-28,STR001,SKU0002,293,0,False,False,0,7,234,False,0.0,8.27,219,4
2023-10-28,STR001,SKU0003,122,0,False,False,0,0,103,False,0.0,5.11,79,2
2023-10-28,STR001,SKU0004,136,31,True,False,0,0,144,False,0.0,13.26,171,8
2023-10-28,STR001,SKU0005,154,65,True,False,0,0,200,False,0.0,11.76,184,7
2023-10-28,STR002,SKU0001,90,19,True,False,0,2,89,False,0.0,6.49,81,3
2023-10-28,STR002,SKU0002,206,0,False,False,0,3,172,False,0.0,6.17,178,4
2023-10-28,STR002,SKU0003,148,0,False,False,0,0,134,False,0.0,8.77,64,2
2023-10-28,STR002,SKU0004,114,1,True,False,0,0,106,False,0.0,7.42,138,8
2023-10-28,STR002,SKU0005,158,0,True,True,0,0,133,False,0.0,8.1,150,7
2023-10-29,STR001,SKU0001,155,0,False,False,0,4,116,False,0.0,10.41,99,3
2023-10-29,STR001,SKU0002,234,0,False,False,0,3,198,False,0.0,6.51,219,4
2023-10-29,STR001,SKU0003,103,58,True,False,1,0,136,False,0.0,7.68,79,2
2023-10-29,STR001,SKU0004,144,43,True,False,0,0,181,False,0.0,15.08,171,8
2023-10-29,STR001,SKU0005,200,0,False,False,0,0,172,False,0.0,10.29,184,7
2023-10-29,STR002,SKU0001,89,0,False,False,0,0,52,False,0.0,3.57,81,3
2023-10-29,STR002,SKU0002,172,54,True,False,0,3,207,False,0.0,7.14,178,4
2023-10-29,STR002,SKU0003,134,27,True,False,0,0,137,False,0.0,8.8,64,2
2023-10-29,STR002,SKU0004,106,0,True,False,0,0,84,False,0.0,6.0,138,8
2023-10-29,STR002,SKU0005,133,15,True,False,0,0,133,False,0.0,7.89,150,7
2023-10-30,STR001,SKU0001,116,0,False,False,0,0,107,False,0.0,7.34,99,3
2023-10-30,STR001,SKU0002,198,16,True,False,0,1,161,False,0.0,5.08,219,4
2023-10-30,STR001,SKU0003,136,0,False,False,0,0,125,False,0.0,6.53,79,2
2023-10-30,STR001,SKU0004,181,0,False,False,0,0,174,False,0.0,15.62,171,8
2023-10-30,STR001,SKU0005,172,3,True,False,0,0,160,False,0.0,8.12,184,7
2023-10-30,STR002,SKU0001,52,111,True,False,0,3,137,False,0.0,9.31,81,3
2023-10-30,STR002,SKU0002,207,0,False,False,0,3,191,False,0.0,6.82,178,4
2023-10-30,STR002,SKU0003,137,0,False,False,0,0,117,False,0.0,7.0,64,2
2023-10-30,STR002,SKU0004,84,1,True,False,0,0,71,False,0.0,5.07,138,8
2023-10-30,STR002,SKU0005,133,3,True,False,0,0,123,False,0.0,8.61,150,7
2023-10-31,STR001,SKU0001,107,0,False,False,0,1,92,False,0.0,7.16,99,3
2023-10-31,STR001,SKU0002,161,83,True,False,1,5,214,False,0.0,6.16,219,4
2023-10-31,STR001,SKU0003,125,0,False,False,0,0,98,False,0.0,5.58,79,2
2023-10-31,STR001,SKU0004,174,0,True,True,0,1,161,False,0.0,17.34,171,8
2023-10-31,STR001,SKU0005,160,3,True,False,0,0,138,False,0.0,7.21,184,7
2023-10-31,STR002,SKU0001,137,0,False,False,0,1,125,False,0.0,7.48,81,3
2023-10-31,STR002,SKU0002,191,0,False,False,0,8,140,False,0.0,5.73,178,4
2023-10-31,STR002,SKU0003,117,0,False,False,0,0,104,False,0.0,5.87,64,2
2023-10-31,STR002,SKU0004,71,50,True,False,0,0,113,False,0.0,8.24,138,8
2023-10-31,STR002,SKU0005,123,56,True,False,0,0,164,False,0.0,11.15,150,7
2023-11-01,STR001,SKU0001,92,40,True,False,0,5,118,False,0.0,9.18,99,3
2023-11-01,STR001,SKU0002,214,161,True,False,1,20,339,False,0.0,9.61,219,4
2023-11-01,STR001,SKU0003,98,79,True,False,0,0,162,False,0.0,8.4,79,2
2023-11-01,STR001,SKU0004,161,3,True,False,0,0,141,False,0.0,12.99,171,8
2023-11-01,STR001,SKU0005,138,59,True,False,0,0,174,False,0.0,9.09,184,7
2023-11-01,STR002,SKU0001,125,36,True,False,0,2,124,False,0.0,7.42,81,3
2023-11-01,STR002,SKU0002,140,168,True,False,1,16,272,False,0.0,9.47,178,4
2023-11-01,STR002,SKU0003,104,13,True,False,0,0,106,False,0.0,5.8,64,2
2023-11-01,STR002,SKU0004,113,10,True,False,0,0,110,False,0.0,7.78,138,8
2023-11-01,STR002,SKU0005,164,0,False,False,0,0,152,False,0.0,9.94,150,7
2023-11-02,STR001,SKU0001,118,0,False,False,0,4,99,False,0.0,7.45,99,3
2023-11-02,STR001,SKU0002,339,0,False,False,0,8,300,False,0.0,9.09,219,4
2023-11-02,STR001,SKU0003,162,0,False,False,0,0,145,False,0.0,7.46,79,2
2023-11-02,STR001,SKU0004,141,0,True,False,0,0,124,False,0.0,9.23,171,8
2023-11-02,STR001,SKU0005,174,2,True,False,0,0,157,False,0.0,8.08,184,7
2023-11-02,STR002,SKU0001,124,0,False,False,0,2,107,False,0.0,5.2,81,3
2023-11-02,STR002,SKU0002,272,0,False,False,0,6,245,False,0.0,8.71,178,4
2023-11-02,STR002,SKU0003,106,0,False,False,0,0,87,False,0.0,5.59,64,2
2023-11-02,STR002,SKU0004,110,1,True,False,0,0,95,False,0.0,7.15,138,8
2023-11-02,STR002,SKU0005,152,0,False,False,0,0,144,False,0.0,9.25,150,7
2023-11-03,STR001,SKU0001,99,0,False,False,0,1,70,False,0.0,4.95,99,3
2023-11-03,STR001,SKU0002,300,0,False,False,0,10,262,False,0.0,7.74,219,4
2023-11-03,STR001,SKU0003,145,0,False,False,0,0,136,False,0.0,7.27,79,2
2023-11-03,STR001,SKU0004,124,45,True,False,0,0,151,False,0.0,10.36,171,8
2023-11-03,STR001,SKU0005,157,4,True,False,0,0,142,False,0.0,7.05,184,7
2023-11-03,STR002,SKU0001,107,0,False,False,0,2,61,False,0.0,2.99,81,3
2023-11-03,STR002,SKU0002,245,0,False,False,0,8,219,False,0.0,7.98,178,4
2023-11-03,STR002,SKU0003,87,0,False,False,0,0,71,False,0.0,4.69,64,2
2023-11-03,STR002,SKU0004,95,3,True,False,0,0,90,False,0.0,6.12,138,8
2023-11-03,STR002,SKU0005,144,2,True,False,0,0,142,False,0.0,10.46,150,7
2023-11-04,STR001,SKU0001,70,47,True,False,0,3,101,False,0.0,5.8,99,3
2023-11-04,STR001,SKU0002,262,0,False,False,0,3,215,False,0.0,6.4,219,4
2023-11-04,STR001,SKU0003,136,4,True,False,0,0,127,False,0.0,7.29,79,2
2023-11-04,STR001,SKU0004,151,18,True,False,0,0,161,False,0.0,10.63,171,8
2023-11-04,STR001,SKU0005,142,3,True,False,0,0,124,False,0.0,5.86,184,7
2023-11-04,STR002,SKU0001,61,76,True,False,2,1,108,False,0.0,4.13,81,3
2023-11-04,STR002,SKU0002,219,0,False,False,0,4,173,False,0.0,7.52,178,4
2023-11-04,STR002,SKU0003,71,48,True,False,0,0,107,False,0.0,6.4,64,2
2023-11-04,STR002,SKU0004,90,59,True,False,1,1,129,False,0.0,10.03,138,8
2023-11-04,STR002,SKU0005,142,33,True,False,0,0,156,False,0.0,11.87,150,7
2023-11-05,STR001,SKU0001,101,32,True,False,0,2,118,False,0.0,6.72,99,3
2023-11-05,STR001,SKU0002,215,30,True,False,1,7,209,False,0.0,6.44,219,4
2023-11-05,STR001,SKU0003,127,0,False,False,0,0,104,False,0.0,6.28,79,2
2023-11-05,STR001,SKU0004,161,24,True,False,0,0,176,False,0.0,13.54,171,8
2023-11-05,STR001,SKU0005,124,20,True,False,0,0,124,False,0.0,5.79,184,7
2023-11-05,STR002,SKU0001,108,1,True,False,0,1,87,False,0.0,3.19,81,3
2023-11-05,STR002,SKU0002,173,103,True,False,0,8,220,False,0.0,8.95,178,4
2023-11-05,STR002,SKU0003,107,0,False,False,0,0,82,False,0.0,4.99,64,2
2023-11-05,STR002,SKU0004,129,5,True,False,0,0,116,False,0.0,8.2,138,8
2023-11-05,STR002,SKU0005,156,5,True,False,0,0,145,False,0.0,11.8,150,7
2023-11-06,STR001,SKU0001,118,0,False,False,0,4,100,False,0.0,6.93,99,3
2023-11-06,STR001,SKU0002,209,103,True,False,0,10,264,False,0.0,8.32,219,4
2023-11-06,STR001,SKU0003,104,0,False,False,0,0,90,False,0.0,5.48,79,2
2023-11-06,STR001,SKU0004,176,0,False,False,0,0,171,False,0.0,12.73,171,8
2023-11-06,STR001,SKU0005,124,20,True,False,0,0,119,False,0.0,5.87,184,7
2023-11-06,STR002,SKU0001,87,0,False,False,0,0,77,False,0.0,3.08,81,3
2023-11-06,STR002,SKU0002,220,83,True,False,0,16,272,False,0.0,9.33,178,4
2023-11-06,STR002,SKU0003,82,0,False,False,0,0,68,False,0.0,4.1,64,2
2023-11-06,STR002,SKU0004,116,32,True,False,0,0,133,False,0.0,9.8,138,8
2023-11-06,STR002,SKU0005,145,0,True,True,0,0,135,False,0.0,10.86,150,7
2023-11-07,STR001,SKU0001,100,0,False,False,0,2,69,False,0.0,4.56,99,3
2023-11-07,STR001,SKU0002,264,0,False,False,0,5,217,False,0.0,7.3,219,4
2023-11-07,STR001,SKU0003,90,107,True,False,0,0,176,False,0.0,10.44,79,2
2023-11-07,STR001,SKU0004,171,0,False,False,0,1,167,False,0.0,12.71,171,8
2023-11-07,STR001,SKU0005,119,45,True,False,0,0,154,False,0.0,7.09,184,7
2023-11-07,STR002,SKU0001,77,59,True,False,1,2,95,False,0.0,4.1,81,3
2023-11-07,STR002,SKU0002,272,0,False,False,0,8,249,False,0.0,8.46,178,4
2023-11-07,STR002,SKU0003,68,74,True,False,0,0,120,False,0.0,7.64,64,2
2023-11-07,STR002,SKU0004,133,3,True,False,0,0,108,False,0.0,7.88,138,8
2023-11-07,STR002,SKU0005,135,40,True,False,0,0,162,False,0.0,13.5,150,7
2023-11-08,STR001,SKU0001,69,65,True,False,1,4,110,False,0.0,6.36,99,3
2023-11-08,STR001,SKU0002,217,61,True,False,0,7,243,False,0.0,7.53,219,4
2023-11-08,STR001,SKU0003,176,0,False,False,0,0,152,False,0.0,9.5,79,2
2023-11-08,STR001,SKU0004,167,3,True,False,0,1,157,False,0.0,13.24,171,8
2023-11-08,STR001,SKU0005,154,0,True,True,0,0,145,False,0.0,7.41,184,7
2023-11-08,STR002,SKU0001,95,0,False,False,0,0,62,False,0.0,2.3,81,3
2023-11-08,STR002,SKU0002,249,0,False,False,0,5,226,False,0.0,8.89,178,4
2023-11-08,STR002,SKU0003,120,0,False,False,0,0,109,False,0.0,6.41,64,2
2023-11-08,STR002,SKU0004,108,3,True,False,0,0,92,False,0.0,5.55,138,8
2023-11-08,STR002,SKU0005,162,37,False,False,0,0,188,False,0.0,16.05,150,7
2023-11-09,STR001,SKU0001,110,73,True,False,1,8,165,False,0.0,8.82,99,3
2023-11-09,STR001,SKU0002,243,0,False,False,0,7,182,False,0.0,5.33,219,4
2023-11-09,STR001,SKU0003,152,0,False,False,0,0,139,False,0.0,8.04,79,2
2023-11-09,STR001,SKU0004,157,30,True,False,0,0,177,False,0.0,17.21,171,8
2023-11-09,STR001,SKU0005,145,112,True,False,0,0,250,False,0.0,14.23,184,7
2023-11-09,STR002,SKU0001,62,86,True,False,0,3,117,False,0.0,4.38,81,3
2023-11-09,STR002,SKU0002,226,0,False,False,0,6,198,False,0.0,7.83,178,4
2023-11-09,STR002,SKU0003,109,0,False,False,0,0,96,False,0.0,5.65,64,2
2023-11-09,STR002,SKU0004,92,47,True,False,0,0,127,False,0.0,7.29,138,8
2023-11-09,STR002,SKU0005,188,0,False,False,0,0,176,False,0.0,15.21,150,7
2023-11-10,STR001,SKU0001,165,0,False,False,0,10,152,False,0.0,8.51,99,3
2023-11-10,STR001,SKU0002,182,93,True,False,1,7,241,False,0.0,6.44,219,4
2023-11-10,STR001,SKU0003,139,3,True,False,0,0,126,False,0.0,7.54,79,2
2023-11-10,STR001,SKU0004,177,0,False,False,0,0,163,False,0.0,17.55,171,8
2023-11-10,STR001,SKU0005,250,0,False,False,0,0,235,False,0.0,14.82,184,7
2023-11-10,STR002,SKU0001,117,0,False,False,0,3,104,False,0.0,3.64,81,3
2023-11-10,STR002,SKU0002,198,0,False,False,0,3,160,False,0.0,6.29,178,4
2023-11-10,STR002,SKU0003,96,4,True,False,0,0,93,False,0.0,5.76,64,2
2023-11-10,STR002,SKU0004,127,4,True,False,0,0,124,False,0.0,7.36,138,8
2023-11-10,STR002,SKU0005,176,0,False,False,0,0,166,False,0.0,13.67,150,7
2023-11-11,STR001,SKU0001,152,0,False,False,0,6,134,False,0.0,9.38,99,3
2023-11-11,STR001,SKU0002,241,3,True,False,0,2,198,False,0.0,5.33,219,4
2023-11-11,STR001,SKU0003,126,0,False,False,0,0,107,False,0.0,6.04,79,2
2023-11-11,STR001,SKU0004,163,2,True,False,0,0,155,False,0.0,17.79,171,8
2023-11-11,STR001,SKU0005,235,0,False,False,0,0,203,False,0.0,13.28,184,7
2023-11-11,STR002,SKU0001,104,0,False,False,0,1,94,False,0.0,3.96,81,3
2023-11-11,STR002,SKU0002,160,12,True,False,0,4,150,False,0.0,5.38,178,4
2023-11-11,STR002,SKU0003,93,0,False,False,0,0,75,False,0.0,5.05,64,2
2023-11-11,STR002,SKU0004,124,27,True,False,0,0,140,False,0.0,8.38,138,8
2023-11-11,STR002,SKU0005,166,0,False,False,0,0,160,False,0.0,12.31,150,7
2023-11-12,STR001,SKU0001,134,0,False,False,0,3,111,False,0.0,7.85,99,3
2023-11-12,STR001,SKU0002,198,112,True,False,0,4,248,False,0.0,6.68,219,4
2023-11-12,STR001,SKU0003,107,0,False,False,0,0,91,False,0.0,4.9,79,2
2023-11-12,STR001,SKU0004,155,14,True,False,0,0,158,False,0.0,17.56,171,8
2023-11-12,STR001,SKU0005,203,0,False,False,0,0,174,False,0.0,10.32,184,7
2023-11-12,STR002,SKU0001,94,0,False,False,0,4,83,False,0.0,3.9,81,3
2023-11-12,STR002,SKU0002,150,129,True,False,1,13,246,False,0.0,10.07,178,4
2023-11-12,STR002,SKU0003,75,0,False,False,0,0,63,False,0.0,4.01,64,2
2023-11-12,STR002,SKU0004,140,0,False,False,0,0,134,False,0.0,8.53,138,8
2023-11-12,STR002,SKU0005,160,0,False,False,0,0,138,False,0.0,12.38,150,7
2023-11-13,STR001,SKU0001,111,39,True,False,0,9,137,False,0.0,9.05,99,3
2023-11-13,STR001,SKU0002,248,0,False,False,0,3,203,False,0.0,4.9,219,4
2023-11-13,STR001,SKU0003,91,88,True,False,1,0,162,False,0.0,9.22,79,2
2023-11-13,STR001,SKU0004,158,5,True,False,0,0,151,False,0.0,16.26,171,8
2023-11-13,STR001,SKU0005,174,23,True,False,0,0,179,False,0.0,9.87,184,7
2023-11-13,STR002,SKU0001,83,52,True,False,0,4,124,False,0.0,6.43,81,3
2023-11-13,STR002,SKU0002,246,0,False,False,0,13,189,False,0.0,9.32,178,4
2023-11-13,STR002,SKU0003,63,81,True,False,0,0,114,False,0.0,8.23,64,2
2023-11-13,STR002,SKU0004,134,4,True,False,0,0,137,False,0.0,9.79,138,8
2023-11-13,STR002,SKU0005,138,4,True,False,0,0,130,False,0.0,10.83,150,7
2023-11-14,STR001,SKU0001,137,0,False,False,0,7,120,False,0.0,8.75,99,3
2023-11-14,STR001,SKU0002,203,9,True,False,0,5,138,False,0.0,3.29,219,4
2023-11-14,STR001,SKU0003,162,0,False,False,0,0,147,False,0.0,8.23,79,2
2023-11-14,STR001,SKU0004,151,34,True,False,0,0,178,False,0.0,17.31,171,8
2023-11-14,STR001,SKU0005,179,20,True,False,0,0,181,False,0.0,10.56,184,7
2023-11-14,STR002,SKU0001,124,0,False,False,0,9,101,False,0.0,5.36,81,3
2023-11-14,STR002,SKU0002,189,0,False,False,0,7,154,False,0.0,6.3,178,4
2023-11-14,STR002,SKU0003,114,0,False,False,0,0,103,False,0.0,6.38,64,2
2023-11-14,STR002,SKU0004,137,5,True,False,0,1,136,False,0.0,11.33,138,8
2023-11-14,STR002,SKU0005,130,15,True,False,0,1,135,False,0.0,10.99,150,7
2023-11-15,STR001,SKU0001,120,0,False,False,0,2,94,False,0.0,8.55,99,3
2023-11-15,STR001,SKU0002,138,139,True,False,1,4,219,False,0.0,4.78,219,4
2023-11-15,STR001,SKU0003,147,0,False,False,0,0,140,False,0.0,8.24,79,2
2023-11-15,STR001,SKU0004,178,0,False,False,0,0,177,False,0.0,16.3,171,8
2023-11-15,STR001,SKU0005,181,2,True,False,0,0,172,False,0.0,9.41,184,7
2023-11-15,STR002,SKU0001,101,0,False,False,0,5,90,False,0.0,5.83,81,3
2023-11-15,STR002,SKU0002,154,69,True,False,1,5,178,False,0.0,6.77,178,4
2023-11-15,STR002,SKU0003,103,0,False,False,0,0,92,False,0.0,6.31,64,2
2023-11-15,STR002,SKU0004,136,15,True,False,0,0,140,False,0.0,16.07,138,8
2023-11-15,STR002,SKU0005,135,40,True,False,0,0,162,False,0.0,13.83,150,7
2023-11-16,STR001,SKU0001,94,55,True,False,0,3,139,False,0.0,11.87,99,3
2023-11-16,STR001,SKU0002,219,160,True,False,0,12,246,False,0.0,4.98,219,4
2023-11-16,STR001,SKU0003,140,5,True,False,0,0,126,False,0.0,8.65,79,2
2023-11-16,STR001,SKU0004,177,0,False,False,0,1,176,False,0.0,18.95,171,8
2023-11-16,STR001,SKU0005,172,4,True,False,0,0,168,False,0.0,9.05,184,7
2023-11-16,STR002,SKU0001,90,0,False,False,0,0,63,False,0.0,5.44,81,3
2023-11-16,STR002,SKU0002,178,127,True,False,1,11,264,False,0.0,9.01,178,4
2023-11-16,STR002,SKU0003,92,37,True,False,0,0,113,False,0.0,7.75,64,2
2023-11-16,STR002,SKU0004,140,0,False,False,0,0,133,False,0.0,17.57,138,8
2023-11-16,STR002,SKU0005,162,0,False,False,0,0,151,False,0.0,12.58,150,7
2023-11-17,STR001,SKU0001,139,0,True,False,0,5,120,False,0.0,10.5,99,3
2023-11-17,STR001,SKU0002,246,0,False,False,0,2,205,False,0.0,3.47,219,4
2023-11-17,STR001,SKU0003,126,0,False,False,0,0,114,False,0.0,7.39,79,2
2023-11-17,STR001,SKU0004,176,0,False,False,0,0,160,False,0.0,20.36,171,8
2023-11-17,STR001,SKU0005,168,4,True,False,0,0,157,False,0.0,8.39,184,7
2023-11-17,STR002,SKU0001,63,29,True,False,0,4,77,False,0.0,6.74,81,3
2023-11-17,STR002,SKU0002,264,0,False,False,0,9,230,False,0.0,7.59,178,4
2023-11-17,STR002,SKU0003,113,0,False,False,0,0,101,False,0.0,6.73,64,2
2023-11-17,STR002,SKU0004,133,2,True,False,0,0,114,False,0.0,16.62,138,8
2023-11-17,STR002,SKU0005,151,0,False,False,0,0,139,False,0.0,11.72,150,7
2023-11-18,STR001,SKU0001,120,0,False,False,0,0,110,False,0.0,8.46,99,3
2023-11-18,STR001,SKU0002,205,7,True,False,0,3,152,False,0.0,2.5,219,4
2023-11-18,STR001,SKU0003,114,0,False,False,0,0,103,False,0.0,6.93,79,2
2023-11-18,STR001,SKU0004,160,7,True,False,0,0,166,False,0.0,20.39,171,8
2023-11-18,STR001,SKU0005,157,3,True,False,0,0,138,False,0.0,7.37,184,7
2023-11-18,STR002,SKU0001,77,17,True,False,0,3,85,False,0.0,7.35,81,3
2023-11-18,STR002,SKU0002,230,0,False,False,0,2,176,False,0.0,6.1,178,4
2023-11-18,STR002,SKU0003,101,0,False,False,0,0,82,False,0.0,5.22,64,2
2023-11-18,STR002,SKU0004,114,7,True,False,1,0,115,False,0.0,12.98,138,8
2023-11-18,STR002,SKU0005,139,22,True,False,0,0,126,False,0.0,10.38,150,7
2023-11-19,STR001,SKU0001,110,0,False,False,0,0,76,False,0.0,5.98,99,3
2023-11-19,STR001,SKU0002,152,127,True,False,0,8,228,False,0.0,3.64,219,4
2023-11-19,STR001,SKU0003,103,57,True,False,0,0,138,False,0.0,10.06,79,2
2023-11-19,STR001,SKU0004,166,0,True,False,0,0,162,False,0.0,23.62,171,8
2023-11-19,STR001,SKU0005,138,42,True,False,0,0,171,False,0.0,9.89,184,7
2023-11-19,STR002,SKU0001,85,0,False,False,0,5,72,False,0.0,6.46,81,3
2023-11-19,STR002,SKU0002,176,104,True,False,0,11,226,False,0.0,6.7,178,4
2023-11-19,STR002,SKU0003,82,21,True,False,0,0,95,False,0.0,5.99,64,2
2023-11-19,STR002,SKU0004,115,4,True,False,0,0,108,False,0.0,13.5,138,8
2023-11-19,STR002,SKU0005,126,35,True,False,0,0,143,False,0.0,8.78,150,7
2023-11-20,STR001,SKU0001,76,39,True,False,0,0,96,False,0.0,6.52,99,3
2023-11-20,STR001,SKU0002,228,0,False,False,0,2,196,False,0.0,3.24,219,4
2023-11-20,STR001,SKU0003,138,0,False,False,0,0,133,False,0.0,9.13,79,2
2023-11-20,STR001,SKU0004,162,0,True,False,0,0,151,False,0.0,25.78,171,8
2023-11-20,STR001,SKU0005,171,26,True,False,0,0,175,False,0.0,12.13,184,7
2023-11-20,STR002,SKU0001,72,37,True,False,0,2,102,False,0.0,9.04,81,3
2023-11-20,STR002,SKU0002,226,0,False,False,0,5,208,False,0.0,5.6,178,4
2023-11-20,STR002,SKU0003,95,0,False,False,0,0,86,False,0.0,5.63,64,2
2023-11-20,STR002,SKU0004,108,44,True,False,0,0,139,False,0.0,15.95,138,8
2023-11-20,STR002,SKU0005,143,1,True,False,0,0,133,False,0.0,8.46,150,7
2023-11-21,STR001,SKU0001,96,89,True,False,0,2,164,False,0.0,9.73,99,3
2023-11-21,STR001,SKU0002,196,15,True,False,0,3,158,False,0.0,2.68,219,4
2023-11-21,STR001,SKU0003,133,0,False,False,0,0,124,False,0.0,9.54,79,2
2023-11-21,STR001,SKU0004,151,35,True,False,0,0,179,False,0.0,31.32,171,8
2023-11-21,STR001,SKU0005,175,26,True,False,0,0,188,False,0.0,12.53,184,7
2023-11-21,STR002,SKU0001,102,8,True,False,0,6,100,False,0.0,9.09,81,3
2023-11-21,STR002,SKU0002,208,0,True,True,0,6,189,False,0.0,5.78,178,4
2023-11-21,STR002,SKU0003,86,0,False,False,0,0,69,False,0.0,5.62,64,2
2023-11-21,STR002,SKU0004,139,0,False,False,0,0,134,False,0.0,12.85,138,8
2023-11-21,STR002,SKU0005,133,13,True,False,0,0,135,False,0.0,8.67,150,7
2023-11-22,STR001,SKU0001,164,0,False,False,0,4,102,False,0.0,5.62,99,3
2023-11-22,STR001,SKU0002,158,52,True,False,0,6,175,False,0.0,3.12,219,4
2023-11-22,STR001,SKU0003,124,35,True,False,0,0,143,False,0.0,11.78,79,2
2023-11-22,STR001,SKU0004,179,0,False,False,0,0,157,False,0.0,27.48,171,8
2023-11-22,STR001,SKU0005,188,0,False,False,0,0,153,False,0.0,10.71,184,7
2023-11-22,STR002,SKU0001,100,0,False,False,0,2,97,False,0.0,10.13,81,3
2023-11-22,STR002,SKU0002,189,0,False,False,0,4,160,False,0.0,5.23,178,4
2023-11-22,STR002,SKU0003,69,91,True,False,0,0,154,False,0.0,11.72,64,2
2023-11-22,STR002,SKU0004,134,4,True,False,0,0,136,False,0.0,13.04,138,8
2023-11-22,STR002,SKU0005,135,13,True,False,0,0,137,False,0.0,8.64,150,7
2023-11-23,STR001,SKU0001,102,0,False,False,0,0,28,False,0.0,1.22,99,3
2023-11-23,STR001,SKU0002,175,72,True,False,0,3,195,False,0.0,3.7,219,4
2023-11-23,STR001,SKU0003,143,0,False,False,0,0,128,False,0.0,9.53,79,2
2023-11-23,STR001,SKU0004,157,26,True,False,0,0,169,False,0.0,19.39,171,8
2023-11-23,STR001,SKU0005,153,44,True,False,0,0,175,False,0.0,9.88,184,7
2023-11-23,STR002,SKU0001,97,0,False,False,0,3,87,False,0.0,9.82,81,3
2023-11-23,STR002,SKU0002,160,14,True,False,0,6,145,False,0.0,5.07,178,4
2023-11-23,STR002,SKU0003,154,0,False,False,0,0,136,False,0.0,10.94,64,2
2023-11-23,STR002,SKU0004,136,5,True,False,0,0,135,False,0.0,14.77,138,8
2023-11-23,STR002,SKU0005,137,0,True,False,0,0,108,False,0.0,6.94,150,7
2023-11-24,STR001,SKU0001,28,154,True,False,1,5,150,False,0.0,4.61,99,3
2023-11-24,STR001,SKU0002,195,50,True,False,0,7,211,False,0.0,4.97,219,4
2023-11-24,STR001,SKU0003,128,0,False,False,0,0,117,False,0.0,9.1,79,2
2023-11-24,STR001,SKU0004,169,2,True,False,0,0,160,False,0.0,14.93,171,8
2023-11-24,STR001,SKU0005,175,5,True,False,0,0,166,False,0.0,8.42,184,7
2023-11-24,STR002,SKU0001,87,0,False,False,0,1,76,False,0.0,12.67,81,3
2023-11-24,STR002,SKU0002,145,199,True,False,2,11,306,False,0.0,11.04,178,4
2023-11-24,STR002,SKU0003,136,0,False,False,0,0,121,False,0.0,9.52,64,2
2023-11-24,STR002,SKU0004,135,4,True,False,0,0,128,False,0.0,14.22,138,8
2023-11-24,STR002,SKU0005,108,39,True,False,0,0,140,False,0.0,7.72,150,7
2023-11-25,STR001,SKU0001,150,0,True,False,0,4,142,False,0.0,4.14,99,3
2023-11-25,STR001,SKU0002,211,67,True,False,0,8,208,False,0.0,5.11,219,4
2023-11-25,STR001,SKU0003,117,0,True,True,0,0,100,False,0.0,7.87,79,2
2023-11-25,STR001,SKU0004,160,7,True,False,0,0,151,False,0.0,15.1,171,8
2023-11-25,STR001,SKU0005,166,3,True,False,0,0,161,False,0.0,8.23,184,7
2023-11-25,STR002,SKU0001,76,85,True,False,0,8,138,False,0.0,23.56,81,3
2023-11-25,STR002,SKU0002,306,0,False,False,0,12,274,False,0.0,9.89,178,4
2023-11-25,STR002,SKU0003,121,3,True,False,0,0,116,False,0.0,8.83,64,2
2023-11-25,STR002,SKU0004,128,3,True,False,0,0,94,False,0.0,12.42,138,8
2023-11-25,STR002,SKU0005,140,0,True,False,0,0,112,False,0.0,6.43,150,7
2023-11-26,STR001,SKU0001,142,0,False,False,0,9,106,False,0.0,3.17,99,3
2023-11-26,STR001,SKU0002,208,4,True,False,0,2,174,False,0.0,4.2,219,4
2023-11-26,STR001,SKU0003,100,28,False,False,0,0,112,False,0.0,8.25,79,2
2023-11-26,STR001,SKU0004,151,34,True,False,0,0,167,False,0.0,13.75,171,8
2023-11-26,STR001,SKU0005,161,21,True,False,0,0,151,False,0.0,8.59,184,7
2023-11-26,STR002,SKU0001,138,0,False,False,0,7,116,False,0.0,16.24,81,3
2023-11-26,STR002,SKU0002,274,2,True,False,0,9,241,False,0.0,10.41,178,4
2023-11-26,STR002,SKU0003,116,0,False,False,0,0,100,False,0.0,8.64,64,2
2023-11-26,STR002,SKU0004,94,19,True,False,0,0,101,False,0.0,8.32,138,8
2023-11-26,STR002,SKU0005,112,19,True,False,0,0,117,False,0.0,7.12,150,7
2023-11-27,STR001,SKU0001,106,0,False,False,0,3,80,False,0.0,2.47,99,3
2023-11-27,STR001,SKU0002,174,38,True,False,1,3,164,False,0.0,4.06,219,4
2023-11-27,STR001,SKU0003,112,0,False,False,0,0,94,False,0.0,7.39,79,2
2023-11-27,STR001,SKU0004,167,18,True,False,0,0,171,False,0.0,12.09,171,8
2023-11-27,STR001,SKU0005,151,9,True,False,0,0,132,False,0.0,6.37,184,7
2023-11-27,STR002,SKU0001,116,0,False,False,0,3,108,False,0.0,13.26,81,3
2023-11-27,STR002,SKU0002,241,0,False,False,0,11,186,False,0.0,8.98,178,4
2023-11-27,STR002,SKU0003,100,0,False,False,0,0,91,False,0.0,7.16,64,2
2023-11-27,STR002,SKU0004,101,25,True,False,0,0,123,False,0.0,10.01,138,8
2023-11-27,STR002,SKU0005,117,15,True,False,0,0,123,False,0.0,7.76,150,7
2023-11-28,STR001,SKU0001,80,85,True,False,0,8,116,False,0.0,3.52,99,3
2023-11-28,STR001,SKU0002,164,113,True,False,2,11,216,False,0.0,5.09,219,4
2023-11-28,STR001,SKU0003,94,18,True,False,0,0,93,False,0.0,6.38,79,2
2023-11-28,STR001,SKU0004,171,0,False,False,0,0,166,False,0.0,11.39,171,8
2023-11-28,STR001,SKU0005,132,85,True,False,0,0,197,False,0.0,9.13,184,7
2023-11-28,STR002,SKU0001,108,0,False,False,0,2,98,False,0.0,12.04,81,3
2023-11-28,STR002,SKU0002,186,0,False,False,0,4,149,False,0.0,5.93,178,4
2023-11-28,STR002,SKU0003,91,0,True,True,0,0,81,False,0.0,6.37,64,2
2023-11-28,STR002,SKU0004,123,26,True,False,0,0,133,False,0.0,12.25,138,8
2023-11-28,STR002,SKU0005,123,53,True,False,0,0,164,False,0.0,10.53,150,7
2023-11-29,STR001,SKU0001,116,5,True,False,0,1,89,False,0.0,2.46,99,3
2023-11-29,STR001,SKU0002,216,93,True,False,2,12,247,False,0.0,5.86,219,4
2023-11-29,STR001,SKU0003,93,0,False,False,0,0,70,False,0.0,4.38,79,2
2023-11-29,STR001,SKU0004,166,20,True,False,0,0,174,False,0.0,12.18,171,8
2023-11-29,STR001,SKU0005,197,2,True,False,0,0,192,False,0.0,8.51,184,7
2023-11-29,STR002,SKU0001,98,5,True,False,0,2,90,False,0.0,10.33,81,3
2023-11-29,STR002,SKU0002,149,0,True,True,0,2,116,False,0.0,4.14,178,4
2023-11-29,STR002,SKU0003,81,0,False,False,0,0,72,False,0.0,6.15,64,2
2023-11-29,STR002,SKU0004,133,5,True,False,0,0,132,False,0.0,10.62,138,8
2023-11-29,STR002,SKU0005,164,0,True,False,0,0,141,False,0.0,8.97,150,7
2023-11-30,STR001,SKU0001,89,110,True,False,2,8,176,False,0.0,5.45,99,3
2023-11-30,STR001,SKU0002,247,0,False,False,0,3,216,False,0.0,4.82,219,4
2023-11-30,STR001,SKU0003,70,0,True,True,0,0,47,False,0.0,2.76,79,2
2023-11-30,STR001,SKU0004,174,0,False,False,0,0,152,False,0.0,11.82,171,8
2023-11-30,STR001,SKU0005,192,0,False,False,0,0,179,False,0.0,9.64,184,7
2023-11-30,STR002,SKU0001,90,0,False,False,0,2,82,False,0.0,8.08,81,3
2023-11-30,STR002,SKU0002,116,108,True,False,0,5,197,False,0.0,6.83,178,4
2023-11-30,STR002,SKU0003,72,21,False,False,0,0,82,False,0.0,6.75,64,2
2023-11-30,STR002,SKU0004,132,0,True,False,0,0,118,False,0.0,9.08,138,8
2023-11-30,STR002,SKU0005,141,23,True,False,0,0,141,False,0.0,8.09,150,7
2023-12-01,STR001,SKU0001,176,0,False,False,0,6,140,False,0.0,5.94,99,3
2023-12-01,STR001,SKU0002,216,97,True,False,1,5,285,False,0.0,6.81,219,4
2023-12-01,STR001,SKU0003,47,182,True,False,0,0,177,False,0.0,9.76,79,2
2023-12-01,STR001,SKU0004,152,5,True,False,0,0,131,False,0.0,9.36,171,8
2023-12-01,STR001,SKU0005,179,37,True,False,0,0,207,False,0.0,11.98,184,7
2023-12-01,STR002,SKU0001,82,0,False,False,0,1,75,False,0.0,7.5,81,3
2023-12-01,STR002,SKU0002,197,0,True,True,0,8,165,False,0.0,5.75,178,4
2023-12-01,STR002,SKU0003,82,41,True,False,0,0,98,False,0.0,8.79,64,2
2023-12-01,STR002,SKU0004,118,29,True,False,0,0,64,False,0.0,4.53,138,8
2023-12-01,STR002,SKU0005,141,38,True,False,0,0,152,False,0.0,9.17,150,7
2023-12-02,STR001,SKU0001,140,0,False,False,0,3,130,False,0.0,5.38,99,3
2023-12-02,STR001,SKU0002,285,0,False,False,0,14,247,False,0.0,6.0,219,4
2023-12-02,STR001,SKU0003,177,0,False,False,0,0,124,False,0.0,5.17,79,2
2023-12-02,STR001,SKU0004,131,2,True,False,0,0,71,False,0.0,4.4,171,8
2023-12-02,STR001,SKU0005,207,0,False,False,0,0,192,False,0.0,11.59,184,7
2023-12-02,STR002,SKU0001,75,45,True,False,0,3,95,False,0.0,10.08,81,3
2023-12-02,STR002,SKU0002,165,140,True,False,0,14,264,False,0.0,9.24,178,4
2023-12-02,STR002,SKU0003,98,0,False,False,0,0,69,False,0.0,5.49,64,2
2023-12-02,STR002,SKU0004,64,49,True,False,0,0,84,False,0.0,3.44,138,8
2023-12-02,STR002,SKU0005,152,0,False,False,0,0,131,False,0.0,6.74,150,7
2023-12-03,STR001,SKU0001,130,39,True,False,1,6,151,False,0.0,6.15,99,3
2023-12-03,STR001,SKU0002,247,0,False,False,0,8,222,False,0.0,6.22,219,4
2023-12-03,STR001,SKU0003,124,0,False,False,0,0,59,False,0.0,2.02,79,2
2023-12-03,STR001,SKU0004,71,67,True,False,0,0,119,False,0.0,5.24,171,8
2023-12-03,STR001,SKU0005,192,0,False,False,0,0,171,False,0.0,9.73,184,7
2023-12-03,STR002,SKU0001,95,2,True,False,0,3,87,False,0.0,8.34,81,3
2023-12-03,STR002,SKU0002,264,0,False,False,0,5,211,False,0.0,7.14,178,4
2023-12-03,STR002,SKU0003,69,0,False,False,0,0,37,False,0.0,2.38,64,2
2023-12-03,STR002,SKU0004,84,50,True,False,0,0,80,False,0.0,3.44,138,8
2023-12-03,STR002,SKU0005,131,46,True,False,0,0,164,False,0.0,8.9,150,7
2023-12-04,STR001,SKU0001,151,0,False,False,0,10,135,False,0.0,6.06,99,3
2023-12-04,STR001,SKU0002,222,0,False,False,0,8,176,False,0.0,5.33,219,4
2023-12-04,STR001,SKU0003,59,102,True,False,0,0,111,False,0.0,3.07,79,2
2023-12-04,STR001,SKU0004,119,1,True,False,0,0,85,False,0.0,3.72,171,8
2023-12-04,STR001,SKU0005,171,27,True,False,0,0,182,False,0.0,11.27,184,7
2023-12-04,STR002,SKU0001,87,0,False,False,0,0,83,False,0.0,8.94,81,3
2023-12-04,STR002,SKU0002,211,48,False,False,1,8,236,False,0.0,7.21,178,4
2023-12-04,STR002,SKU0003,37,52,True,False,0,0,53,False,0.0,2.97,64,2
2023-12-04,STR002,SKU0004,80,17,True,False,0,0,86,False,0.0,2.94,138,8
2023-12-04,STR002,SKU0005,164,0,False,False,0,0,140,False,0.0,7.66,150,7
2023-12-05,STR001,SKU0001,135,0,False,False,0,4,118,False,0.0,5.94,99,3
2023-12-05,STR001,SKU0002,176,203,True,False,1,23,320,False,0.0,9.96,219,4
2023-12-05,STR001,SKU0003,111,0,False,False,0,0,47,False,0.0,1.15,79,2
2023-12-05,STR001,SKU0004,85,54,True,False,0,0,115,False,0.0,4.45,171,8
2023-12-05,STR001,SKU0005,182,34,True,False,0,0,203,False,0.0,14.07,184,7
2023-12-05,STR002,SKU0001,83,0,False,False,0,3,76,False,0.0,8.31,81,3
2023-12-05,STR002,SKU0002,236,0,False,False,0,10,202,False,0.0,7.11,178,4
2023-12-05,STR002,SKU0003,53,77,True,False,0,0,84,False,0.0,3.87,64,2
2023-12-05,STR002,SKU0004,86,52,True,False,1,0,113,False,0.0,3.71,138,8
2023-12-05,STR002,SKU0005,140,1,True,False,0,0,137,False,0.0,6.71,150,7
2023-12-06,STR001,SKU0001,118,0,False,False,0,5,104,False,0.0,6.56,99,3
2023-12-06,STR001,SKU0002,320,1,True,False,0,15,285,False,0.0,9.41,219,4
2023-12-06,STR001,SKU0003,47,95,True,False,1,0,82,False,0.0,1.74,79,2
2023-12-06,STR001,SKU0004,115,8,True,False,0,0,97,False,0.0,3.4,171,8
2023-12-06,STR001,SKU0005,203,0,False,False,0,0,182,False,0.0,13.55,184,7
2023-12-06,STR002,SKU0001,76,43,True,False,0,4,103,False,0.0,12.02,81,3
2023-12-06,STR002,SKU0002,202,49,True,False,1,5,219,False,0.0,8.07,178,4
2023-12-06,STR002,SKU0003,84,0,False,False,0,0,45,False,0.0,1.68,64,2
2023-12-06,STR002,SKU0004,113,2,True,False,0,0,99,False,0.0,3.14,138,8
2023-12-06,STR002,SKU0005,137,0,True,False,0,0,125,False,0.0,6.48,150,7
2023-12-07,STR001,SKU0001,104,82,True,False,2,11,162,False,0.0,12.74,99,3
2023-12-07,STR001,SKU0002,285,0,False,False,0,14,241,False,0.0,9.12,219,4
2023-12-07,STR001,SKU0003,82,94,True,False,0,0,131,False,0.0,2.51,79,2
2023-12-07,STR001,SKU0004,97,87,True,False,0,0,154,False,0.0,5.04,171,8
2023-12-07,STR001,SKU0005,182,2,True,False,0,0,163,False,0.0,10.56,184,7
2023-12-07,STR002,SKU0001,103,5,True,False,0,4,94,False,0.0,10.79,81,3
2023-12-07,STR002,SKU0002,219,0,False,False,0,12,187,False,0.0,7.08,178,4
2023-12-07,STR002,SKU0003,45,46,True,False,0,0,52,False,0.0,1.67,64,2
2023-12-07,STR002,SKU0004,99,35,True,False,0,0,122,False,0.0,3.7,138,8
2023-12-07,STR002,SKU0005,125,36,True,False,0,0,146,False,0.0,8.24,150,7
2023-12-08,STR001,SKU0001,162,0,False,False,0,8,151,False,0.0,12.15,99,3
2023-12-08,STR001,SKU0002,241,0,False,False,0,8,195,False,0.0,7.3,219,4
2023-12-08,STR001,SKU0003,131,0,False,False,0,0,106,False,0.0,1.91,79,2
2023-12-08,STR001,SKU0004,154,1,True,False,0,0,125,False,0.0,3.94,171,8
2023-12-08,STR001,SKU0005,163,39,True,False,0,0,196,False,0.0,11.83,184,7
2023-12-08,STR002,SKU0001,94,0,False,False,0,5,78,False,0.0,8.4,81,3
2023-12-08,STR002,SKU0002,187,0,False,False,0,4,166,False,0.0,6.35,178,4
2023-12-08,STR002,SKU0003,52,78,True,False,0,0,84,False,0.0,2.39,64,2
2023-12-08,STR002,SKU0004,122,28,True,False,0,0,128,False,0.0,3.91,138,8
2023-12-08,STR002,SKU0005,146,1,True,False,0,0,143,False,0.0,8.63,150,7
2023-12-09,STR001,SKU0001,151,0,False,False,0,8,122,False,0.0,14.23,99,3
2023-12-09,STR001,SKU0002,195,114,True,False,1,14,278,False,0.0,9.59,219,4
2023-12-09,STR001,SKU0003,106,0,False,False,0,0,58,False,0.0,1.12,79,2
2023-12-09,STR001,SKU0004,125,4,True,False,0,0,124,False,0.0,3.84,171,8
2023-12-09,STR001,SKU0005,196,0,False,False,0,0,181,False,0.0,11.21,184,7
2023-12-09,STR002,SKU0001,78,17,True,False,0,2,81,False,0.0,8.1,81,3
2023-12-09,STR002,SKU0002,166,62,True,False,0,9,204,False,0.0,8.11,178,4
2023-12-09,STR002,SKU0003,84,0,False,False,0,0,55,False,0.0,1.44,64,2
2023-12-09,STR002,SKU0004,128,1,True,False,0,0,77,False,0.0,3.21,138,8
2023-12-09,STR002,SKU0005,143,5,True,False,0,0,128,False,0.0,9.63,150,7
2023-12-10,STR001,SKU0001,122,0,False,False,0,5,104,False,0.0,9.84,99,3
2023-12-10,STR001,SKU0002,278,0,False,False,0,13,234,False,0.0,8.4,219,4
2023-12-10,STR001,SKU0003,58,105,True,False,0,0,125,False,0.0,2.46,79,2
2023-12-10,STR001,SKU0004,124,27,True,False,0,0,116,False,0.0,4.8,171,8
2023-12-10,STR001,SKU0005,181,2,True,False,0,0,148,False,0.0,9.17,184,7
2023-12-10,STR002,SKU0001,81,0,False,False,0,1,77,False,0.0,8.98,81,3
2023-12-10,STR002,SKU0002,204,0,False,False,0,4,180,False,0.0,7.68,178,4
2023-12-10,STR002,SKU0003,55,51,True,False,0,1,60,False,0.0,1.57,64,2
2023-12-10,STR002,SKU0004,77,73,True,False,0,0,144,False,0.0,5.28,138,8
2023-12-10,STR002,SKU0005,128,6,True,False,0,0,119,False,0.0,9.05,150,7
2023-12-11,STR001,SKU0001,104,11,True,False,0,7,104,False,0.0,9.58,99,3
2023-12-11,STR001,SKU0002,234,41,True,False,0,4,248,False,0.0,8.31,219,4
2023-12-11,STR001,SKU0003,125,0,False,False,0,0,88,False,0.0,1.87,79,2
2023-12-11,STR001,SKU0004,116,68,True,False,0,0,100,False,0.0,3.78,171,8
2023-12-11,STR001,SKU0005,148,5,True,False,0,0,133,False,0.0,7.33,184,7
2023-12-11,STR002,SKU0001,77,16,True,False,0,2,80,False,0.0,10.0,81,3
2023-12-11,STR002,SKU0002,180,20,True,False,0,7,141,False,0.0,7.26,178,4
2023-12-11,STR002,SKU0003,60,60,True,False,0,0,82,False,0.0,2.05,64,2
2023-12-11,STR002,SKU0004,144,0,False,False,0,0,106,False,0.0,5.19,138,8
2023-12-11,STR002,SKU0005,119,42,True,False,0,0,135,False,0.0,10.05,150,7
2023-12-12,STR001,SKU0001,104,0,False,False,0,2,89,False,0.0,8.42,99,3
2023-12-12,STR001,SKU0002,248,0,False,False,0,7,232,False,0.0,8.37,219,4
2023-12-12,STR001,SKU0003,88,0,False,False,0,0,42,False,0.0,0.93,79,2
2023-12-12,STR001,SKU0004,100,21,True,False,0,0,86,False,0.0,2.57,171,8
2023-12-12,STR001,SKU0005,133,26,True,False,0,0,150,False,0.0,8.02,184,7
2023-12-12,STR002,SKU0001,80,11,True,False,0,2,77,False,0.0,8.56,81,3
2023-12-12,STR002,SKU0002,141,166,True,False,1,12,277,False,0.0,11.14,178,4
2023-12-12,STR002,SKU0003,82,0,False,False,0,0,54,False,0.0,1.34,64,2
2023-12-12,STR002,SKU0004,106,42,True,False,0,0,131,False,0.0,5.39,138,8
2023-12-12,STR002,SKU0005,135,0,True,True,0,0,124,False,0.0,9.04,150,7
2023-12-13,STR001,SKU0001,89,93,True,False,0,3,173,False,0.0,16.36,99,3
2023-12-13,STR001,SKU0002,232,0,False,False,0,8,204,False,0.0,8.5,219,4
2023-12-13,STR001,SKU0003,42,119,True,False,0,0,85,False,0.0,2.0,79,2
2023-12-13,STR001,SKU0004,86,64,True,False,0,0,44,False,0.0,1.26,171,8
2023-12-13,STR001,SKU0005,150,3,True,False,0,0,143,False,0.0,7.88,184,7
2023-12-13,STR002,SKU0001,77,19,True,False,0,5,90,False,0.0,8.87,81,3
2023-12-13,STR002,SKU0002,277,0,False,False,0,13,221,False,0.0,9.26,178,4
2023-12-13,STR002,SKU0003,54,103,True,False,0,0,119,False,0.0,3.16,64,2
2023-12-13,STR002,SKU0004,131,6,True,False,0,0,98,False,0.0,4.21,138,8
2023-12-13,STR002,SKU0005,124,37,True,False,0,0,142,False,0.0,9.65,150,7
2023-12-14,STR001,SKU0001,173,0,False,False,0,15,146,False,0.0,14.39,99,3
2023-12-14,STR001,SKU0002,204,76,True,False,0,5,252,False,0.0,10.56,219,4
2023-12-14,STR001,SKU0003,85,0,False,False,0,0,40,False,0.0,0.89,79,2
2023-12-14,STR001,SKU0004,44,92,True,False,0,0,71,False,0.0,1.53,171,8
2023-12-14,STR001,SKU0005,143,57,True,False,0,0,187,False,0.0,11.28,184,7
2023-12-14,STR002,SKU0001,90,0,False,False,0,4,82,False,0.0,9.57,81,3
2023-12-14,STR002,SKU0002,221,0,False,False,0,8,202,False,0.0,7.68,178,4
2023-12-14,STR002,SKU0003,119,0,False,False,0,0,73,False,0.0,1.94,64,2
2023-12-14,STR002,SKU0004,98,54,True,False,0,0,107,False,0.0,4.03,138,8
2023-12-14,STR002,SKU0005,142,5,True,False,0,0,131,False,0.0,8.34,150,7
2023-12-15,STR001,SKU0001,146,1,True,False,0,10,131,False,0.0,12.74,99,3
2023-12-15,STR001,SKU0002,252,0,False,False,0,3,238,False,0.0,10.41,219,4
2023-12-15,STR001,SKU0003,40,158,True,False,1,0,166,False,0.0,3.69,79,2
2023-12-15,STR001,SKU0004,71,67,True,False,0,0,0,True,7.5,0.0,171,8
2023-12-15,STR001,SKU0005,187,10,True,False,0,1,182,False,0.0,11.8,184,7
2023-12-15,STR002,SKU0001,82,24,True,False,1,6,78,False,0.0,10.11,81,3
2023-12-15,STR002,SKU0002,202,0,False,False,0,5,176,False,0.0,7.04,178,4
2023-12-15,STR002,SKU0003,73,0,False,False,0,0,30,False,0.0,0.78,64,2
2023-12-15,STR002,SKU0004,107,0,True,False,0,0,86,False,0.0,2.75,138,8
2023-12-15,STR002,SKU0005,131,35,True,False,0,0,157,False,0.0,9.9,150,7
2023-12-16,STR001,SKU0001,131,0,False,False,0,3,121,False,0.0,11.29,99,3
2023-12-16,STR001,SKU0002,238,141,True,False,1,18,309,False,0.0,16.26,219,4
2023-12-16,STR001,SKU0003,166,5,True,False,0,0,101,False,0.0,2.2,79,2
2023-12-16,STR001,SKU0004,0,186,True,False,1,0,0,True,7.3,0.0,171,8
2023-12-16,STR001,SKU0005,182,20,True,False,0,0,192,False,0.0,11.59,184,7
2023-12-16,STR002,SKU0001,78,59,True,False,0,2,115,False,0.0,12.58,81,3
2023-12-16,STR002,SKU0002,176,74,True,False,0,5,232,False,0.0,9.07,178,4
2023-12-16,STR002,SKU0003,30,76,True,False,0,0,60,False,0.0,1.57,64,2
2023-12-16,STR002,SKU0004,86,35,True,False,0,0,106,False,0.0,3.4,138,8
2023-12-16,STR002,SKU0005,157,0,False,False,0,0,144,False,0.0,8.69,150,7
2023-12-17,STR001,SKU0001,121,0,False,False,0,3,106,False,0.0,12.16,99,3
2023-12-17,STR001,SKU0002,309,0,False,False,0,7,283,False,0.0,11.79,219,4
2023-12-17,STR001,SKU0003,101,0,False,False,0,0,36,False,0.0,0.73,79,2
2023-12-17,STR001,SKU0004,0,135,True,False,0,0,48,False,0.0,0.52,171,8
2023-12-17,STR001,SKU0005,192,0,False,False,0,0,171,False,0.0,10.78,184,7
2023-12-17,STR002,SKU0001,115,0,False,False,0,4,102,False,0.0,9.92,81,3
2023-12-17,STR002,SKU0002,232,0,False,False,0,2,196,False,0.0,7.75,178,4
2023-12-17,STR002,SKU0003,60,41,True,False,1,0,60,False,0.0,1.48,64,2
2023-12-17,STR002,SKU0004,106,41,True,False,0,0,108,False,0.0,4.18,138,8
2023-12-17,STR002,SKU0005,144,34,True,False,0,0,163,False,0.0,10.47,150,7
2023-12-18,STR001,SKU0001,106,0,False,False,0,0,96,False,0.0,11.2,99,3
2023-12-18,STR001,SKU0002,283,0,False,False,0,10,252,False,0.0,11.31,219,4
2023-12-18,STR001,SKU0003,36,124,True,False,0,0,117,False,0.0,2.21,79,2
2023-12-18,STR001,SKU0004,48,86,True,False,1,0,0,True,8.9,0.0,171,8
2023-12-18,STR001,SKU0005,171,3,True,False,0,0,132,False,0.0,9.53,184,7
2023-12-18,STR002,SKU0001,102,0,False,False,0,3,94,False,0.0,8.44,81,3
2023-12-18,STR002,SKU0002,196,0,False,False,0,6,160,False,0.0,5.86,178,4
2023-12-18,STR002,SKU0003,60,84,True,False,0,1,113,False,0.0,2.84,64,2
2023-12-18,STR002,SKU0004,108,29,True,False,0,0,36,False,0.0,1.18,138,8
2023-12-18,STR002,SKU0005,163,0,False,False,0,0,143,False,0.0,9.18,150,7
2023-12-19,STR001,SKU0001,96,106,True,False,2,15,170,False,0.0,18.03,99,3
2023-12-19,STR001,SKU0002,252,0,False,False,0,8,196,False,0.0,8.91,219,4
2023-12-19,STR001,SKU0003,117,8,True,False,0,0,103,False,0.0,1.92,79,2
2023-12-19,STR001,SKU0004,0,122,True,False,0,0,0,True,5.7,0.0,171,8
2023-12-19,STR001,SKU0005,132,12,True,False,0,0,132,False,0.0,7.76,184,7
2023-12-19,STR002,SKU0001,94,70,True,False,0,8,150,False,0.0,14.58,81,3
2023-12-19,STR002,SKU0002,160,146,True,False,1,12,289,False,0.0,11.97,178,4
2023-12-19,STR002,SKU0003,113,7,True,False,0,0,67,False,0.0,1.73,64,2
2023-12-19,STR002,SKU0004,36,64,True,False,0,0,1,False,0.0,0.03,138,8
2023-12-19,STR002,SKU0005,143,1,True,False,0,0,139,False,0.0,9.45,150,7
2023-12-20,STR001,SKU0001,170,0,False,False,0,9,152,False,0.0,15.65,99,3
2023-12-20,STR001,SKU0002,196,48,True,False,0,10,190,False,0.0,6.89,219,4
2023-12-20,STR001,SKU0003,103,0,False,False,0,0,70,False,0.0,1.39,79,2
2023-12-20,STR001,SKU0004,0,171,True,False,1,0,0,True,6.3,0.0,171,8
2023-12-20,STR001,SKU0005,132,0,True,True,0,1,111,False,0.0,6.37,184,7
2023-12-20,STR002,SKU0001,150,0,False,False,0,13,127,False,0.0,13.47,81,3
2023-12-20,STR002,SKU0002,289,0,False,False,0,14,257,False,0.0,11.53,178,4
2023-12-20,STR002,SKU0003,67,0,False,False,0,0,34,False,0.0,0.8,64,2
2023-12-20,STR002,SKU0004,1,123,True,False,1,0,70,False,0.0,1.36,138,8
2023-12-20,STR002,SKU0005,139,2,True,False,0,0,130,False,0.0,9.38,150,7
2023-12-21,STR001,SKU0001,152,0,False,False,0,7,133,False,0.0,13.11,99,3
2023-12-21,STR001,SKU0002,190,187,True,False,1,15,327,False,0.0,10.55,219,4
2023-12-21,STR001,SKU0003,70,38,True,False,0,0,79,False,0.0,1.79,79,2
2023-12-21,STR001,SKU0004,0,104,True,False,0,0,0,True,9.0,0.0,171,8
2023-12-21,STR001,SKU0005,111,70,True,False,0,0,174,False,0.0,9.23,184,7
2023-12-21,STR002,SKU0001,127,0,False,False,0,7,113,False,0.0,10.55,81,3
2023-12-21,STR002,SKU0002,257,0,True,False,0,10,238,False,0.0,12.72,178,4
2023-12-21,STR002,SKU0003,34,100,True,False,0,0,109,False,0.0,2.62,64,2
2023-12-21,STR002,SKU0004,70,64,True,False,0,0,72,False,0.0,1.35,138,8
2023-12-21,STR002,SKU0005,130,4,True,False,0,0,106,False,0.0,8.34,150,7
2023-12-22,STR001,SKU0001,133,0,False,False,0,7,104,False,0.0,10.25,99,3
2023-12-22,STR001,SKU0002,327,0,False,False,0,8,302,False,0.0,9.27,219,4
2023-12-22,STR001,SKU0003,79,114,True,False,0,0,165,False,0.0,3.94,79,2
2023-12-22,STR001,SKU0004,0,120,True,False,0,0,0,True,7.2,0.0,171,8
2023-12-22,STR001,SKU0005,174,2,True,False,0,0,170,False,0.0,9.44,184,7
2023-12-22,STR002,SKU0001,113,0,False,False,0,0,87,False,0.0,7.81,81,3
2023-12-22,STR002,SKU0002,238,0,False,False,0,9,209,False,0.0,11.34,178,4
2023-12-22,STR002,SKU0003,109,22,True,False,0,0,91,False,0.0,2.36,64,2
2023-12-22,STR002,SKU0004,72,11,True,False,0,0,17,False,0.0,0.31,138,8
2023-12-22,STR002,SKU0005,106,59,True,False,0,1,130,False,0.0,9.01,150,7
2023-12-23,STR001,SKU0001,104,79,True,False,0,4,166,False,0.0,13.36,99,3
2023-12-23,STR001,SKU0002,302,0,False,False,0,7,248,False,0.0,7.42,219,4
2023-12-23,STR001,SKU0003,165,0,False,False,0,0,119,False,0.0,2.87,79,2
2023-12-23,STR001,SKU0004,0,103,True,False,0,0,68,False,0.0,0.52,171,8
2023-12-23,STR001,SKU0005,170,0,True,False,0,0,159,False,0.0,9.43,184,7
2023-12-23,STR002,SKU0001,87,65,True,False,0,2,107,False,0.0,9.02,81,3
2023-12-23,STR002,SKU0002,209,0,False,False,0,3,159,False,0.0,8.7,178,4
2023-12-23,STR002,SKU0003,91,0,False,False,0,0,56,False,0.0,1.47,64,2
2023-12-23,STR002,SKU0004,17,69,True,False,0,0,41,False,0.0,0.66,138,8
2023-12-23,STR002,SKU0005,130,47,True,False,0,0,155,False,0.0,8.61,150,7
2023-12-24,STR001,SKU0001,166,0,False,False,0,5,152,False,0.0,11.44,99,3
2023-12-24,STR001,SKU0002,248,0,False,False,0,1,162,False,0.0,4.93,219,4
2023-12-24,STR001,SKU0003,119,0,False,False,0,0,69,False,0.0,1.82,79,2
2023-12-24,STR001,SKU0004,68,117,True,False,0,0,130,False,0.0,1.18,171,8
2023-12-24,STR001,SKU0005,159,2,True,False,0,0,143,False,0.0,8.41,184,7
2023-12-24,STR002,SKU0001,107,0,False,False,0,0,84,False,0.0,5.55,81,3
2023-12-24,STR002,SKU0002,159,0,True,True,0,6,115,False,0.0,4.97,178,4
2023-12-24,STR002,SKU0003,56,64,True,False,0,0,86,False,0.0,2.35,64,2
2023-12-24,STR002,SKU0004,41,44,True,False,1,0,39,False,0.0,0.59,138,8
2023-12-24,STR002,SKU0005,155,0,False,False,0,0,135,False,0.0,7.0,150,7
2023-12-25,STR001,SKU0001,152,0,False,False,0,9,139,False,0.0,10.81,99,3
2023-12-25,STR001,SKU0002,162,118,True,False,0,1,208,False,0.0,4.92,219,4
2023-12-25,STR001,SKU0003,69,42,True,False,0,0,76,False,0.0,2.12,79,2
2023-12-25,STR001,SKU0004,130,2,True,False,0,0,75,False,0.0,0.71,171,8
2023-12-25,STR001,SKU0005,143,17,True,False,0,0,143,False,0.0,8.63,184,7
2023-12-25,STR002,SKU0001,84,0,False,False,0,3,45,False,0.0,2.62,81,3
2023-12-25,STR002,SKU0002,115,83,True,False,0,6,173,False,0.0,7.3,178,4
2023-12-25,STR002,SKU0003,86,58,True,False,0,0,106,False,0.0,2.97,64,2
2023-12-25,STR002,SKU0004,39,61,True,False,0,0,72,False,0.0,1.07,138,8
2023-12-25,STR002,SKU0005,135,2,True,False,0,0,124,False,0.0,6.2,150,7
2023-12-26,STR001,SKU0001,139,0,False,False,0,9,125,False,0.0,10.42,99,3
2023-12-26,STR001,SKU0002,208,69,True,False,0,6,204,False,0.0,4.13,219,4
2023-12-26,STR001,SKU0003,76,121,True,False,0,0,146,False,0.0,4.21,79,2
2023-12-26,STR001,SKU0004,75,110,True,False,0,0,131,False,0.0,1.38,171,8
2023-12-26,STR001,SKU0005,143,40,True,False,0,0,158,False,0.0,12.15,184,7
2023-12-26,STR002,SKU0001,45,91,True,False,0,6,115,False,0.0,5.33,81,3
2023-12-26,STR002,SKU0002,173,108,True,False,1,12,245,False,0.0,11.06,178,4
2023-12-26,STR002,SKU0003,106,0,False,False,0,0,73,False,0.0,1.98,64,2
2023-12-26,STR002,SKU0004,72,50,True,False,0,0,90,False,0.0,1.58,138,8
2023-12-26,STR002,SKU0005,124,41,True,False,0,0,161,False,0.0,8.47,150,7
2023-12-27,STR001,SKU0001,125,4,True,False,0,4,117,False,0.0,11.07,99,3
2023-12-27,STR001,SKU0002,204,140,True,False,0,12,276,False,0.0,5.29,219,4
2023-12-27,STR001,SKU0003,146,0,False,False,0,0,103,False,0.0,2.65,79,2
2023-12-27,STR001,SKU0004,131,2,True,False,0,0,18,False,0.0,0.21,171,8
2023-12-27,STR001,SKU0005,158,41,True,False,0,0,187,False,0.0,12.59,184,7
2023-12-27,STR002,SKU0001,115,7,True,False,0,5,86,False,0.0,3.76,81,3
2023-12-27,STR002,SKU0002,245,0,False,False,0,10,211,False,0.0,8.49,178,4
2023-12-27,STR002,SKU0003,73,0,False,False,0,0,58,False,0.0,1.71,64,2
2023-12-27,STR002,SKU0004,90,44,True,False,0,0,104,False,0.0,2.2,138,8
2023-12-27,STR002,SKU0005,161,0,False,False,0,0,149,False,0.0,7.9,150,7
2023-12-28,STR001,SKU0001,117,0,False,False,0,6,99,False,0.0,9.49,99,3
2023-12-28,STR001,SKU0002,276,0,False,False,0,7,209,False,0.0,3.88,219,4
2023-12-28,STR001,SKU0003,103,95,True,False,1,0,143,False,0.0,3.55,79,2
2023-12-28,STR001,SKU0004,18,152,True,False,0,0,132,False,0.0,1.71,171,8
2023-12-28,STR001,SKU0005,187,0,False,False,0,0,175,False,0.0,12.76,184,7
2023-12-28,STR002,SKU0001,86,0,False,False,0,1,75,False,0.0,2.9,81,3
2023-12-28,STR002,SKU0002,211,0,False,False,0,1,198,False,0.0,7.7,178,4
2023-12-28,STR002,SKU0003,58,75,True,False,0,0,84,False,0.0,2.67,64,2
2023-12-28,STR002,SKU0004,104,30,True,False,0,0,83,False,0.0,1.89,138,8
2023-12-28,STR002,SKU0005,149,14,True,False,0,0,135,False,0.0,7.11,150,7
2023-12-29,STR001,SKU0001,99,0,False,False,0,0,86,False,0.0,8.25,99,3
2023-12-29,STR001,SKU0002,209,33,True,False,1,5,216,False,0.0,3.75,219,4
2023-12-29,STR001,SKU0003,143,0,False,False,0,0,96,False,0.0,2.19,79,2
2023-12-29,STR001,SKU0004,132,3,True,False,0,0,96,False,0.0,1.42,171,8
2023-12-29,STR001,SKU0005,175,1,True,False,0,0,159,False,0.0,11.02,184,7
2023-12-29,STR002,SKU0001,75,89,True,False,0,9,142,False,0.0,5.4,81,3
2023-12-29,STR002,SKU0002,198,0,False,False,0,6,183,False,0.0,7.0,178,4
2023-12-29,STR002,SKU0003,84,0,False,False,0,0,43,False,0.0,1.23,64,2
2023-12-29,STR002,SKU0004,83,17,True,False,0,0,76,False,0.0,1.79,138,8
2023-12-29,STR002,SKU0005,135,13,True,False,1,0,139,False,0.0,7.32,150,7
2023-12-30,STR001,SKU0001,86,96,True,False,0,9,160,False,0.0,17.5,99,3
2023-12-30,STR001,SKU0002,216,31,True,False,0,3,192,False,0.0,3.31,219,4
2023-12-30,STR001,SKU0003,96,0,False,False,0,0,37,False,0.0,0.79,79,2
2023-12-30,STR001,SKU0004,96,56,True,False,0,0,134,False,0.0,2.39,171,8
2023-12-30,STR001,SKU0005,159,22,True,False,0,0,174,False,0.0,10.88,184,7
2023-12-30,STR002,SKU0001,142,0,False,False,0,6,114,False,0.0,4.67,81,3
2023-12-30,STR002,SKU0002,183,0,False,False,0,1,163,False,0.0,6.63,178,4
2023-12-30,STR002,SKU0003,43,60,True,False,0,0,56,False,0.0,1.6,64,2
2023-12-30,STR002,SKU0004,76,35,True,False,0,0,68,False,0.0,1.87,138,8
2023-12-30,STR002,SKU0005,139,36,True,False,0,0,167,False,0.0,10.93,150,7
2023-12-31,STR001,SKU0001,160,2,True,False,0,5,147,False,0.0,16.08,99,3
2023-12-31,STR001,SKU0002,192,116,True,False,1,5,244,False,0.0,4.16,219,4
2023-12-31,STR001,SKU0003,37,127,True,False,0,0,81,False,0.0,1.67,79,2
2023-12-31,STR001,SKU0004,134,2,True,False,0,0,98,False,0.0,1.82,171,8
2023-12-31,STR001,SKU0005,174,7,True,False,0,1,162,False,0.0,10.5,184,7
2023-12-31,STR002,SKU0001,114,0,True,False,0,4,99,False,0.0,4.62,81,3
2023-12-31,STR002,SKU0002,163,7,True,False,0,6,146,False,0.0,7.1,178,4
2023-12-31,STR002,SKU0003,56,74,True,False,0,0,68,False,0.0,1.85,64,2
2023-12-31,STR002,SKU0004,68,28,True,False,0,0,37,False,0.0,1.02,138,8
2023-12-31,STR002,SKU0005,167,3,True,False,0,0,148,False,0.0,11.14,150,7
2024-01-01,STR001,SKU0001,147,0,False,False,0,7,132,False,0.0,14.22,99,3
2024-01-01,STR001,SKU0002,244,0,False,False,0,7,154,False,0.0,2.81,219,4
2024-01-01,STR001,SKU0003,81,0,False,False,0,0,26,False,0.0,0.49,79,2
2024-01-01,STR001,SKU0004,98,38,True,False,1,0,78,False,0.0,1.52,171,8
2024-01-01,STR001,SKU0005,162,17,True,False,0,0,162,False,0.0,10.5,184,7
2024-01-01,STR002,SKU0001,99,0,False,False,0,0,32,False,0.0,1.62,81,3
2024-01-01,STR002,SKU0002,146,82,True,False,0,6,202,False,0.0,11.4,178,4
2024-01-01,STR002,SKU0003,68,0,False,False,0,0,9,False,0.0,0.22,64,2
2024-01-01,STR002,SKU0004,37,111,True,False,0,0,119,False,0.0,3.12,138,8
2024-01-01,STR002,SKU0005,148,29,True,False,0,0,172,False,0.0,12.67,150,7
2024-01-02,STR001,SKU0001,132,0,False,False,0,8,106,False,0.0,10.75,99,3
2024-01-02,STR001,SKU0002,154,224,True,False,1,12,348,False,0.0,6.15,219,4
2024-01-02,STR001,SKU0003,26,87,True,False,0,0,55,False,0.0,0.98,79,2
2024-01-02,STR001,SKU0004,78,108,True,False,1,0,140,False,0.0,2.73,171,8
2024-01-02,STR001,SKU0005,162,0,True,False,0,0,143,False,0.0,9.27,184,7
2024-01-02,STR002,SKU0001,32,116,True,False,0,1,102,False,0.0,4.22,81,3
2024-01-02,STR002,SKU0002,202,0,False,False,0,4,175,False,0.0,9.8,178,4
2024-01-02,STR002,SKU0003,9,95,True,False,0,0,26,False,0.0,0.59,64,2
2024-01-02,STR002,SKU0004,119,4,True,False,0,0,94,False,0.0,2.46,138,8
2024-01-02,STR002,SKU0005,172,0,False,False,0,0,155,False,0.0,12.47,150,7
2024-01-03,STR001,SKU0001,106,0,False,False,0,8,87,False,0.0,7.43,99,3
2024-01-03,STR001,SKU0002,348,0,False,False,0,16,293,False,0.0,5.93,219,4
2024-01-03,STR001,SKU0003,55,53,True,False,0,0,80,False,0.0,1.4,79,2
2024-01-03,STR001,SKU0004,140,12,True,False,0,0,133,False,0.0,2.66,171,8
2024-01-03,STR001,SKU0005,143,0,True,False,0,0,109,False,0.0,7.48,184,7
2024-01-03,STR002,SKU0001,102,0,False,False,0,0,51,False,0.0,1.79,81,3
2024-01-03,STR002,SKU0002,175,24,True,False,0,4,178,False,0.0,9.97,178,4
2024-01-03,STR002,SKU0003,26,90,True,False,0,0,97,False,0.0,1.93,64,2
2024-01-03,STR002,SKU0004,94,54,True,False,1,0,133,False,0.0,3.51,138,8
2024-01-03,STR002,SKU0005,155,0,False,False,0,0,138,False,0.0,9.66,150,7
2024-01-04,STR001,SKU0001,87,114,True,False,0,10,177,False,0.0,14.58,99,3
2024-01-04,STR001,SKU0002,293,0,False,False,0,9,256,False,0.0,5.45,219,4
2024-01-04,STR001,SKU0003,80,0,False,False,0,0,71,False,0.0,1.29,79,2
2024-01-04,STR001,SKU0004,133,22,True,False,0,0,141,False,0.0,3.89,171,8
2024-01-04,STR001,SKU0005,109,108,True,False,1,0,192,False,0.0,10.84,184,7
2024-01-04,STR002,SKU0001,51,57,True,False,0,3,68,False,0.0,2.17,81,3
2024-01-04,STR002,SKU0002,178,0,False,False,0,2,154,False,0.0,9.14,178,4
2024-01-04,STR002,SKU0003,97,0,False,False,0,1,76,False,0.0,1.5,64,2
2024-01-04,STR002,SKU0004,133,0,True,False,0,0,128,False,0.0,3.6,138,8
2024-01-04,STR002,SKU0005,138,24,True,False,0,0,145,False,0.0,9.67,150,7
2024-01-05,STR001,SKU0001,177,0,False,False,0,5,140,False,0.0,11.26,99,3
2024-01-05,STR001,SKU0002,256,5,True,False,0,11,209,False,0.0,4.93,219,4
2024-01-05,STR001,SKU0003,71,88,True,False,0,0,138,False,0.0,2.85,79,2
2024-01-05,STR001,SKU0004,141,4,True,False,0,0,132,False,0.0,4.02,171,8
2024-01-05,STR001,SKU0005,192,0,False,False,0,0,185,False,0.0,9.52,184,7
2024-01-05,STR002,SKU0001,68,28,True,False,0,1,66,False,0.0,1.88,81,3
2024-01-05,STR002,SKU0002,154,74,True,False,0,9,194,False,0.0,10.61,178,4
2024-01-05,STR002,SKU0003,76,0,False,False,0,0,44,False,0.0,0.94,64,2
2024-01-05,STR002,SKU0004,128,4,True,False,0,0,128,False,0.0,4.41,138,8
2024-01-05,STR002,SKU0005,145,31,True,False,0,0,170,False,0.0,12.66,150,7
2024-01-06,STR001,SKU0001,140,0,False,False,0,4,122,False,0.0,8.06,99,3
2024-01-06,STR001,SKU0002,209,104,True,False,0,10,290,False,0.0,6.38,219,4
2024-01-06,STR001,SKU0003,138,3,True,False,0,0,118,False,0.0,2.64,79,2
2024-01-06,STR001,SKU0004,132,37,True,False,0,0,150,False,0.0,5.15,171,8
2024-01-06,STR001,SKU0005,185,0,False,False,0,1,180,False,0.0,10.0,184,7
2024-01-06,STR002,SKU0001,66,39,True,False,0,4,65,False,0.0,1.74,81,3
2024-01-06,STR002,SKU0002,194,0,False,False,0,2,160,False,0.0,7.78,178,4
2024-01-06,STR002,SKU0003,44,115,True,False,0,0,136,False,0.0,3.0,64,2
2024-01-06,STR002,SKU0004,128,2,True,False,0,0,116,False,0.0,4.44,138,8
2024-01-06,STR002,SKU0005,170,0,False,False,0,0,148,False,0.0,11.26,150,7
2024-01-07,STR001,SKU0001,122,0,False,False,0,1,102,False,0.0,6.67,99,3
2024-01-07,STR001,SKU0002,290,0,False,False,0,4,253,False,0.0,6.35,219,4
2024-01-07,STR001,SKU0003,118,0,False,False,0,0,99,False,0.0,2.5,79,2
2024-01-07,STR001,SKU0004,150,33,True,False,0,0,163,False,0.0,5.57,171,8
2024-01-07,STR001,SKU0005,180,36,True,False,1,0,203,False,0.0,11.55,184,7
2024-01-07,STR002,SKU0001,65,71,True,False,1,1,114,False,0.0,2.89,81,3
2024-01-07,STR002,SKU0002,160,12,True,False,0,4,150,False,0.0,6.69,178,4
2024-01-07,STR002,SKU0003,136,0,False,False,0,0,99,False,0.0,2.37,64,2
2024-01-07,STR002,SKU0004,116,34,True,False,0,0,139,False,0.0,6.32,138,8
2024-01-07,STR002,SKU0005,148,2,True,False,0,0,118,False,0.0,7.79,150,7
2024-01-08,STR001,SKU0001,102,15,True,False,0,4,59,False,0.0,3.56,99,3
2024-01-08,STR001,SKU0002,253,0,False,False,0,6,215,False,0.0,5.93,219,4
2024-01-08,STR001,SKU0003,99,0,False,False,0,0,70,False,0.0,2.3,79,2
2024-01-08,STR001,SKU0004,163,0,True,False,0,0,155,False,0.0,5.8,171,8
2024-01-08,STR001,SKU0005,203,14,True,False,0,0,206,False,0.0,12.32,184,7
2024-01-08,STR002,SKU0001,114,37,True,False,0,3,141,False,0.0,3.46,81,3
2024-01-08,STR002,SKU0002,150,131,True,False,1,13,258,False,0.0,11.5,178,4
2024-01-08,STR002,SKU0003,99,0,False,False,0,0,78,False,0.0,2.04,64,2
2024-01-08,STR002,SKU0004,139,0,False,False,0,1,133,False,0.0,8.78,138,8
2024-01-08,STR002,SKU0005,118,47,True,False,0,0,156,False,0.0,9.41,150,7
2024-01-09,STR001,SKU0001,59,75,True,False,0,2,95,False,0.0,4.1,99,3
2024-01-09,STR001,SKU0002,215,163,True,False,1,15,337,False,0.0,11.62,219,4
2024-01-09,STR001,SKU0003,70,126,True,False,0,0,183,False,0.0,6.85,79,2
2024-01-09,STR001,SKU0004,155,16,True,False,0,0,154,False,0.0,7.81,171,8
2024-01-09,STR001,SKU0005,206,0,False,False,0,0,186,False,0.0,11.73,184,7
2024-01-09,STR002,SKU0001,141,0,False,False,0,2,124,False,0.0,3.86,81,3
2024-01-09,STR002,SKU0002,258,0,False,False,0,9,229,False,0.0,10.98,178,4
2024-01-09,STR002,SKU0003,78,79,True,False,0,0,110,False,0.0,3.35,64,2
2024-01-09,STR002,SKU0004,133,2,True,False,0,0,124,False,0.0,10.59,138,8
2024-01-09,STR002,SKU0005,156,0,False,False,0,0,144,False,0.0,8.4,150,7
2024-01-10,STR001,SKU0001,95,91,True,False,0,8,175,False,0.0,6.77,99,3
2024-01-10,STR001,SKU0002,337,8,True,False,0,9,309,False,0.0,10.25,219,4
2024-01-10,STR001,SKU0003,183,0,False,False,0,0,163,False,0.0,8.04,79,2
2024-01-10,STR001,SKU0004,154,5,True,False,0,0,137,False,0.0,8.72,171,8
2024-01-10,STR001,SKU0005,186,0,False,False,0,0,165,False,0.0,10.31,184,7
2024-01-10,STR002,SKU0001,124,0,False,False,0,1,102,False,0.0,3.66,81,3
2024-01-10,STR002,SKU0002,229,0,True,True,0,5,211,False,0.0,10.33,178,4
2024-01-10,STR002,SKU0003,110,0,False,False,0,0,93,False,0.0,3.27,64,2
2024-01-10,STR002,SKU0004,124,4,True,False,0,0,105,False,0.0,11.48,138,8
2024-01-10,STR002,SKU0005,144,0,True,True,0,0,131,False,0.0,7.97,150,7
2024-01-11,STR001,SKU0001,175,0,False,False,0,6,161,False,0.0,6.51,99,3
2024-01-11,STR001,SKU0002,309,0,False,False,0,10,246,False,0.0,8.65,219,4
2024-01-11,STR001,SKU0003,163,0,False,False,0,0,155,False,0.0,8.1,79,2
2024-01-11,STR001,SKU0004,137,2,True,False,0,0,129,False,0.0,7.99,171,8
2024-01-11,STR001,SKU0005,165,2,True,False,0,0,145,False,0.0,10.25,184,7
2024-01-11,STR002,SKU0001,102,0,False,False,0,3,86,False,0.0,3.65,81,3
2024-01-11,STR002,SKU0002,211,68,False,False,0,13,238,False,0.0,11.99,178,4
2024-01-11,STR002,SKU0003,93,0,False,False,0,0,83,False,0.0,2.95,64,2
2024-01-11,STR002,SKU0004,105,3,True,False,0,0,21,False,0.0,2.01,138,8
2024-01-11,STR002,SKU0005,131,78,True,False,0,0,192,False,0.0,12.11,150,7
2024-01-12,STR001,SKU0001,161,4,True,False,0,20,135,False,0.0,5.66,99,3
2024-01-12,STR001,SKU0002,246,0,False,False,0,7,218,False,0.0,6.81,219,4
2024-01-12,STR001,SKU0003,155,9,True,False,0,0,140,False,0.0,7.37,79,2
2024-01-12,STR001,SKU0004,129,1,True,False,0,0,115,False,0.0,7.39,171,8
2024-01-12,STR001,SKU0005,145,38,True,False,0,0,174,False,0.0,12.56,184,7
2024-01-12,STR002,SKU0001,86,61,True,False,0,4,133,False,0.0,6.6,81,3
2024-01-12,STR002,SKU0002,238,68,False,False,0,19,274,False,0.0,13.23,178,4
2024-01-12,STR002,SKU0003,83,77,True,False,1,0,138,False,0.0,5.17,64,2
2024-01-12,STR002,SKU0004,21,87,True,False,1,0,84,False,0.0,3.79,138,8
2024-01-12,STR002,SKU0005,192,31,False,False,0,0,208,False,0.0,13.12,150,7
2024-01-13,STR001,SKU0001,135,0,False,False,0,8,121,False,0.0,5.84,99,3
2024-01-13,STR001,SKU0002,218,158,True,False,0,7,343,False,0.0,11.77,219,4
2024-01-13,STR001,SKU0003,140,0,False,False,0,0,125,False,0.0,6.43,79,2
2024-01-13,STR001,SKU0004,115,56,True,False,0,0,138,False,0.0,8.7,171,8
2024-01-13,STR001,SKU0005,174,9,True,False,0,0,166,False,0.0,11.74,184,7
2024-01-13,STR002,SKU0001,133,0,False,False,0,1,110,False,0.0,6.31,81,3
2024-01-13,STR002,SKU0002,274,68,False,False,0,15,309,False,0.0,16.26,178,4
2024-01-13,STR002,SKU0003,138,0,False,False,0,0,119,False,0.0,4.73,64,2
2024-01-13,STR002,SKU0004,84,53,True,False,0,0,90,False,0.0,3.62,138,8
2024-01-13,STR002,SKU0005,208,0,False,False,0,0,193,False,0.0,11.26,150,7
2024-01-14,STR001,SKU0001,121,0,False,False,0,3,103,False,0.0,5.26,99,3
2024-01-14,STR001,SKU0002,343,0,False,False,0,12,294,False,0.0,9.48,219,4
2024-01-14,STR001,SKU0003,125,0,False,False,0,0,100,False,0.0,5.47,79,2
2024-01-14,STR001,SKU0004,138,3,True,False,0,0,137,False,0.0,7.67,171,8
2024-01-14,STR001,SKU0005,166,3,True,False,0,0,153,False,0.0,9.56,184,7
2024-01-14,STR002,SKU0001,110,0,False,False,0,0,24,False,0.0,1.56,81,3
2024-01-14,STR002,SKU0002,309,0,False,False,0,13,279,False,0.0,16.41,178,4
2024-01-14,STR002,SKU0003,119,0,False,False,0,0,98,False,0.0,3.99,64,2
2024-01-14,STR002,SKU0004,90,31,True,False,0,0,94,False,0.0,3.18,138,8
2024-01-14,STR002,SKU0005,193,0,False,False,0,0,176,False,0.0,10.9,150,7
2024-01-15,STR001,SKU0001,103,0,False,False,0,1,90,False,0.0,4.74,99,3
2024-01-15,STR001,SKU0002,294,4,True,False,0,10,264,False,0.0,8.36,219,4
2024-01-15,STR001,SKU0003,100,95,True,False,1,0,178,False,0.0,9.3,79,2
2024-01-15,STR001,SKU0004,137,3,True,False,0,0,133,False,0.0,8.54,171,8
2024-01-15,STR001,SKU0005,153,8,True,False,0,0,143,False,0.0,8.63,184,7
2024-01-15,STR002,SKU0001,24,141,True,False,0,5,116,False,0.0,4.67,81,3
2024-01-15,STR002,SKU0002,279,5,True,False,0,16,247,False,0.0,14.65,178,4
2024-01-15,STR002,SKU0003,98,22,True,False,0,0,96,False,0.0,4.31,64,2
2024-01-15,STR002,SKU0004,94,18,True,False,0,0,92,False,0.0,2.89,138,8
2024-01-15,STR002,SKU0005,176,0,False,False,0,0,170,False,0.0,12.14,150,7
2024-01-16,STR001,SKU0001,90,79,True,False,0,9,149,False,0.0,11.46,99,3
2024-01-16,STR001,SKU0002,264,0,False,False,0,10,252,False,0.0,8.28,219,4
2024-01-16,STR001,SKU0003,178,0,False,False,0,0,164,False,0.0,9.49,79,2
2024-01-16,STR001,SKU0004,133,6,True,False,0,0,129,False,0.0,8.36,171,8
2024-01-16,STR001,SKU0005,143,40,True,False,0,0,169,False,0.0,9.62,184,7
2024-01-16,STR002,SKU0001,116,0,True,False,0,0,43,False,0.0,1.43,81,3
2024-01-16,STR002,SKU0002,247,0,False,False,0,10,220,False,0.0,11.85,178,4
2024-01-16,STR002,SKU0003,96,0,False,False,0,0,86,False,0.0,3.79,64,2
2024-01-16,STR002,SKU0004,92,3,True,False,0,0,25,False,0.0,0.74,138,8
2024-01-16,STR002,SKU0005,170,5,True,False,0,0,145,False,0.0,10.68,150,7
2024-01-17,STR001,SKU0001,149,0,False,False,0,10,123,False,0.0,13.25,99,3
2024-01-17,STR001,SKU0002,252,0,False,False,0,5,227,False,0.0,8.36,219,4
2024-01-17,STR001,SKU0003,164,0,False,False,0,0,154,False,0.0,8.84,79,2
2024-01-17,STR001,SKU0004,129,0,True,False,0,0,110,False,0.0,7.62,171,8
2024-01-17,STR001,SKU0005,169,4,True,False,0,0,157,False,0.0,9.39,184,7
2024-01-17,STR002,SKU0001,43,63,True,False,0,0,91,False,0.0,2.37,81,3
2024-01-17,STR002,SKU0002,220,0,False,False,0,9,178,False,0.0,9.81,178,4
2024-01-17,STR002,SKU0003,86,0,False,False,0,0,74,False,0.0,4.25,64,2
2024-01-17,STR002,SKU0004,25,0,True,True,0,0,0,True,9.2,0.0,138,8
2024-01-17,STR002,SKU0005,145,3,True,False,0,0,140,False,0.0,8.67,150,7
2024-01-18,STR001,SKU0001,123,0,False,False,0,3,103,False,0.0,9.24,99,3
2024-01-18,STR001,SKU0002,227,0,False,False,0,8,203,False,0.0,7.77,219,4
2024-01-18,STR001,SKU0003,154,7,True,False,0,0,148,False,0.0,9.25,79,2
2024-01-18,STR001,SKU0004,110,59,True,False,0,0,146,False,0.0,10.43,171,8
2024-01-18,STR001,SKU0005,157,26,True,False,0,0,164,False,0.0,10.25,184,7
2024-01-18,STR002,SKU0001,91,0,False,False,0,0,58,False,0.0,1.54,81,3
2024-01-18,STR002,SKU0002,178,0,False,False,0,8,146,False,0.0,6.95,178,4
2024-01-18,STR002,SKU0003,74,19,True,False,0,0,84,False,0.0,5.03,64,2
2024-01-18,STR002,SKU0004,0,182,True,False,0,0,144,False,0.0,3.37,138,8
2024-01-18,STR002,SKU0005,140,0,True,False,0,0,138,False,0.0,8.94,150,7
2024-01-19,STR001,SKU0001,103,0,False,False,0,5,76,False,0.0,6.11,99,3
2024-01-19,STR001,SKU0002,203,6,True,False,0,4,183,False,0.0,8.77,219,4
2024-01-19,STR001,SKU0003,148,0,False,False,0,0,136,False,0.0,8.14,79,2
2024-01-19,STR001,SKU0004,146,9,True,False,0,0,145,False,0.0,9.14,171,8
2024-01-19,STR001,SKU0005,164,4,True,False,0,0,153,False,0.0,9.83,184,7
2024-01-19,STR002,SKU0001,58,79,True,False,1,0,99,False,0.0,2.45,81,3
2024-01-19,STR002,SKU0002,146,131,True,False,0,8,176,False,0.0,8.62,178,4
2024-01-19,STR002,SKU0003,84,0,False,False,0,0,73,False,0.0,4.41,64,2
2024-01-19,STR002,SKU0004,144,33,False,False,1,0,167,False,0.0,4.68,138,8
2024-01-19,STR002,SKU0005,138,4,True,False,0,0,123,False,0.0,9.26,150,7
2024-01-20,STR001,SKU0001,76,105,True,False,1,1,160,False,0.0,11.31,99,3
2024-01-20,STR001,SKU0002,183,160,True,False,2,10,314,False,0.0,14.95,219,4
2024-01-20,STR001,SKU0003,136,0,False,False,0,0,118,False,0.0,7.87,79,2
2024-01-20,STR001,SKU0004,145,38,True,False,0,0,179,False,0.0,11.82,171,8
2024-01-20,STR001,SKU0005,153,4,True,False,0,0,149,False,0.0,9.07,184,7
2024-01-20,STR002,SKU0001,99,8,True,False,0,2,92,False,0.0,2.08,81,3
2024-01-20,STR002,SKU0002,176,129,True,False,2,1,235,False,0.0,7.38,178,4
2024-01-20,STR002,SKU0003,73,0,False,False,0,0,56,False,0.0,3.7,64,2
2024-01-20,STR002,SKU0004,167,5,True,False,0,0,150,False,0.0,4.45,138,8
2024-01-20,STR002,SKU0005,123,42,True,False,0,0,144,False,0.0,10.39,150,7
2024-01-21,STR001,SKU0001,160,0,False,False,0,1,94,False,0.0,5.88,99,3
2024-01-21,STR001,SKU0002,314,0,False,False,0,12,263,False,0.0,13.34,219,4
2024-01-21,STR001,SKU0003,118,60,True,False,0,0,167,False,0.0,10.82,79,2
2024-01-21,STR001,SKU0004,179,0,False,False,0,0,173,False,0.0,15.73,171,8
2024-01-21,STR001,SKU0005,149,0,True,True,0,0,130,False,0.0,8.58,184,7
2024-01-21,STR002,SKU0001,92,0,False,False,0,0,85,False,0.0,1.98,81,3
2024-01-21,STR002,SKU0002,235,0,False,False,0,4,188,False,0.0,4.84,178,4
2024-01-21,STR002,SKU0003,56,48,True,False,0,0,87,False,0.0,5.86,64,2
2024-01-21,STR002,SKU0004,150,0,False,False,0,0,138,False,0.0,4.58,138,8
2024-01-21,STR002,SKU0005,144,5,True,False,0,0,118,False,0.0,8.02,150,7
2024-01-22,STR001,SKU0001,94,74,True,False,0,4,139,False,0.0,6.01,99,3
2024-01-22,STR001,SKU0002,263,0,False,False,0,8,241,False,0.0,12.05,219,4
2024-01-22,STR001,SKU0003,167,0,False,False,0,0,144,False,0.0,10.72,79,2
2024-01-22,STR001,SKU0004,173,0,False,False,0,0,168,False,0.0,14.89,171,8
2024-01-22,STR001,SKU0005,130,0,True,True,0,0,107,False,0.0,6.87,184,7
2024-01-22,STR002,SKU0001,85,0,False,False,0,2,69,False,0.0,2.18,81,3
2024-01-22,STR002,SKU0002,188,0,False,False,0,4,112,False,0.0,2.63,178,4
2024-01-22,STR002,SKU0003,87,0,False,False,0,0,79,False,0.0,5.53,64,2
2024-01-22,STR002,SKU0004,138,0,False,False,0,0,117,False,0.0,4.18,138,8
2024-01-22,STR002,SKU0005,118,31,True,False,0,0,139,False,0.0,8.32,150,7
2024-01-23,STR001,SKU0001,139,0,False,False,0,1,121,False,0.0,4.84,99,3
2024-01-23,STR001,SKU0002,241,0,False,False,0,5,191,False,0.0,10.28,219,4
2024-01-23,STR001,SKU0003,144,0,False,False,0,0,133,False,0.0,9.22,79,2
2024-01-23,STR001,SKU0004,168,5,True,False,0,0,156,False,0.0,14.18,171,8
2024-01-23,STR001,SKU0005,107,71,True,False,0,0,167,False,0.0,10.25,184,7
2024-01-23,STR002,SKU0001,69,54,True,False,0,6,105,False,0.0,3.83,81,3
2024-01-23,STR002,SKU0002,112,141,True,False,0,2,184,False,0.0,3.69,178,4
2024-01-23,STR002,SKU0003,79,0,False,False,0,0,67,False,0.0,5.58,64,2
2024-01-23,STR002,SKU0004,117,30,True,False,0,0,121,False,0.0,4.3,138,8
2024-01-23,STR002,SKU0005,139,2,True,False,0,0,123,False,0.0,7.12,150,7
2024-01-24,STR001,SKU0001,121,62,True,False,1,5,161,False,0.0,6.23,99,3
2024-01-24,STR001,SKU0002,191,118,True,False,0,13,274,False,0.0,11.09,219,4
2024-01-24,STR001,SKU0003,133,26,True,False,0,0,139,False,0.0,9.93,79,2
2024-01-24,STR001,SKU0004,156,30,True,False,0,0,171,False,0.0,14.25,171,8
2024-01-24,STR001,SKU0005,167,55,True,False,0,0,202,False,0.0,12.74,184,7
2024-01-24,STR002,SKU0001,105,4,True,False,0,8,93,False,0.0,4.97,81,3
2024-01-24,STR002,SKU0002,184,0,False,False,0,0,119,False,0.0,2.09,178,4
2024-01-24,STR002,SKU0003,67,49,True,False,0,0,109,False,0.0,8.87,64,2
2024-01-24,STR002,SKU0004,121,28,True,False,0,0,127,False,0.0,5.81,138,8
2024-01-24,STR002,SKU0005,123,2,True,False,0,0,102,False,0.0,6.55,150,7
2024-01-25,STR001,SKU0001,161,0,False,False,0,5,114,False,0.0,4.41,99,3
2024-01-25,STR001,SKU0002,274,103,True,False,2,17,305,False,0.0,12.2,219,4
2024-01-25,STR001,SKU0003,139,0,False,False,0,0,118,False,0.0,7.65,79,2
2024-01-25,STR001,SKU0004,171,0,False,False,0,0,152,False,0.0,13.3,171,8
2024-01-25,STR001,SKU0005,202,0,False,False,0,0,188,False,0.0,11.44,184,7
2024-01-25,STR002,SKU0001,93,0,False,False,0,0,86,False,0.0,4.85,81,3
2024-01-25,STR002,SKU0002,119,107,True,False,0,2,181,False,0.0,2.94,178,4
2024-01-25,STR002,SKU0003,109,0,False,False,0,0,101,False,0.0,8.73,64,2
2024-01-25,STR002,SKU0004,127,2,True,False,0,0,110,False,0.0,5.13,138,8
2024-01-25,STR002,SKU0005,102,3,True,False,0,0,92,False,0.0,5.19,150,7
2024-01-26,STR001,SKU0001,114,0,False,False,0,2,41,False,0.0,1.39,99,3
2024-01-26,STR001,SKU0002,305,0,False,False,0,15,268,False,0.0,8.85,219,4
2024-01-26,STR001,SKU0003,118,0,False,False,0,0,94,False,0.0,5.67,79,2
2024-01-26,STR001,SKU0004,152,18,True,False,0,0,165,False,0.0,15.2,171,8
2024-01-26,STR001,SKU0005,188,0,False,False,0,0,156,False,0.0,9.93,184,7
2024-01-26,STR002,SKU0001,86,0,False,False,0,5,71,False,0.0,5.07,81,3
2024-01-26,STR002,SKU0002,181,0,False,False,0,2,70,False,0.0,1.09,178,4
2024-01-26,STR002,SKU0003,101,0,False,False,0,0,95,False,0.0,8.31,64,2
2024-01-26,STR002,SKU0004,110,26,True,False,0,0,101,False,0.0,5.4,138,8
2024-01-26,STR002,SKU0005,92,84,True,False,0,0,166,False,0.0,8.61,150,7
2024-01-27,STR001,SKU0001,41,90,True,False,0,0,118,False,0.0,3.24,99,3
2024-01-27,STR001,SKU0002,268,0,False,False,0,7,229,False,0.0,7.56,219,4
2024-01-27,STR001,SKU0003,94,87,True,False,2,0,145,False,0.0,7.93,79,2
2024-01-27,STR001,SKU0004,165,2,True,False,0,0,156,False,0.0,15.38,171,8
2024-01-27,STR001,SKU0005,156,60,True,False,0,0,200,False,0.0,11.02,184,7
2024-01-27,STR002,SKU0001,71,79,True,False,1,10,120,False,0.0,11.83,81,3
2024-01-27,STR002,SKU0002,70,102,True,False,1,1,90,False,0.0,1.35,178,4
2024-01-27,STR002,SKU0003,95,11,True,False,0,0,87,False,0.0,8.12,64,2
2024-01-27,STR002,SKU0004,101,1,True,False,0,0,72,False,0.0,3.21,138,8
2024-01-27,STR002,SKU0005,166,0,False,False,0,1,144,False,0.0,8.0,150,7
2024-01-28,STR001,SKU0001,118,33,True,False,0,1,121,False,0.0,3.4,99,3
2024-01-28,STR001,SKU0002,229,0,False,False,0,7,169,False,0.0,5.21,219,4
2024-01-28,STR001,SKU0003,145,0,False,False,0,0,120,False,0.0,5.83,79,2
2024-01-28,STR001,SKU0004,156,0,True,True,0,0,146,False,0.0,13.1,171,8
2024-01-28,STR001,SKU0005,200,0,False,False,0,0,173,False,0.0,8.97,184,7
2024-01-28,STR002,SKU0001,120,1,True,False,0,4,115,False,0.0,10.45,81,3
2024-01-28,STR002,SKU0002,90,83,True,False,0,4,125,False,0.0,1.83,178,4
2024-01-28,STR002,SKU0003,87,0,False,False,0,0,63,False,0.0,5.73,64,2
2024-01-28,STR002,SKU0004,72,80,True,False,0,0,148,False,0.0,6.28,138,8
2024-01-28,STR002,SKU0005,144,4,True,False,0,0,134,False,0.0,7.44,150,7
2024-01-29,STR001,SKU0001,121,0,False,False,0,1,91,False,0.0,2.99,99,3
2024-01-29,STR001,SKU0002,169,45,True,False,2,4,174,False,0.0,5.05,219,4
2024-01-29,STR001,SKU0003,120,0,False,False,0,0,96,False,0.0,4.25,79,2
2024-01-29,STR001,SKU0004,146,2,True,False,0,0,141,False,0.0,12.04,171,8
2024-01-29,STR001,SKU0005,173,5,True,False,0,0,165,False,0.0,8.08,184,7
2024-01-29,STR002,SKU0001,115,0,False,False,0,6,103,False,0.0,10.01,81,3
2024-01-29,STR002,SKU0002,125,183,True,False,1,12,283,False,0.0,4.13,178,4
2024-01-29,STR002,SKU0003,63,40,True,False,1,0,88,False,0.0,7.33,64,2
2024-01-29,STR002,SKU0004,148,1,True,False,0,0,102,False,0.0,4.55,138,8
2024-01-29,STR002,SKU0005,134,4,True,False,0,0,135,False,0.0,8.67,150,7
2024-01-30,STR001,SKU0001,91,58,True,False,0,3,100,False,0.0,3.23,99,3
2024-01-30,STR001,SKU0002,174,36,True,False,0,5,190,False,0.0,5.1,219,4
2024-01-30,STR001,SKU0003,96,33,True,False,0,0,110,False,0.0,4.84,79,2
2024-01-30,STR001,SKU0004,141,0,True,False,0,0,115,False,0.0,9.58,171,8
2024-01-30,STR001,SKU0005,165,16,True,False,0,0,141,False,0.0,7.42,184,7
2024-01-30,STR002,SKU0001,103,0,False,False,0,5,89,False,0.0,9.73,81,3
2024-01-30,STR002,SKU0002,283,24,True,False,0,13,277,False,0.0,4.62,178,4
2024-01-30,STR002,SKU0003,88,57,True,False,0,0,134,False,0.0,10.42,64,2
2024-01-30,STR002,SKU0004,102,37,True,False,0,0,127,False,0.0,4.86,138,8
2024-01-30,STR002,SKU0005,135,5,True,False,0,0,127,False,0.0,8.72,150,7
2024-01-31,STR001,SKU0001,100,0,False,False,0,0,83,False,0.0,2.36,99,3
2024-01-31,STR001,SKU0002,190,156,True,False,1,16,294,False,0.0,8.91,219,4
2024-01-31,STR001,SKU0003,110,0,False,False,0,0,87,False,0.0,3.65,79,2
2024-01-31,STR001,SKU0004,115,4,True,False,0,0,112,False,0.0,8.43,171,8
2024-01-31,STR001,SKU0005,141,3,True,False,0,0,124,False,0.0,5.36,184,7
2024-01-31,STR002,SKU0001,89,0,False,False,0,4,75,False,0.0,8.61,81,3
2024-01-31,STR002,SKU0002,277,0,False,False,0,10,229,False,0.0,4.33,178,4
2024-01-31,STR002,SKU0003,134,0,False,False,0,0,118,False,0.0,9.28,64,2
2024-01-31,STR002,SKU0004,127,7,True,False,0,0,113,False,0.0,4.68,138,8
2024-01-31,STR002,SKU0005,127,5,True,False,0,0,109,False,0.0,7.87,150,7
2024-02-01,STR001,SKU0001,83,100,True,False,2,0,141,False,0.0,4.0,99,3
2024-02-01,STR001,SKU0002,294,0,False,False,0,8,254,False,0.0,7.29,219,4
2024-02-01,STR001,SKU0003,87,0,False,False,0,0,72,False,0.0,2.96,79,2
2024-02-01,STR001,SKU0004,112,8,True,False,0,0,74,False,0.0,6.09,171,8
2024-02-01,STR001,SKU0005,124,95,True,False,0,0,202,False,0.0,8.73,184,7
2024-02-01,STR002,SKU0001,75,63,True,False,0,6,124,False,0.0,13.78,81,3
2024-02-01,STR002,SKU0002,229,0,False,False,0,3,210,False,0.0,4.29,178,4
2024-02-01,STR002,SKU0003,118,0,False,False,0,0,89,False,0.0,6.36,64,2
2024-02-01,STR002,SKU0004,113,1,True,False,0,0,104,False,0.0,4.33,138,8
2024-02-01,STR002,SKU0005,109,22,True,False,1,0,112,False,0.0,8.08,150,7
2024-02-02,STR001,SKU0001,141,0,False,False,0,5,132,False,0.0,3.77,99,3
2024-02-02,STR001,SKU0002,254,0,False,False,0,7,218,False,0.0,6.84,219,4
2024-02-02,STR001,SKU0003,72,89,True,False,0,0,138,False,0.0,5.89,79,2
2024-02-02,STR001,SKU0004,74,110,True,False,0,0,173,False,0.0,10.81,171,8
2024-02-02,STR001,SKU0005,202,0,False,False,0,0,182,False,0.0,7.72,184,7
2024-02-02,STR002,SKU0001,124,0,False,False,0,11,103,False,0.0,11.27,81,3
2024-02-02,STR002,SKU0002,210,0,False,False,0,4,156,False,0.0,3.46,178,4
2024-02-02,STR002,SKU0003,89,16,True,False,0,0,78,False,0.0,4.59,64,2
2024-02-02,STR002,SKU0004,104,8,True,False,0,0,105,False,0.0,4.62,138,8
2024-02-02,STR002,SKU0005,112,68,True,False,0,0,161,False,0.0,11.05,150,7
2024-02-03,STR001,SKU0001,132,0,False,False,0,7,110,False,0.0,4.33,99,3
2024-02-03,STR001,SKU0002,218,27,True,False,0,3,224,False,0.0,6.82,219,4
2024-02-03,STR001,SKU0003,138,0,False,False,0,0,114,False,0.0,4.9,79,2
2024-02-03,STR001,SKU0004,173,0,False,False,0,0,129,False,0.0,7.65,171,8
2024-02-03,STR001,SKU0005,182,0,True,False,0,0,114,False,0.0,5.22,184,7
2024-02-03,STR002,SKU0001,103,0,False,False,0,2,97,False,0.0,10.61,81,3
2024-02-03,STR002,SKU0002,156,98,True,False,1,5,224,False,0.0,6.1,178,4
2024-02-03,STR002,SKU0003,78,0,False,False,0,0,41,False,0.0,2.05,64,2
2024-02-03,STR002,SKU0004,105,45,True,False,0,0,134,False,0.0,7.16,138,8
2024-02-03,STR002,SKU0005,161,0,False,False,0,0,148,False,0.0,9.33,150,7
2024-02-04,STR001,SKU0001,110,0,False,False,0,4,98,False,0.0,3.81,99,3
2024-02-04,STR001,SKU0002,224,0,True,True,0,4,196,False,0.0,6.35,219,4
2024-02-04,STR001,SKU0003,114,0,False,False,0,0,94,False,0.0,4.3,79,2
2024-02-04,STR001,SKU0004,129,23,True,False,0,0,135,False,0.0,6.26,171,8
2024-02-04,STR001,SKU0005,114,28,True,False,0,0,129,False,0.0,4.4,184,7
2024-02-04,STR002,SKU0001,97,0,False,False,0,3,91,False,0.0,13.0,81,3
2024-02-04,STR002,SKU0002,224,83,True,False,1,11,272,False,0.0,9.47,178,4
2024-02-04,STR002,SKU0003,41,78,True,False,0,0,90,False,0.0,3.99,64,2
2024-02-04,STR002,SKU0004,134,17,True,False,0,0,148,False,0.0,8.85,138,8
2024-02-04,STR002,SKU0005,148,3,True,False,0,0,141,False,0.0,9.58,150,7
2024-02-05,STR001,SKU0001,98,84,True,False,0,3,57,False,0.0,2.51,99,3
2024-02-05,STR001,SKU0002,196,184,True,False,2,14,337,False,0.0,12.61,219,4
2024-02-05,STR001,SKU0003,94,53,True,False,0,0,129,False,0.0,6.1,79,2
2024-02-05,STR001,SKU0004,135,18,True,False,0,0,122,False,0.0,5.41,171,8
2024-02-05,STR001,SKU0005,129,32,True,False,0,0,120,False,0.0,4.4,184,7
2024-02-05,STR002,SKU0001,91,5,True,False,0,3,83,False,0.0,11.62,81,3
2024-02-05,STR002,SKU0002,272,0,False,False,0,14,226,False,0.0,8.79,178,4
2024-02-05,STR002,SKU0003,90,43,True,False,0,0,117,False,0.0,5.02,64,2
2024-02-05,STR002,SKU0004,148,0,False,False,0,0,138,False,0.0,8.33,138,8
2024-02-05,STR002,SKU0005,141,24,True,False,0,0,157,False,0.0,11.1,150,7
2024-02-06,STR001,SKU0001,57,60,True,False,0,1,44,False,0.0,1.22,99,3
2024-02-06,STR001,SKU0002,337,0,False,False,0,9,303,False,0.0,11.78,219,4
2024-02-06,STR001,SKU0003,129,0,False,False,0,0,112,False,0.0,5.52,79,2
2024-02-06,STR001,SKU0004,122,0,True,True,0,0,107,False,0.0,4.12,171,8
2024-02-06,STR001,SKU0005,120,59,True,False,0,0,150,False,0.0,4.79,184,7
2024-02-06,STR002,SKU0001,83,0,False,False,0,1,77,False,0.0,9.98,81,3
2024-02-06,STR002,SKU0002,226,0,False,False,0,5,202,False,0.0,7.07,178,4
2024-02-06,STR002,SKU0003,117,0,False,False,0,0,90,False,0.0,3.82,64,2
2024-02-06,STR002,SKU0004,138,0,False,False,0,0,114,False,0.0,10.1,138,8
2024-02-06,STR002,SKU0005,157,0,False,False,0,0,152,False,0.0,10.23,150,7
2024-02-07,STR001,SKU0001,44,107,True,False,0,0,38,False,0.0,0.96,99,3
2024-02-07,STR001,SKU0002,303,36,False,False,0,20,290,False,0.0,10.68,219,4
2024-02-07,STR001,SKU0003,112,0,False,False,0,0,102,False,0.0,5.1,79,2
2024-02-07,STR001,SKU0004,107,30,True,False,0,0,101,False,0.0,4.13,171,8
2024-02-07,STR001,SKU0005,150,4,True,False,0,0,105,False,0.0,3.53,184,7
2024-02-07,STR002,SKU0001,77,59,True,False,0,6,121,False,0.0,16.94,81,3
2024-02-07,STR002,SKU0002,202,0,False,False,0,4,174,False,0.0,6.03,178,4
2024-02-07,STR002,SKU0003,90,0,False,False,0,0,83,False,0.0,3.21,64,2
2024-02-07,STR002,SKU0004,114,36,True,False,0,0,142,False,0.0,10.92,138,8
2024-02-07,STR002,SKU0005,152,0,False,False,0,0,141,False,0.0,10.28,150,7
2024-02-08,STR001,SKU0001,38,79,True,False,0,1,82,False,0.0,1.53,99,3
2024-02-08,STR001,SKU0002,290,0,False,False,0,13,261,False,0.0,9.93,219,4
2024-02-08,STR001,SKU0003,102,61,True,False,0,0,157,False,0.0,8.65,79,2
2024-02-08,STR001,SKU0004,101,50,True,False,0,0,116,False,0.0,4.06,171,8
2024-02-08,STR001,SKU0005,105,113,True,False,0,0,185,False,0.0,5.46,184,7
2024-02-08,STR002,SKU0001,121,0,False,False,0,6,108,False,0.0,15.43,81,3
2024-02-08,STR002,SKU0002,174,52,True,False,0,10,202,False,0.0,7.52,178,4
2024-02-08,STR002,SKU0003,83,46,True,False,0,0,121,False,0.0,4.92,64,2
2024-02-08,STR002,SKU0004,142,0,False,False,0,0,139,False,0.0,12.47,138,8
2024-02-08,STR002,SKU0005,141,1,True,False,0,1,136,False,0.0,11.33,150,7
2024-02-09,STR001,SKU0001,82,34,True,False,0,2,41,False,0.0,0.78,99,3
2024-02-09,STR001,SKU0002,261,115,True,False,0,10,273,False,0.0,11.38,219,4
2024-02-09,STR001,SKU0003,157,0,False,False,0,0,146,False,0.0,8.66,79,2
2024-02-09,STR001,SKU0004,116,44,True,False,0,0,122,False,0.0,4.52,171,8
2024-02-09,STR001,SKU0005,185,34,True,False,0,0,199,False,0.0,5.51,184,7
2024-02-09,STR002,SKU0001,108,54,True,False,0,16,137,False,0.0,19.98,81,3
2024-02-09,STR002,SKU0002,202,48,True,False,0,10,229,False,0.0,8.62,178,4
2024-02-09,STR002,SKU0003,121,0,False,False,0,0,105,False,0.0,4.87,64,2
2024-02-09,STR002,SKU0004,139,0,False,False,0,0,132,False,0.0,13.01,138,8
2024-02-09,STR002,SKU0005,136,40,True,False,0,0,164,False,0.0,16.17,150,7
2024-02-10,STR001,SKU0001,41,109,True,False,1,1,41,False,0.0,0.66,99,3
2024-02-10,STR001,SKU0002,273,0,False,False,0,3,136,False,0.0,4.1,219,4
2024-02-10,STR001,SKU0003,146,0,False,False,0,0,123,False,0.0,8.12,79,2
2024-02-10,STR001,SKU0004,122,17,True,False,0,1,68,False,0.0,2.2,171,8
2024-02-10,STR001,SKU0005,199,0,False,False,0,0,154,False,0.0,4.26,184,7
2024-02-10,STR002,SKU0001,137,0,False,False,0,4,124,False,0.0,18.47,81,3
2024-02-10,STR002,SKU0002,229,0,False,False,0,10,198,False,0.0,9.43,178,4
2024-02-10,STR002,SKU0003,105,0,False,False,0,0,98,False,0.0,4.9,64,2
2024-02-10,STR002,SKU0004,132,0,True,False,0,0,112,False,0.0,11.04,138,8
2024-02-10,STR002,SKU0005,164,0,False,False,0,0,155,False,0.0,16.95,150,7
2024-02-11,STR001,SKU0001,41,124,True,False,0,0,90,False,0.0,1.19,99,3
2024-02-11,STR001,SKU0002,136,139,True,False,0,3,196,False,0.0,3.94,219,4
2024-02-11,STR001,SKU0003,123,39,True,False,0,0,156,False,0.0,10.4,79,2
2024-02-11,STR001,SKU0004,68,119,True,False,0,0,134,False,0.0,3.88,171,8
2024-02-11,STR001,SKU0005,154,64,True,False,0,0,187,False,0.0,5.69,184,7
2024-02-11,STR002,SKU0001,124,0,False,False,0,1,103,False,0.0,13.87,81,3
2024-02-11,STR002,SKU0002,198,0,False,False,0,7,165,False,0.0,8.02,178,4
2024-02-11,STR002,SKU0003,98,3,True,False,0,0,88,False,0.0,5.6,64,2
2024-02-11,STR002,SKU0004,112,5,True,False,0,0,92,False,0.0,8.59,138,8
2024-02-11,STR002,SKU0005,155,0,False,False,0,0,147,False,0.0,17.15,150,7
2024-02-12,STR001,SKU0001,90,42,True,False,0,3,105,False,0.0,1.23,99,3
2024-02-12,STR001,SKU0002,196,81,True,False,1,2,190,False,0.0,3.32,219,4
2024-02-12,STR001,SKU0003,156,0,False,False,0,0,145,False,0.0,11.15,79,2
2024-02-12,STR001,SKU0004,134,5,True,False,0,0,107,False,0.0,2.69,171,8
2024-02-12,STR001,SKU0005,187,0,False,False,0,0,181,False,0.0,5.11,184,7
2024-02-12,STR002,SKU0001,103,0,False,False,0,2,65,False,0.0,6.59,81,3
2024-02-12,STR002,SKU0002,165,0,True,True,0,5,144,False,0.0,6.86,178,4
2024-02-12,STR002,SKU0003,88,0,False,False,0,0,73,False,0.0,5.44,64,2
2024-02-12,STR002,SKU0004,92,17,True,False,0,0,87,False,0.0,6.28,138,8
2024-02-12,STR002,SKU0005,147,5,True,False,0,0,142,False,0.0,17.14,150,7
2024-02-13,STR001,SKU0001,105,0,True,True,0,2,89,False,0.0,1.25,99,3
2024-02-13,STR001,SKU0002,190,118,True,False,0,4,268,False,0.0,4.11,219,4
2024-02-13,STR001,SKU0003,145,0,False,False,0,0,127,False,0.0,10.58,79,2
2024-02-13,STR001,SKU0004,107,5,True,False,0,0,94,False,0.0,2.36,171,8
2024-02-13,STR001,SKU0005,181,3,True,False,0,0,183,False,0.0,6.01,184,7
2024-02-13,STR002,SKU0001,65,31,True,False,0,3,89,False,0.0,6.56,81,3
2024-02-13,STR002,SKU0002,144,164,True,False,0,19,259,False,0.0,13.84,178,4
2024-02-13,STR002,SKU0003,73,0,False,False,0,0,54,False,0.0,4.06,64,2
2024-02-13,STR002,SKU0004,87,38,True,False,0,0,102,False,0.0,6.55,138,8
2024-02-13,STR002,SKU0005,142,5,True,False,0,0,138,False,0.0,16.1,150,7
2024-02-14,STR001,SKU0001,89,93,True,False,0,8,168,False,0.0,2.67,99,3
2024-02-14,STR001,SKU0002,268,74,True,False,0,12,291,False,0.0,4.35,219,4
2024-02-14,STR001,SKU0003,127,32,True,False,0,0,141,False,0.0,11.61,79,2
2024-02-14,STR001,SKU0004,94,58,True,False,0,0,133,False,0.0,3.3,171,8
2024-02-14,STR001,SKU0005,183,1,True,False,0,0,165,False,0.0,6.24,184,7
2024-02-14,STR002,SKU0001,89,0,False,False,0,2,81,False,0.0,6.03,81,3
2024-02-14,STR002,SKU0002,259,5,True,False,0,17,224,False,0.0,11.04,178,4
2024-02-14,STR002,SKU0003,54,105,True,False,0,0,143,False,0.0,11.78,64,2
2024-02-14,STR002,SKU0004,102,10,True,False,0,0,100,False,0.0,6.48,138,8
2024-02-14,STR002,SKU0005,138,37,True,False,0,0,169,False,0.0,18.48,150,7
2024-02-15,STR001,SKU0001,168,0,False,False,0,7,158,False,0.0,3.32,99,3
2024-02-15,STR001,SKU0002,291,0,False,False,0,12,226,False,0.0,3.31,219,4
2024-02-15,STR001,SKU0003,141,0,False,False,0,0,124,False,0.0,9.33,79,2
2024-02-15,STR001,SKU0004,133,0,True,False,0,0,88,False,0.0,2.32,171,8
2024-02-15,STR001,SKU0005,165,0,True,False,0,0,156,False,0.0,7.05,184,7
2024-02-15,STR002,SKU0001,81,0,False,False,0,1,70,False,0.0,5.38,81,3
2024-02-15,STR002,SKU0002,224,69,False,False,1,14,260,False,0.0,12.91,178,4
2024-02-15,STR002,SKU0003,143,0,False,False,0,1,124,False,0.0,9.23,64,2
2024-02-15,STR002,SKU0004,100,36,True,False,0,0,106,False,0.0,6.62,138,8
2024-02-15,STR002,SKU0005,169,0,False,False,0,0,160,False,0.0,18.98,150,7
2024-02-16,STR001,SKU0001,158,0,False,False,0,6,132,False,0.0,3.06,99,3
2024-02-16,STR001,SKU0002,226,0,False,False,0,4,191,False,0.0,2.6,219,4
2024-02-16,STR001,SKU0003,124,0,False,False,0,0,106,False,0.0,7.13,79,2
2024-02-16,STR001,SKU0004,88,81,True,False,1,1,164,False,0.0,4.17,171,8
2024-02-16,STR001,SKU0005,156,25,True,False,0,0,169,False,0.0,9.03,184,7
2024-02-16,STR002,SKU0001,70,63,True,False,0,6,110,False,0.0,8.19,81,3
2024-02-16,STR002,SKU0002,260,0,False,False,0,13,241,False,0.0,11.63,178,4
2024-02-16,STR002,SKU0003,124,0,False,False,0,0,100,False,0.0,6.73,64,2
2024-02-16,STR002,SKU0004,106,2,True,False,0,0,95,False,0.0,4.78,138,8
2024-02-16,STR002,SKU0005,160,0,False,False,0,0,139,False,0.0,15.44,150,7
2024-02-17,STR001,SKU0001,132,53,True,False,1,10,166,False,0.0,4.67,99,3
2024-02-17,STR001,SKU0002,191,54,True,False,0,2,184,False,0.0,2.84,219,4
2024-02-17,STR001,SKU0003,106,36,True,False,1,0,125,False,0.0,7.88,79,2
2024-02-17,STR001,SKU0004,164,4,True,False,0,0,163,False,0.0,4.75,171,8
2024-02-17,STR001,SKU0005,169,1,True,False,0,0,154,False,0.0,8.76,184,7
2024-02-17,STR002,SKU0001,110,24,True,False,0,7,114,False,0.0,7.82,81,3
2024-02-17,STR002,SKU0002,241,0,False,False,0,4,218,False,0.0,10.9,178,4
2024-02-17,STR002,SKU0003,100,32,True,False,0,0,119,False,0.0,7.44,64,2
2024-02-17,STR002,SKU0004,95,0,True,False,0,0,76,False,0.0,3.67,138,8
2024-02-17,STR002,SKU0005,139,10,True,False,0,0,136,False,0.0,13.22,150,7
2024-02-18,STR001,SKU0001,166,0,False,False,0,5,143,False,0.0,6.67,99,3
2024-02-18,STR001,SKU0002,184,129,True,False,3,4,281,False,0.0,5.2,219,4
2024-02-18,STR001,SKU0003,125,0,False,False,0,0,100,False,0.0,6.73,79,2
2024-02-18,STR001,SKU0004,163,3,True,False,0,0,142,False,0.0,5.68,171,8
2024-02-18,STR001,SKU0005,154,28,True,False,0,0,162,False,0.0,12.06,184,7
2024-02-18,STR002,SKU0001,114,0,False,False,0,5,104,False,0.0,6.87,81,3
2024-02-18,STR002,SKU0002,218,0,False,False,0,5,200,False,0.0,10.14,178,4
2024-02-18,STR002,SKU0003,119,0,False,False,0,0,108,False,0.0,6.41,64,2
2024-02-18,STR002,SKU0004,76,21,True,False,0,0,85,False,0.0,4.13,138,8
2024-02-18,STR002,SKU0005,136,26,True,False,0,0,142,False,0.0,13.08,150,7
2024-02-19,STR001,SKU0001,143,0,False,False,0,4,129,False,0.0,9.71,99,3
2024-02-19,STR001,SKU0002,281,94,True,False,0,20,320,False,0.0,6.85,219,4
2024-02-19,STR001,SKU0003,100,0,False,False,0,0,82,False,0.0,4.67,79,2
2024-02-19,STR001,SKU0004,142,2,True,False,0,0,138,False,0.0,6.62,171,8
2024-02-19,STR001,SKU0005,162,38,True,False,0,0,189,False,0.0,15.94,184,7
2024-02-19,STR002,SKU0001,104,0,False,False,0,2,83,False,0.0,6.38,81,3
2024-02-19,STR002,SKU0002,200,108,True,False,1,22,276,False,0.0,15.46,178,4
2024-02-19,STR002,SKU0003,108,0,False,False,0,0,93,False,0.0,5.61,64,2
2024-02-19,STR002,SKU0004,85,27,True,False,0,0,103,False,0.0,5.5,138,8
2024-02-19,STR002,SKU0005,142,1,True,False,0,1,139,False,0.0,11.06,150,7
2024-02-20,STR001,SKU0001,129,0,False,False,0,2,122,False,0.0,10.81,99,3
2024-02-20,STR001,SKU0002,320,0,False,False,0,9,285,False,0.0,7.18,219,4
2024-02-20,STR001,SKU0003,82,27,True,False,0,0,86,False,0.0,4.63,79,2
2024-02-20,STR001,SKU0004,138,48,True,False,0,0,160,False,0.0,9.33,171,8
2024-02-20,STR001,SKU0005,189,0,False,False,0,0,165,False,0.0,13.12,184,7
2024-02-20,STR002,SKU0001,83,0,False,False,0,2,75,False,0.0,7.09,81,3
2024-02-20,STR002,SKU0002,276,0,False,False,0,19,244,False,0.0,14.47,178,4
2024-02-20,STR002,SKU0003,93,23,True,False,0,0,99,False,0.0,5.97,64,2
2024-02-20,STR002,SKU0004,103,34,True,False,0,0,130,False,0.0,7.71,138,8
2024-02-20,STR002,SKU0005,139,2,True,False,0,0,134,False,0.0,11.58,150,7
2024-02-21,STR001,SKU0001,122,10,True,False,0,12,108,False,0.0,10.8,99,3
2024-02-21,STR001,SKU0002,285,0,False,False,0,18,213,False,0.0,5.56,219,4
2024-02-21,STR001,SKU0003,86,0,False,False,0,0,76,False,0.0,3.94,79,2
2024-02-21,STR001,SKU0004,160,2,True,False,0,0,137,False,0.0,7.49,171,8
2024-02-21,STR001,SKU0005,165,53,True,False,1,0,187,False,0.0,11.79,184,7
2024-02-21,STR002,SKU0001,75,86,True,False,0,13,135,False,0.0,12.43,81,3
2024-02-21,STR002,SKU0002,244,0,False,False,0,9,219,False,0.0,15.18,178,4
2024-02-21,STR002,SKU0003,99,0,False,False,0,0,82,False,0.0,5.04,64,2
2024-02-21,STR002,SKU0004,130,20,True,False,0,0,150,False,0.0,10.29,138,8
2024-02-21,STR002,SKU0005,134,3,True,False,0,0,125,False,0.0,11.08,150,7
2024-02-22,STR001,SKU0001,108,0,False,False,0,3,84,False,0.0,7.74,99,3
2024-02-22,STR001,SKU0002,213,95,True,False,3,14,235,False,0.0,5.81,219,4
2024-02-22,STR001,SKU0003,76,118,True,False,0,0,171,False,0.0,9.43,79,2
2024-02-22,STR001,SKU0004,137,30,True,False,1,0,159,False,0.0,8.31,171,8
2024-02-22,STR001,SKU0005,187,0,False,False,0,0,166,False,0.0,9.52,184,7
2024-02-22,STR002,SKU0001,135,0,False,False,0,2,118,False,0.0,9.95,81,3
2024-02-22,STR002,SKU0002,219,0,False,False,0,7,200,False,0.0,14.89,178,4
2024-02-22,STR002,SKU0003,82,0,False,False,0,0,71,False,0.0,4.32,64,2
2024-02-22,STR002,SKU0004,150,0,False,False,0,0,139,False,0.0,10.81,138,8
2024-02-22,STR002,SKU0005,125,6,True,False,0,0,124,False,0.0,10.21,150,7
2024-02-23,STR001,SKU0001,84,114,True,False,0,11,177,False,0.0,13.18,99,3
2024-02-23,STR001,SKU0002,235,0,False,False,0,3,212,False,0.0,5.19,219,4
2024-02-23,STR001,SKU0003,171,2,True,False,1,1,129,False,0.0,6.79,79,2
2024-02-23,STR001,SKU0004,159,3,True,False,0,0,148,False,0.0,10.79,171,8
2024-02-23,STR001,SKU0005,166,1,True,False,0,0,149,False,0.0,7.78,184,7
2024-02-23,STR002,SKU0001,118,0,False,False,0,4,101,False,0.0,8.03,81,3
2024-02-23,STR002,SKU0002,200,0,False,False,0,6,166,False,0.0,13.2,178,4
2024-02-23,STR002,SKU0003,71,60,True,False,0,0,116,False,0.0,7.52,64,2
2024-02-23,STR002,SKU0004,139,0,False,False,0,0,129,False,0.0,12.72,138,8
2024-02-23,STR002,SKU0005,124,21,True,False,0,0,132,False,0.0,11.13,150,7
2024-02-24,STR001,SKU0001,177,0,False,False,0,8,156,False,0.0,13.0,99,3
2024-02-24,STR001,SKU0002,212,1,True,False,0,8,164,False,0.0,4.17,219,4
2024-02-24,STR001,SKU0003,129,0,False,False,0,0,101,False,0.0,4.5,79,2
2024-02-24,STR001,SKU0004,148,3,True,False,0,0,99,False,0.0,6.48,171,8
2024-02-24,STR001,SKU0005,149,5,True,False,0,0,144,False,0.0,7.2,184,7
2024-02-24,STR002,SKU0001,101,0,False,False,0,2,90,False,0.0,7.5,81,3
2024-02-24,STR002,SKU0002,166,84,True,False,0,8,222,False,0.0,14.13,178,4
2024-02-24,STR002,SKU0003,116,0,False,False,0,0,101,False,0.0,7.14,64,2
2024-02-24,STR002,SKU0004,129,18,True,False,0,0,139,False,0.0,14.31,138,8
2024-02-24,STR002,SKU0005,132,0,True,False,0,0,114,False,0.0,10.64,150,7
2024-02-25,STR001,SKU0001,156,42,True,False,0,9,187,False,0.0,14.71,99,3
2024-02-25,STR001,SKU0002,164,149,True,False,1,8,271,False,0.0,7.38,219,4
2024-02-25,STR001,SKU0003,101,0,False,False,0,0,71,False,0.0,2.94,79,2
2024-02-25,STR001,SKU0004,99,22,True,False,0,0,75,False,0.0,3.41,171,8
2024-02-25,STR001,SKU0005,144,37,True,False,1,0,160,False,0.0,8.36,184,7
2024-02-25,STR002,SKU0001,90,16,True,False,0,5,94,False,0.0,8.22,81,3
2024-02-25,STR002,SKU0002,222,0,False,False,0,6,200,False,0.0,12.61,178,4
2024-02-25,STR002,SKU0003,101,0,False,False,0,0,67,False,0.0,4.64,64,2
2024-02-25,STR002,SKU0004,139,2,True,False,0,0,133,False,0.0,16.33,138,8
2024-02-25,STR002,SKU0005,114,64,True,False,0,0,142,False,0.0,12.42,150,7
2024-02-26,STR001,SKU0001,187,0,False,False,0,12,162,False,0.0,15.53,99,3
2024-02-26,STR001,SKU0002,271,0,False,False,0,8,230,False,0.0,6.08,219,4
2024-02-26,STR001,SKU0003,71,71,True,False,0,0,82,False,0.0,3.3,79,2
2024-02-26,STR001,SKU0004,75,75,True,False,0,0,104,False,0.0,4.14,171,8
2024-02-26,STR001,SKU0005,160,40,True,False,0,0,174,False,0.0,9.09,184,7
2024-02-26,STR002,SKU0001,94,0,False,False,0,1,79,False,0.0,6.74,81,3
2024-02-26,STR002,SKU0002,200,0,False,False,0,6,167,False,0.0,10.25,178,4
2024-02-26,STR002,SKU0003,67,64,True,False,0,0,120,False,0.0,6.77,64,2
2024-02-26,STR002,SKU0004,133,5,True,False,0,0,128,False,0.0,16.91,138,8
2024-02-26,STR002,SKU0005,142,35,True,False,0,0,160,False,0.0,11.67,150,7
2024-02-27,STR001,SKU0001,162,0,False,False,0,6,150,False,0.0,13.82,99,3
2024-02-27,STR001,SKU0002,230,0,False,False,0,5,206,False,0.0,5.48,219,4
2024-02-27,STR001,SKU0003,82,0,False,False,0,0,51,False,0.0,1.65,79,2
2024-02-27,STR001,SKU0004,104,49,True,False,0,0,140,False,0.0,4.54,171,8
2024-02-27,STR001,SKU0005,174,6,True,False,0,1,162,False,0.0,7.61,184,7
2024-02-27,STR002,SKU0001,79,87,True,False,1,10,138,False,0.0,12.55,81,3
2024-02-27,STR002,SKU0002,167,58,True,False,0,8,190,False,0.0,10.08,178,4
2024-02-27,STR002,SKU0003,120,0,False,False,0,0,106,False,0.0,6.18,64,2
2024-02-27,STR002,SKU0004,128,5,True,False,0,0,120,False,0.0,15.56,138,8
2024-02-27,STR002,SKU0005,160,0,False,False,0,0,140,False,0.0,8.91,150,7
2024-02-28,STR001,SKU0001,150,0,False,False,0,4,140,False,0.0,12.73,99,3
2024-02-28,STR001,SKU0002,206,106,True,False,0,8,294,False,0.0,8.04,219,4
2024-02-28,STR001,SKU0003,51,110,True,False,1,0,143,False,0.0,4.47,79,2
2024-02-28,STR001,SKU0004,140,5,True,False,0,0,132,False,0.0,4.55,171,8
2024-02-28,STR001,SKU0005,162,40,True,False,0,0,194,False,0.0,9.56,184,7
2024-02-28,STR002,SKU0001,138,0,False,False,0,7,116,False,0.0,9.23,81,3
2024-02-28,STR002,SKU0002,190,0,False,False,0,6,166,False,0.0,7.96,178,4
2024-02-28,STR002,SKU0003,106,0,False,False,0,0,99,False,0.0,5.92,64,2
2024-02-28,STR002,SKU0004,120,29,True,False,0,0,144,False,0.0,16.8,138,8
2024-02-28,STR002,SKU0005,140,1,True,False,0,0,118,False,0.0,6.72,150,7
2024-02-29,STR001,SKU0001,140,27,True,False,0,8,155,False,0.0,15.28,99,3
2024-02-29,STR001,SKU0002,294,4,True,False,0,12,247,False,0.0,8.16,219,4
2024-02-29,STR001,SKU0003,143,1,True,False,0,0,117,False,0.0,3.55,79,2
2024-02-29,STR001,SKU0004,132,5,True,False,0,0,135,False,0.0,4.95,171,8
2024-02-29,STR001,SKU0005,194,0,False,False,0,0,172,False,0.0,10.03,184,7
2024-02-29,STR002,SKU0001,116,5,True,False,0,5,114,False,0.0,8.87,81,3
2024-02-29,STR002,SKU0002,166,87,True,False,1,4,223,False,0.0,10.55,178,4
2024-02-29,STR002,SKU0003,99,16,True,False,0,0,109,False,0.0,7.13,64,2
2024-02-29,STR002,SKU0004,144,0,False,False,0,0,123,False,0.0,13.25,138,8
2024-02-29,STR002,SKU0005,118,4,True,False,0,0,104,False,0.0,5.43,150,7
2024-03-01,STR001,SKU0001,155,0,False,False,0,7,138,False,0.0,17.89,99,3
2024-03-01,STR001,SKU0002,247,0,False,False,0,6,216,False,0.0,7.75,219,4
2024-03-01,STR001,SKU0003,117,0,False,False,0,0,106,False,0.0,3.16,79,2
2024-03-01,STR001,SKU0004,135,1,True,False,0,0,119,False,0.0,4.48,171,8
2024-03-01,STR001,SKU0005,172,2,True,False,0,0,160,False,0.0,9.26,184,7
2024-03-01,STR002,SKU0001,114,0,False,False,0,6,101,False,0.0,9.18,81,3
2024-03-01,STR002,SKU0002,223,0,False,False,0,11,184,False,0.0,8.0,178,4
2024-03-01,STR002,SKU0003,109,0,False,False,0,0,99,False,0.0,6.79,64,2
2024-03-01,STR002,SKU0004,123,11,True,False,0,0,120,False,0.0,11.2,138,8
2024-03-01,STR002,SKU0005,104,57,True,False,0,0,150,False,0.0,7.24,150,7
2024-03-02,STR001,SKU0001,138,0,False,False,0,5,123,False,0.0,15.94,99,3
2024-03-02,STR001,SKU0002,216,163,True,False,0,13,320,False,0.0,11.2,219,4
2024-03-02,STR001,SKU0003,106,0,False,False,0,0,84,False,0.0,2.88,79,2
2024-03-02,STR001,SKU0004,119,51,True,False,0,0,149,False,0.0,5.52,171,8
2024-03-02,STR001,SKU0005,160,0,True,False,0,0,136,False,0.0,8.14,184,7
2024-03-02,STR002,SKU0001,101,0,False,False,0,4,90,False,0.0,8.87,81,3
2024-03-02,STR002,SKU0002,184,0,False,False,0,5,137,False,0.0,5.96,178,4
2024-03-02,STR002,SKU0003,99,0,False,False,0,0,87,False,0.0,6.28,64,2
2024-03-02,STR002,SKU0004,120,15,True,False,0,0,126,False,0.0,11.16,138,8
2024-03-02,STR002,SKU0005,150,0,False,False,0,0,133,False,0.0,6.51,150,7
2024-03-03,STR001,SKU0001,123,0,False,False,0,4,114,False,0.0,15.65,99,3
2024-03-03,STR001,SKU0002,320,0,False,False,0,14,280,False,0.0,9.56,219,4
2024-03-03,STR001,SKU0003,84,95,True,False,0,0,158,False,0.0,5.59,79,2
2024-03-03,STR001,SKU0004,149,2,True,False,0,0,129,False,0.0,5.72,171,8
2024-03-03,STR001,SKU0005,136,5,True,False,0,0,120,False,0.0,6.41,184,7
2024-03-03,STR002,SKU0001,90,0,False,False,0,2,65,False,0.0,6.59,81,3
2024-03-03,STR002,SKU0002,137,89,True,False,0,4,188,False,0.0,7.19,178,4
2024-03-03,STR002,SKU0003,87,71,True,False,1,0,143,False,0.0,10.65,64,2
2024-03-03,STR002,SKU0004,126,3,True,False,0,0,119,False,0.0,10.41,138,8
2024-03-03,STR002,SKU0005,133,14,True,False,0,0,129,False,0.0,6.36,150,7
2024-03-04,STR001,SKU0001,114,51,True,False,0,7,145,False,0.0,18.8,99,3
2024-03-04,STR001,SKU0002,280,0,False,False,0,10,248,False,0.0,8.77,219,4
2024-03-04,STR001,SKU0003,158,0,False,False,0,0,141,False,0.0,5.22,79,2
2024-03-04,STR001,SKU0004,129,40,True,False,0,0,150,False,0.0,7.84,171,8
2024-03-04,STR001,SKU0005,120,96,True,False,0,0,206,False,0.0,10.92,184,7
2024-03-04,STR002,SKU0001,65,83,True,False,0,6,127,False,0.0,10.46,81,3
2024-03-04,STR002,SKU0002,188,0,False,False,0,2,171,False,0.0,5.96,178,4
2024-03-04,STR002,SKU0003,143,0,False,False,0,0,128,False,0.0,12.11,64,2
2024-03-04,STR002,SKU0004,119,4,True,False,0,0,118,False,0.0,10.07,138,8
2024-03-04,STR002,SKU0005,129,6,True,False,0,0,118,False,0.0,6.66,150,7
2024-03-05,STR001,SKU0001,145,0,False,False,0,3,133,False,0.0,17.24,99,3
2024-03-05,STR001,SKU0002,248,1,True,False,0,6,228,False,0.0,8.53,219,4
2024-03-05,STR001,SKU0003,141,0,False,False,0,0,128,False,0.0,6.14,79,2
2024-03-05,STR001,SKU0004,150,4,True,False,0,0,128,False,0.0,8.37,171,8
2024-03-05,STR001,SKU0005,206,0,False,False,0,0,200,False,0.0,12.07,184,7
2024-03-05,STR002,SKU0001,127,0,False,False,0,5,116,False,0.0,9.44,81,3
2024-03-05,STR002,SKU0002,171,107,True,False,1,11,241,False,0.0,8.93,178,4
2024-03-05,STR002,SKU0003,128,0,False,False,0,0,118,False,0.0,10.59,64,2
2024-03-05,STR002,SKU0004,118,8,True,False,0,0,116,False,0.0,10.55,138,8
2024-03-05,STR002,SKU0005,118,4,True,False,0,0,106,False,0.0,5.98,150,7
2024-03-06,STR001,SKU0001,133,0,False,False,0,7,106,False,0.0,13.02,99,3
2024-03-06,STR001,SKU0002,228,0,False,False,0,6,206,False,0.0,7.88,219,4
2024-03-06,STR001,SKU0003,128,34,True,False,0,0,140,False,0.0,7.66,79,2
2024-03-06,STR001,SKU0004,128,57,True,False,0,0,168,False,0.0,9.8,171,8
2024-03-06,STR001,SKU0005,200,0,False,False,0,0,180,False,0.0,12.0,184,7
2024-03-06,STR002,SKU0001,116,0,False,False,0,5,101,False,0.0,9.43,81,3
2024-03-06,STR002,SKU0002,241,0,False,False,0,6,220,False,0.0,8.24,178,4
2024-03-06,STR002,SKU0003,118,11,True,False,0,0,120,False,0.0,11.35,64,2
2024-03-06,STR002,SKU0004,116,4,True,False,0,0,116,False,0.0,10.97,138,8
2024-03-06,STR002,SKU0005,106,26,True,False,0,0,116,False,0.0,6.77,150,7
2024-03-07,STR001,SKU0001,106,0,False,False,0,4,90,False,0.0,8.87,99,3
2024-03-07,STR001,SKU0002,206,174,True,False,1,14,330,False,0.0,12.22,219,4
2024-03-07,STR001,SKU0003,140,0,False,False,0,0,116,False,0.0,6.11,79,2
2024-03-07,STR001,SKU0004,168,5,True,False,0,0,151,False,0.0,8.52,171,8
2024-03-07,STR001,SKU0005,180,3,True,False,0,0,173,False,0.0,10.35,184,7
2024-03-07,STR002,SKU0001,101,0,False,False,0,1,84,False,0.0,8.4,81,3
2024-03-07,STR002,SKU0002,220,0,False,False,0,10,193,False,0.0,7.34,178,4
2024-03-07,STR002,SKU0003,120,0,False,False,0,0,111,False,0.0,10.22,64,2
2024-03-07,STR002,SKU0004,116,3,True,False,0,0,110,False,0.0,10.55,138,8
2024-03-07,STR002,SKU0005,116,16,True,False,0,0,107,False,0.0,6.63,150,7
2024-03-08,STR001,SKU0001,90,111,True,False,0,11,184,False,0.0,16.3,99,3
2024-03-08,STR001,SKU0002,330,0,False,False,0,11,281,False,0.0,10.63,219,4
2024-03-08,STR001,SKU0003,116,0,False,False,0,0,97,False,0.0,5.22,79,2
2024-03-08,STR001,SKU0004,151,3,True,False,0,0,144,False,0.0,7.0,171,8
2024-03-08,STR001,SKU0005,173,9,True,False,0,0,167,False,0.0,11.13,184,7
2024-03-08,STR002,SKU0001,84,36,True,False,0,4,107,False,0.0,8.92,81,3
2024-03-08,STR002,SKU0002,193,0,False,False,0,5,159,False,0.0,6.32,178,4
2024-03-08,STR002,SKU0003,111,0,False,False,0,0,103,False,0.0,9.13,64,2
2024-03-08,STR002,SKU0004,110,40,True,False,0,0,142,False,0.0,16.3,138,8
2024-03-08,STR002,SKU0005,107,71,True,False,0,0,165,False,0.0,9.62,150,7
2024-03-09,STR001,SKU0001,184,0,False,False,0,8,163,False,0.0,15.21,99,3
2024-03-09,STR001,SKU0002,281,0,False,False,0,5,248,False,0.0,8.77,219,4
2024-03-09,STR001,SKU0003,97,28,True,False,0,0,110,False,0.0,5.58,79,2
2024-03-09,STR001,SKU0004,144,0,True,False,0,0,131,False,0.0,6.69,171,8
2024-03-09,STR001,SKU0005,167,51,True,False,0,0,200,False,0.0,13.21,184,7
2024-03-09,STR002,SKU0001,107,0,False,False,0,4,94,False,0.0,7.65,81,3
2024-03-09,STR002,SKU0002,159,120,True,False,3,12,224,False,0.0,8.86,178,4
2024-03-09,STR002,SKU0003,103,17,True,False,0,0,97,False,0.0,8.82,64,2
2024-03-09,STR002,SKU0004,142,0,False,False,0,0,134,False,0.0,17.05,138,8
2024-03-09,STR002,SKU0005,165,0,False,False,0,1,147,False,0.0,8.43,150,7
2024-03-10,STR001,SKU0001,163,0,False,False,0,4,144,False,0.0,12.92,99,3
2024-03-10,STR001,SKU0002,248,95,True,False,0,9,279,False,0.0,10.85,219,4
2024-03-10,STR001,SKU0003,110,0,False,False,0,0,79,False,0.0,4.22,79,2
2024-03-10,STR001,SKU0004,131,37,True,False,0,0,135,False,0.0,7.33,171,8
2024-03-10,STR001,SKU0005,200,0,False,False,0,0,170,False,0.0,11.9,184,7
2024-03-10,STR002,SKU0001,94,0,False,False,0,4,79,False,0.0,6.28,81,3
2024-03-10,STR002,SKU0002,224,3,True,False,0,6,193,False,0.0,7.72,178,4
2024-03-10,STR002,SKU0003,97,0,False,False,0,0,84,False,0.0,6.68,64,2
2024-03-10,STR002,SKU0004,134,0,True,True,0,0,126,False,0.0,16.33,138,8
2024-03-10,STR002,SKU0005,147,1,True,False,0,0,130,False,0.0,7.46,150,7
2024-03-11,STR001,SKU0001,144,0,False,False,0,5,127,False,0.0,10.1,99,3
2024-03-11,STR001,SKU0002,279,0,False,False,0,10,251,False,0.0,8.41,219,4
2024-03-11,STR001,SKU0003,79,0,False,False,0,0,62,False,0.0,3.08,79,2
2024-03-11,STR001,SKU0004,135,49,True,False,0,0,174,False,0.0,8.7,171,8
2024-03-11,STR001,SKU0005,170,3,True,False,0,0,157,False,0.0,10.08,184,7
2024-03-11,STR002,SKU0001,79,56,True,False,0,5,129,False,0.0,11.88,81,3
2024-03-11,STR002,SKU0002,193,0,False,False,0,9,156,False,0.0,6.46,178,4
2024-03-11,STR002,SKU0003,84,0,False,False,0,0,71,False,0.0,5.71,64,2
2024-03-11,STR002,SKU0004,126,25,True,False,0,0,147,False,0.0,19.79,138,8
2024-03-11,STR002,SKU0005,130,45,True,False,0,0,166,False,0.0,9.52,150,7
2024-03-12,STR001,SKU0001,127,56,True,False,1,8,158,False,0.0,12.71,99,3
2024-03-12,STR001,SKU0002,251,0,False,False,0,9,202,False,0.0,6.9,219,4
2024-03-12,STR001,SKU0003,62,82,True,False,1,0,132,False,0.0,6.55,79,2
2024-03-12,STR001,SKU0004,174,0,False,False,0,0,161,False,0.0,8.6,171,8
2024-03-12,STR001,SKU0005,157,7,True,False,1,0,146,False,0.0,8.89,184,7
2024-03-12,STR002,SKU0001,129,5,True,False,0,10,100,False,0.0,11.29,81,3
2024-03-12,STR002,SKU0002,156,16,True,False,0,2,148,False,0.0,5.69,178,4
2024-03-12,STR002,SKU0003,71,17,True,False,0,0,69,False,0.0,5.68,64,2
2024-03-12,STR002,SKU0004,147,31,False,False,0,0,155,False,0.0,21.27,138,8
2024-03-12,STR002,SKU0005,166,1,True,False,0,0,159,False,0.0,9.76,150,7
2024-03-13,STR001,SKU0001,158,0,False,False,0,9,123,False,0.0,9.16,99,3
2024-03-13,STR001,SKU0002,202,178,True,False,2,18,340,False,0.0,10.35,219,4
2024-03-13,STR001,SKU0003,132,0,False,False,0,0,110,False,0.0,5.54,79,2
2024-03-13,STR001,SKU0004,161,24,True,False,0,0,174,False,0.0,10.32,171,8
2024-03-13,STR001,SKU0005,146,5,True,False,0,0,142,False,0.0,7.89,184,7
2024-03-13,STR002,SKU0001,100,0,False,False,0,2,89,False,0.0,7.79,81,3
2024-03-13,STR002,SKU0002,148,50,True,False,0,6,179,False,0.0,7.0,178,4
2024-03-13,STR002,SKU0003,69,0,False,False,0,0,63,False,0.0,4.69,64,2
2024-03-13,STR002,SKU0004,155,0,False,False,0,0,148,False,0.0,16.19,138,8
2024-03-13,STR002,SKU0005,159,0,False,False,0,0,143,False,0.0,9.44,150,7
2024-03-14,STR001,SKU0001,123,0,False,False,0,1,109,False,0.0,7.63,99,3
2024-03-14,STR001,SKU0002,340,0,False,False,0,12,310,False,0.0,9.27,219,4
2024-03-14,STR001,SKU0003,110,0,False,False,0,0,98,False,0.0,4.94,79,2
2024-03-14,STR001,SKU0004,174,2,True,False,0,0,168,False,0.0,10.5,171,8
2024-03-14,STR001,SKU0005,142,0,True,False,0,0,124,False,0.0,7.55,184,7
2024-03-14,STR002,SKU0001,89,0,False,False,0,2,72,False,0.0,6.38,81,3
2024-03-14,STR002,SKU0002,179,0,False,False,0,5,154,False,0.0,6.09,178,4
2024-03-14,STR002,SKU0003,63,98,True,False,0,0,148,False,0.0,11.38,64,2
2024-03-14,STR002,SKU0004,148,3,True,False,0,0,143,False,0.0,14.94,138,8
2024-03-14,STR002,SKU0005,143,4,True,False,0,0,139,False,0.0,9.18,150,7
2024-03-15,STR001,SKU0001,109,0,False,False,0,5,100,False,0.0,6.93,99,3
2024-03-15,STR001,SKU0002,310,70,True,False,0,20,326,False,0.0,10.52,219,4
2024-03-15,STR001,SKU0003,98,97,True,False,0,0,164,False,0.0,9.04,79,2
2024-03-15,STR001,SKU0004,168,2,True,False,0,0,155,False,0.0,11.07,171,8
2024-03-15,STR001,SKU0005,124,21,True,False,0,0,138,False,0.0,7.85,184,7
2024-03-15,STR002,SKU0001,72,79,True,False,0,6,138,False,0.0,12.38,81,3
2024-03-15,STR002,SKU0002,154,20,True,False,0,9,145,False,0.0,5.64,178,4
2024-03-15,STR002,SKU0003,148,0,True,False,0,0,141,False,0.0,10.39,64,2
2024-03-15,STR002,SKU0004,143,0,False,False,0,0,137,False,0.0,14.53,138,8
2024-03-15,STR002,SKU0005,139,41,True,False,0,0,167,False,0.0,13.13,150,7
2024-03-16,STR001,SKU0001,100,14,True,False,0,1,93,False,0.0,6.58,99,3
2024-03-16,STR001,SKU0002,326,0,False,False,0,7,304,False,0.0,9.99,219,4
2024-03-16,STR001,SKU0003,164,0,False,False,0,0,140,False,0.0,7.05,79,2
2024-03-16,STR001,SKU0004,155,0,True,False,0,0,142,False,0.0,9.65,171,8
2024-03-16,STR001,SKU0005,138,45,True,False,0,0,159,False,0.0,9.68,184,7
2024-03-16,STR002,SKU0001,138,14,True,False,0,5,122,False,0.0,11.24,81,3
2024-03-16,STR002,SKU0002,145,26,True,False,0,4,145,False,0.0,5.94,178,4
2024-03-16,STR002,SKU0003,141,0,False,False,0,0,125,False,0.0,9.31,64,2
2024-03-16,STR002,SKU0004,137,3,True,False,0,0,134,False,0.0,14.66,138,8
2024-03-16,STR002,SKU0005,167,0,False,False,0,0,142,False,0.0,11.17,150,7
2024-03-17,STR001,SKU0001,93,93,True,False,0,6,176,False,0.0,11.62,99,3
2024-03-17,STR001,SKU0002,304,0,False,False,0,10,242,False,0.0,8.47,219,4
2024-03-17,STR001,SKU0003,140,0,False,False,0,0,119,False,0.0,5.63,79,2
2024-03-17,STR001,SKU0004,142,4,True,False,0,0,133,False,0.0,9.04,171,8
2024-03-17,STR001,SKU0005,159,57,True,False,0,0,189,False,0.0,10.93,184,7
2024-03-17,STR002,SKU0001,122,0,False,False,0,4,111,False,0.0,8.45,81,3
2024-03-17,STR002,SKU0002,145,81,True,False,1,9,200,False,0.0,9.15,178,4
2024-03-17,STR002,SKU0003,125,0,False,False,0,0,110,False,0.0,8.85,64,2
2024-03-17,STR002,SKU0004,134,0,True,False,0,0,128,False,0.0,14.45,138,8
2024-03-17,STR002,SKU0005,142,5,True,False,0,0,131,False,0.0,9.45,150,7
2024-03-18,STR001,SKU0001,176,0,False,False,0,12,156,False,0.0,11.49,99,3
2024-03-18,STR001,SKU0002,242,0,False,False,0,7,211,False,0.0,7.5,219,4
2024-03-18,STR001,SKU0003,119,45,True,False,0,0,148,False,0.0,7.51,79,2
2024-03-18,STR001,SKU0004,133,34,True,False,0,0,145,False,0.0,12.23,171,8
2024-03-18,STR001,SKU0005,189,0,False,False,0,0,170,False,0.0,10.08,184,7
2024-03-18,STR002,SKU0001,111,0,False,False,0,5,102,False,0.0,8.11,81,3
2024-03-18,STR002,SKU0002,200,0,False,False,0,4,172,False,0.0,8.54,178,4
2024-03-18,STR002,SKU0003,110,50,True,False,0,0,152,False,0.0,11.96,64,2
2024-03-18,STR002,SKU0004,128,2,True,False,0,0,125,False,0.0,14.58,138,8
2024-03-18,STR002,SKU0005,131,3,True,False,0,0,127,False,0.0,9.36,150,7
2024-03-19,STR001,SKU0001,156,0,False,False,0,10,132,False,0.0,10.15,99,3
2024-03-19,STR001,SKU0002,211,68,True,False,0,8,225,False,0.0,7.76,219,4
2024-03-19,STR001,SKU0003,148,0,False,False,0,0,136,False,0.0,6.95,79,2
2024-03-19,STR001,SKU0004,145,5,True,False,0,0,143,False,0.0,10.54,171,8
2024-03-19,STR001,SKU0005,170,50,True,False,1,0,205,False,0.0,11.86,184,7
2024-03-19,STR002,SKU0001,102,0,False,False,0,4,93,False,0.0,7.15,81,3
2024-03-19,STR002,SKU0002,172,133,True,False,1,10,256,False,0.0,13.08,178,4
2024-03-19,STR002,SKU0003,152,0,False,False,0,0,131,False,0.0,10.92,64,2
2024-03-19,STR002,SKU0004,125,2,True,False,0,0,124,False,0.0,14.23,138,8
2024-03-19,STR002,SKU0005,127,18,True,False,0,0,126,False,0.0,9.48,150,7
2024-03-20,STR001,SKU0001,132,70,True,False,0,8,188,False,0.0,14.79,99,3
2024-03-20,STR001,SKU0002,225,155,True,False,0,13,337,False,0.0,11.29,219,4
2024-03-20,STR001,SKU0003,136,0,False,False,0,0,111,False,0.0,5.63,79,2
2024-03-20,STR001,SKU0004,143,4,True,False,0,0,137,False,0.0,10.78,171,8
2024-03-20,STR001,SKU0005,205,1,True,False,0,0,176,False,0.0,10.44,184,7
2024-03-20,STR002,SKU0001,93,42,True,False,0,2,126,False,0.0,12.25,81,3
2024-03-20,STR002,SKU0002,256,25,True,False,0,10,254,False,0.0,11.62,178,4
2024-03-20,STR002,SKU0003,131,0,False,False,0,0,120,False,0.0,9.77,64,2
2024-03-20,STR002,SKU0004,124,1,True,False,0,0,112,False,0.0,19.12,138,8
2024-03-20,STR002,SKU0005,126,51,True,False,0,0,163,False,0.0,10.97,150,7
2024-03-21,STR001,SKU0001,188,0,False,False,0,12,160,False,0.0,16.23,99,3
2024-03-21,STR001,SKU0002,337,0,False,False,0,6,298,False,0.0,9.53,219,4
2024-03-21,STR001,SKU0003,111,34,True,False,0,0,123,False,0.0,6.11,79,2
2024-03-21,STR001,SKU0004,137,49,True,False,0,0,177,False,0.0,14.08,171,8
2024-03-21,STR001,SKU0005,176,5,True,False,0,0,131,False,0.0,6.6,184,7
2024-03-21,STR002,SKU0001,126,0,False,False,0,6,102,False,0.0,10.2,81,3
2024-03-21,STR002,SKU0002,254,0,False,False,0,6,237,False,0.0,10.57,178,4
2024-03-21,STR002,SKU0003,120,40,True,False,0,0,153,False,0.0,11.77,64,2
2024-03-21,STR002,SKU0004,112,5,True,False,0,0,111,False,0.0,16.53,138,8
2024-03-21,STR002,SKU0005,163,0,False,False,0,0,135,False,0.0,9.26,150,7
2024-03-22,STR001,SKU0001,160,0,False,False,0,8,139,False,0.0,13.51,99,3
2024-03-22,STR001,SKU0002,298,0,False,False,0,11,273,False,0.0,8.17,219,4
2024-03-22,STR001,SKU0003,123,0,False,False,0,0,107,False,0.0,4.96,79,2
2024-03-22,STR001,SKU0004,177,0,False,False,0,0,166,False,0.0,13.06,171,8
2024-03-22,STR001,SKU0005,131,28,True,False,0,1,130,False,0.0,5.32,184,7
2024-03-22,STR002,SKU0001,102,0,False,False,0,5,75,False,0.0,7.19,81,3
2024-03-22,STR002,SKU0002,237,0,False,False,0,5,215,False,0.0,10.17,178,4
2024-03-22,STR002,SKU0003,153,0,False,False,0,0,128,False,0.0,10.54,64,2
2024-03-22,STR002,SKU0004,111,40,True,False,0,0,145,False,0.0,22.56,138,8
2024-03-22,STR002,SKU0005,135,2,True,False,0,0,115,False,0.0,6.6,150,7
2024-03-23,STR001,SKU0001,139,0,False,False,0,5,123,False,0.0,10.63,99,3
2024-03-23,STR001,SKU0002,273,0,False,False,0,5,190,False,0.0,6.21,219,4
2024-03-23,STR001,SKU0003,107,0,False,False,0,0,91,False,0.0,4.68,79,2
2024-03-23,STR001,SKU0004,166,5,True,False,0,0,148,False,0.0,12.19,171,8
2024-03-23,STR001,SKU0005,130,0,True,True,0,0,80,False,0.0,2.92,184,7
2024-03-23,STR002,SKU0001,75,87,True,False,2,9,135,False,0.0,10.74,81,3
2024-03-23,STR002,SKU0002,215,0,False,False,0,7,166,False,0.0,8.01,178,4
2024-03-23,STR002,SKU0003,128,0,False,False,0,0,119,False,0.0,8.09,64,2
2024-03-23,STR002,SKU0004,145,4,True,False,0,0,141,False,0.0,21.93,138,8
2024-03-23,STR002,SKU0005,115,16,True,False,0,0,115,False,0.0,6.15,150,7
2024-03-24,STR001,SKU0001,123,7,True,False,0,5,121,False,0.0,11.76,99,3
2024-03-24,STR001,SKU0002,190,154,True,False,0,10,300,False,0.0,7.58,219,4
2024-03-24,STR001,SKU0003,91,56,True,False,0,0,128,False,0.0,7.0,79,2
2024-03-24,STR001,SKU0004,148,3,True,False,0,0,126,False,0.0,9.28,171,8
2024-03-24,STR001,SKU0005,80,169,True,False,0,0,177,False,0.0,5.68,184,7
2024-03-24,STR002,SKU0001,135,4,True,False,0,2,113,False,0.0,10.01,81,3
2024-03-24,STR002,SKU0002,166,59,True,False,0,8,173,False,0.0,7.34,178,4
2024-03-24,STR002,SKU0003,119,40,True,False,0,0,150,False,0.0,10.94,64,2
2024-03-24,STR002,SKU0004,141,0,False,False,0,0,130,False,0.0,19.36,138,8
2024-03-24,STR002,SKU0005,115,61,True,False,0,1,151,False,0.0,8.66,150,7
2024-03-25,STR001,SKU0001,121,0,False,False,0,3,114,False,0.0,11.08,99,3
2024-03-25,STR001,SKU0002,300,79,True,False,0,12,335,False,0.0,9.05,219,4
2024-03-25,STR001,SKU0003,128,0,False,False,0,0,104,False,0.0,5.78,79,2
2024-03-25,STR001,SKU0004,126,2,True,False,0,0,107,False,0.0,7.0,171,8
2024-03-25,STR001,SKU0005,177,2,True,False,0,0,118,False,0.0,3.14,184,7
2024-03-25,STR002,SKU0001,113,0,False,False,0,3,101,False,0.0,7.36,81,3
2024-03-25,STR002,SKU0002,173,4,True,False,0,6,143,False,0.0,5.19,178,4
2024-03-25,STR002,SKU0003,150,0,False,False,0,0,138,False,0.0,10.73,64,2
2024-03-25,STR002,SKU0004,130,19,True,False,0,0,140,False,0.0,18.85,138,8
2024-03-25,STR002,SKU0005,151,0,False,False,0,0,73,False,0.0,3.93,150,7
2024-03-26,STR001,SKU0001,114,0,False,False,0,2,98,False,0.0,10.09,99,3
2024-03-26,STR001,SKU0002,335,0,False,False,0,19,293,False,0.0,7.68,219,4
2024-03-26,STR001,SKU0003,104,0,False,False,0,0,90,False,0.0,4.7,79,2
2024-03-26,STR001,SKU0004,107,16,True,False,0,0,91,False,0.0,6.01,171,8
2024-03-26,STR001,SKU0005,118,53,True,False,0,0,137,False,0.0,3.14,184,7
2024-03-26,STR002,SKU0001,101,0,False,False,0,2,86,False,0.0,5.96,81,3
2024-03-26,STR002,SKU0002,143,53,True,False,0,4,177,False,0.0,6.29,178,4
2024-03-26,STR002,SKU0003,138,0,False,False,0,0,125,False,0.0,9.31,64,2
2024-03-26,STR002,SKU0004,140,0,False,False,0,0,131,False,0.0,16.38,138,8
2024-03-26,STR002,SKU0005,73,102,True,False,0,0,153,False,0.0,5.33,150,7
2024-03-27,STR001,SKU0001,98,50,True,False,0,5,132,False,0.0,13.59,99,3
2024-03-27,STR001,SKU0002,293,0,False,False,0,12,251,False,0.0,7.2,219,4
2024-03-27,STR001,SKU0003,90,105,True,False,0,0,176,False,0.0,9.06,79,2
2024-03-27,STR001,SKU0004,91,47,True,False,0,0,137,False,0.0,7.32,171,8
2024-03-27,STR001,SKU0005,137,41,True,False,0,0,118,False,0.0,2.54,184,7
2024-03-27,STR002,SKU0001,86,0,False,False,0,4,81,False,0.0,5.2,81,3
2024-03-27,STR002,SKU0002,177,5,True,False,0,5,158,False,0.0,6.36,178,4
2024-03-27,STR002,SKU0003,125,7,True,False,0,0,128,False,0.0,10.42,64,2
2024-03-27,STR002,SKU0004,131,5,True,False,0,0,124,False,0.0,14.0,138,8
2024-03-27,STR002,SKU0005,153,0,False,False,0,0,119,False,0.0,4.08,150,7
2024-03-28,STR001,SKU0001,132,37,True,False,1,10,138,False,0.0,13.23,99,3
2024-03-28,STR001,SKU0002,251,0,False,False,0,7,206,False,0.0,5.91,219,4
2024-03-28,STR001,SKU0003,176,0,False,False,0,0,155,False,0.0,8.35,79,2
2024-03-28,STR001,SKU0004,137,30,True,False,0,0,145,False,0.0,8.32,171,8
2024-03-28,STR001,SKU0005,118,62,True,False,0,0,148,False,0.0,2.92,184,7
2024-03-28,STR002,SKU0001,81,57,True,False,1,8,124,False,0.0,8.43,81,3
2024-03-28,STR002,SKU0002,158,15,True,False,0,7,129,False,0.0,5.13,178,4
2024-03-28,STR002,SKU0003,128,0,False,False,0,0,115,False,0.0,10.19,64,2
2024-03-28,STR002,SKU0004,124,0,True,False,0,0,122,False,0.0,14.0,138,8
2024-03-28,STR002,SKU0005,119,2,True,False,0,0,88,False,0.0,2.75,150,7
2024-03-29,STR001,SKU0001,138,0,False,False,0,9,114,False,0.0,10.36,99,3
2024-03-29,STR001,SKU0002,206,174,True,False,1,25,331,False,0.0,9.31,219,4
2024-03-29,STR001,SKU0003,155,0,False,False,0,0,132,False,0.0,7.16,79,2
2024-03-29,STR001,SKU0004,145,23,True,False,0,0,149,False,0.0,7.73,171,8
2024-03-29,STR001,SKU0005,148,16,True,False,0,0,118,False,0.0,2.45,184,7
2024-03-29,STR002,SKU0001,124,0,False,False,0,7,109,False,0.0,8.48,81,3
2024-03-29,STR002,SKU0002,129,175,True,False,0,6,286,False,0.0,9.91,178,4
2024-03-29,STR002,SKU0003,115,0,False,False,0,0,108,False,0.0,8.89,64,2
2024-03-29,STR002,SKU0004,122,1,True,False,0,0,113,False,0.0,13.88,138,8
2024-03-29,STR002,SKU0005,88,60,True,False,0,0,104,False,0.0,3.18,150,7
2024-03-30,STR001,SKU0001,114,0,False,False,0,2,111,False,0.0,9.84,99,3
2024-03-30,STR001,SKU0002,331,0,True,False,0,8,305,False,0.0,8.28,219,4
2024-03-30,STR001,SKU0003,132,44,True,False,0,0,157,False,0.0,8.08,79,2
2024-03-30,STR001,SKU0004,149,0,True,False,0,0,131,False,0.0,6.41,171,8
2024-03-30,STR001,SKU0005,118,60,True,False,0,0,126,False,0.0,2.48,184,7
2024-03-30,STR002,SKU0001,109,0,False,False,0,7,94,False,0.0,8.66,81,3
2024-03-30,STR002,SKU0002,286,22,True,False,0,11,261,False,0.0,9.27,178,4
2024-03-30,STR002,SKU0003,108,38,True,False,0,0,135,False,0.0,14.1,64,2
2024-03-30,STR002,SKU0004,113,34,True,False,0,0,140,False,0.0,16.07,138,8
2024-03-30,STR002,SKU0005,104,28,True,False,0,0,81,False,0.0,2.26,150,7
2024-03-31,STR001,SKU0001,111,0,False,False,0,2,84,False,0.0,8.52,99,3
2024-03-31,STR001,SKU0002,305,0,False,False,0,13,249,False,0.0,8.8,219,4
2024-03-31,STR001,SKU0003,157,0,False,False,0,0,133,False,0.0,6.7,79,2
2024-03-31,STR001,SKU0004,131,51,True,False,0,0,173,False,0.0,8.78,171,8
2024-03-31,STR001,SKU0005,126,56,True,False,0,0,117,False,0.0,2.29,184,7
2024-03-31,STR002,SKU0001,94,0,False,False,0,4,85,False,0.0,8.75,81,3
2024-03-31,STR002,SKU0002,261,0,False,False,0,10,213,False,0.0,7.81,178,4
2024-03-31,STR002,SKU0003,135,0,False,False,0,0,116,False,0.0,11.77,64,2
2024-03-31,STR002,SKU0004,140,0,False,False,0,0,121,False,0.0,14.12,138,8
2024-03-31,STR002,SKU0005,81,20,True,False,0,0,62,False,0.0,1.52,150,7
2024-04-01,STR001,SKU0001,84,97,True,False,0,5,171,False,0.0,13.3,99,3
2024-04-01,STR001,SKU0002,249,0,False,False,0,8,208,False,0.0,7.03,219,4
2024-04-01,STR001,SKU0003,133,0,False,False,0,0,117,False,0.0,5.69,79,2
2024-04-01,STR001,SKU0004,173,4,True,False,0,0,172,False,0.0,9.87,171,8
2024-04-01,STR001,SKU0005,117,61,True,False,0,0,129,False,0.0,2.58,184,7
2024-04-01,STR002,SKU0001,85,50,True,False,0,5,124,False,0.0,17.71,81,3
2024-04-01,STR002,SKU0002,213,0,False,False,0,6,171,False,0.0,6.47,178,4
2024-04-01,STR002,SKU0003,116,0,False,False,0,0,100,False,0.0,8.86,64,2
2024-04-01,STR002,SKU0004,121,4,True,False,0,0,117,False,0.0,12.04,138,8
2024-04-01,STR002,SKU0005,62,102,True,False,0,0,128,False,0.0,2.98,150,7
2024-04-02,STR001,SKU0001,171,0,False,False,0,11,151,False,0.0,11.62,99,3
2024-04-02,STR001,SKU0002,208,104,True,False,2,14,274,False,0.0,9.22,219,4
2024-04-02,STR001,SKU0003,117,78,True,False,0,0,183,False,0.0,9.42,79,2
2024-04-02,STR001,SKU0004,172,0,False,False,0,0,154,False,0.0,10.17,171,8
2024-04-02,STR001,SKU0005,129,0,True,True,0,0,90,False,0.0,1.86,184,7
2024-04-02,STR002,SKU0001,124,0,False,False,0,4,119,False,0.0,18.11,81,3
2024-04-02,STR002,SKU0002,171,0,True,True,0,3,136,False,0.0,4.93,178,4
2024-04-02,STR002,SKU0003,100,47,True,False,0,0,135,False,0.0,11.39,64,2
2024-04-02,STR002,SKU0004,117,5,True,False,0,0,101,False,0.0,10.55,138,8
2024-04-02,STR002,SKU0005,128,48,True,False,0,0,87,False,0.0,2.35,150,7
2024-04-03,STR001,SKU0001,151,0,False,False,0,7,130,False,0.0,10.58,99,3
2024-04-03,STR001,SKU0002,274,0,False,False,0,11,223,False,0.0,7.54,219,4
2024-04-03,STR001,SKU0003,183,0,False,False,0,0,175,False,0.0,9.14,79,2
2024-04-03,STR001,SKU0004,154,2,True,False,0,0,133,False,0.0,10.12,171,8
2024-04-03,STR001,SKU0005,90,107,True,False,2,0,139,False,0.0,2.84,184,7
2024-04-03,STR002,SKU0001,119,0,False,False,0,8,110,False,0.0,22.65,81,3
2024-04-03,STR002,SKU0002,136,143,True,False,0,8,248,False,0.0,8.27,178,4
2024-04-03,STR002,SKU0003,135,0,False,False,0,0,118,False,0.0,10.07,64,2
2024-04-03,STR002,SKU0004,101,35,True,False,0,0,129,False,0.0,11.43,138,8
2024-04-03,STR002,SKU0005,87,16,True,False,0,0,66,False,0.0,1.42,150,7
2024-04-04,STR001,SKU0001,130,0,False,False,0,5,112,False,0.0,8.81,99,3
2024-04-04,STR001,SKU0002,223,152,True,False,3,10,314,False,0.0,10.13,219,4
2024-04-04,STR001,SKU0003,175,0,False,False,0,0,167,False,0.0,9.5,79,2
2024-04-04,STR001,SKU0004,133,3,True,False,0,0,123,False,0.0,7.55,171,8
2024-04-04,STR001,SKU0005,139,0,True,True,0,0,94,False,0.0,1.94,184,7
2024-04-04,STR002,SKU0001,110,0,False,False,0,2,103,False,0.0,21.21,81,3
2024-04-04,STR002,SKU0002,248,0,True,False,0,9,220,False,0.0,7.2,178,4
2024-04-04,STR002,SKU0003,118,0,False,False,0,0,108,False,0.0,7.96,64,2
2024-04-04,STR002,SKU0004,129,1,True,False,0,0,123,False,0.0,11.64,138,8
2024-04-04,STR002,SKU0005,66,84,True,False,0,0,94,False,0.0,2.0,150,7
2024-04-05,STR001,SKU0001,112,37,True,False,0,6,132,False,0.0,11.27,99,3
2024-04-05,STR001,SKU0002,314,0,False,False,0,9,277,False,0.0,8.54,219,4
2024-04-05,STR001,SKU0003,167,30,True,False,0,0,185,False,0.0,11.77,79,2
2024-04-05,STR001,SKU0004,123,44,True,False,0,0,149,False,0.0,9.93,171,8
2024-04-05,STR001,SKU0005,94,47,True,False,0,0,116,False,0.0,2.31,184,7
2024-04-05,STR002,SKU0001,103,3,True,False,0,2,96,False,0.0,19.76,81,3
2024-04-05,STR002,SKU0002,220,0,False,False,0,0,185,False,0.0,6.61,178,4
2024-04-05,STR002,SKU0003,108,2,True,False,0,0,94,False,0.0,7.15,64,2
2024-04-05,STR002,SKU0004,123,0,True,False,0,0,121,False,0.0,10.72,138,8
2024-04-05,STR002,SKU0005,94,55,True,False,0,0,108,False,0.0,2.15,150,7
2024-04-06,STR001,SKU0001,132,0,False,False,0,7,115,False,0.0,10.32,99,3
2024-04-06,STR001,SKU0002,277,0,False,False,0,13,236,False,0.0,7.12,219,4
2024-04-06,STR001,SKU0003,185,0,False,False,0,0,176,False,0.0,12.44,79,2
2024-04-06,STR001,SKU0004,149,4,True,False,0,0,124,False,0.0,8.35,171,8
2024-04-06,STR001,SKU0005,116,133,True,False,0,0,211,False,0.0,4.46,184,7
2024-04-06,STR002,SKU0001,96,0,False,False,0,2,87,False,0.0,17.91,81,3
2024-04-06,STR002,SKU0002,185,0,False,False,0,0,68,False,0.0,2.17,178,4
2024-04-06,STR002,SKU0003,94,0,False,False,0,0,78,False,0.0,5.41,64,2
2024-04-06,STR002,SKU0004,121,2,True,False,0,0,103,False,0.0,10.15,138,8
2024-04-06,STR002,SKU0005,108,2,True,False,0,0,70,False,0.0,1.4,150,7
2024-04-07,STR001,SKU0001,115,0,False,False,0,4,89,False,0.0,7.16,99,3
2024-04-07,STR001,SKU0002,236,0,False,False,0,9,208,False,0.0,6.02,219,4
2024-04-07,STR001,SKU0003,176,0,False,False,0,0,157,False,0.0,12.35,79,2
2024-04-07,STR001,SKU0004,124,59,True,False,0,0,175,False,0.0,10.65,171,8
2024-04-07,STR001,SKU0005,211,0,False,False,0,0,171,False,0.0,3.78,184,7
2024-04-07,STR002,SKU0001,87,0,False,False,0,7,72,False,0.0,15.27,81,3
2024-04-07,STR002,SKU0002,68,213,True,False,1,1,217,False,0.0,5.06,178,4
2024-04-07,STR002,SKU0003,78,0,False,False,0,0,64,False,0.0,4.23,64,2
2024-04-07,STR002,SKU0004,103,21,True,False,0,0,112,False,0.0,9.33,138,8
2024-04-07,STR002,SKU0005,70,93,True,False,0,0,86,False,0.0,1.78,150,7
2024-04-08,STR001,SKU0001,89,24,True,False,0,1,92,False,0.0,7.67,99,3
2024-04-08,STR001,SKU0002,208,135,True,False,2,24,274,False,0.0,8.8,219,4
2024-04-08,STR001,SKU0003,157,2,True,False,0,0,129,False,0.0,10.75,79,2
2024-04-08,STR001,SKU0004,175,0,False,False,0,0,167,False,0.0,10.25,171,8
2024-04-08,STR001,SKU0005,171,0,True,True,0,0,114,False,0.0,2.73,184,7
2024-04-08,STR002,SKU0001,72,76,True,False,1,9,126,False,0.0,24.5,81,3
2024-04-08,STR002,SKU0002,217,0,False,False,0,0,168,False,0.0,3.63,178,4
2024-04-08,STR002,SKU0003,64,24,True,False,0,0,76,False,0.0,5.27,64,2
2024-04-08,STR002,SKU0004,112,3,True,False,0,0,109,False,0.0,9.91,138,8
2024-04-08,STR002,SKU0005,86,31,True,False,0,0,71,False,0.0,1.32,150,7
2024-04-09,STR001,SKU0001,92,54,True,False,0,6,133,False,0.0,9.4,99,3
2024-04-09,STR001,SKU0002,274,70,True,False,1,18,260,False,0.0,7.98,219,4
2024-04-09,STR001,SKU0003,129,0,False,False,0,0,117,False,0.0,8.36,79,2
2024-04-09,STR001,SKU0004,167,1,True,False,0,0,154,False,0.0,9.21,171,8
2024-04-09,STR001,SKU0005,114,139,True,False,1,0,231,False,0.0,5.39,184,7
2024-04-09,STR002,SKU0001,126,38,True,False,0,11,145,False,0.0,24.17,81,3
2024-04-09,STR002,SKU0002,168,4,True,False,0,2,120,False,0.0,2.49,178,4
2024-04-09,STR002,SKU0003,76,0,False,False,0,0,60,False,0.0,4.33,64,2
2024-04-09,STR002,SKU0004,109,27,True,False,0,0,131,False,0.0,12.23,138,8
2024-04-09,STR002,SKU0005,71,0,True,True,0,0,10,False,0.0,0.18,150,7
2024-04-10,STR001,SKU0001,133,0,False,False,0,6,120,False,0.0,8.66,99,3
2024-04-10,STR001,SKU0002,260,0,False,False,0,9,229,False,0.0,5.92,219,4
2024-04-10,STR001,SKU0003,117,0,False,False,0,0,104,False,0.0,7.43,79,2
2024-04-10,STR001,SKU0004,154,2,True,False,0,0,145,False,0.0,8.98,171,8
2024-04-10,STR001,SKU0005,231,37,False,False,0,0,223,False,0.0,5.54,184,7
2024-04-10,STR002,SKU0001,145,0,False,False,0,7,126,False,0.0,18.0,81,3
2024-04-10,STR002,SKU0002,120,131,True,False,2,7,210,False,0.0,4.14,178,4
2024-04-10,STR002,SKU0003,60,70,True,False,0,0,120,False,0.0,8.32,64,2
2024-04-10,STR002,SKU0004,131,1,True,False,0,0,107,False,0.0,12.69,138,8
2024-04-10,STR002,SKU0005,10,166,True,False,2,0,155,False,0.0,3.03,150,7
2024-04-11,STR001,SKU0001,120,0,False,False,0,4,101,False,0.0,7.86,99,3
2024-04-11,STR001,SKU0002,229,0,False,False,0,5,198,False,0.0,5.48,219,4
2024-04-11,STR001,SKU0003,104,25,True,False,0,0,98,False,0.0,6.66,79,2
2024-04-11,STR001,SKU0004,145,1,True,False,0,0,126,False,0.0,8.73,171,8
2024-04-11,STR001,SKU0005,223,0,False,False,0,0,199,False,0.0,5.14,184,7
2024-04-11,STR002,SKU0001,126,0,False,False,0,5,102,False,0.0,11.9,81,3
2024-04-11,STR002,SKU0002,210,0,False,False,0,4,178,False,0.0,3.42,178,4
2024-04-11,STR002,SKU0003,120,39,True,False,0,0,131,False,0.0,9.76,64,2
2024-04-11,STR002,SKU0004,107,17,True,False,0,0,97,False,0.0,8.82,138,8
2024-04-11,STR002,SKU0005,155,0,False,False,0,0,148,False,0.0,3.05,150,7
2024-04-12,STR001,SKU0001,101,0,False,False,0,2,80,False,0.0,6.09,99,3
2024-04-12,STR001,SKU0002,198,47,True,False,0,1,207,False,0.0,6.27,219,4
2024-04-12,STR001,SKU0003,98,0,False,False,0,0,75,False,0.0,4.17,79,2
2024-04-12,STR001,SKU0004,126,58,True,False,1,0,170,False,0.0,11.02,171,8
2024-04-12,STR001,SKU0005,199,0,False,False,0,0,192,False,0.0,5.38,184,7
2024-04-12,STR002,SKU0001,102,0,False,False,0,4,96,False,0.0,9.08,81,3
2024-04-12,STR002,SKU0002,178,0,False,False,0,1,150,False,0.0,2.82,178,4
2024-04-12,STR002,SKU0003,131,0,False,False,0,0,124,False,0.0,7.75,64,2
2024-04-12,STR002,SKU0004,97,5,True,False,0,0,93,False,0.0,6.71,138,8
2024-04-12,STR002,SKU0005,148,4,True,False,0,0,143,False,0.0,3.44,150,7
2024-04-13,STR001,SKU0001,80,102,True,False,0,7,170,False,0.0,11.9,99,3
2024-04-13,STR001,SKU0002,207,139,True,False,1,9,311,False,0.0,9.07,219,4
2024-04-13,STR001,SKU0003,75,51,True,False,0,0,99,False,0.0,5.06,79,2
2024-04-13,STR001,SKU0004,170,12,True,False,0,0,171,False,0.0,11.62,171,8
2024-04-13,STR001,SKU0005,192,0,True,False,0,0,163,False,0.0,4.92,184,7
2024-04-13,STR002,SKU0001,96,37,True,False,0,5,127,False,0.0,13.07,81,3
2024-04-13,STR002,SKU0002,150,50,True,False,0,4,171,False,0.0,3.28,178,4
2024-04-13,STR002,SKU0003,124,0,False,False,0,0,113,False,0.0,7.68,64,2
2024-04-13,STR002,SKU0004,93,0,True,True,0,0,88,False,0.0,5.92,138,8
2024-04-13,STR002,SKU0005,143,0,True,False,0,0,104,False,0.0,2.81,150,7
2024-04-14,STR001,SKU0001,170,0,False,False,0,11,156,False,0.0,11.49,99,3
2024-04-14,STR001,SKU0002,311,3,True,False,0,9,263,False,0.0,7.77,219,4
2024-04-14,STR001,SKU0003,99,27,True,False,1,0,111,False,0.0,5.01,79,2
2024-04-14,STR001,SKU0004,171,0,False,False,0,0,155,False,0.0,12.76,171,8
2024-04-14,STR001,SKU0005,163,3,True,False,0,0,149,False,0.0,4.68,184,7
2024-04-14,STR002,SKU0001,127,0,False,False,0,8,106,False,0.0,11.97,81,3
2024-04-14,STR002,SKU0002,171,3,True,False,0,5,142,False,0.0,3.64,178,4
2024-04-14,STR002,SKU0003,113,43,True,False,1,0,139,False,0.0,9.93,64,2
2024-04-14,STR002,SKU0004,88,0,True,True,0,0,81,False,0.0,6.37,138,8
2024-04-14,STR002,SKU0005,104,44,True,False,0,0,131,False,0.0,3.55,150,7
2024-04-15,STR001,SKU0001,156,0,False,False,0,8,126,False,0.0,11.61,99,3
2024-04-15,STR001,SKU0002,263,0,False,False,0,7,228,False,0.0,6.14,219,4
2024-04-15,STR001,SKU0003,111,0,False,False,0,0,90,False,0.0,4.2,79,2
2024-04-15,STR001,SKU0004,155,0,True,False,0,0,138,False,0.0,10.39,171,8
2024-04-15,STR001,SKU0005,149,10,True,False,0,0,153,False,0.0,5.36,184,7
2024-04-15,STR002,SKU0001,106,0,False,False,0,4,101,False,0.0,10.55,81,3
2024-04-15,STR002,SKU0002,142,55,True,False,2,9,172,False,0.0,5.06,178,4
2024-04-15,STR002,SKU0003,139,0,False,False,0,0,110,False,0.0,7.7,64,2
2024-04-15,STR002,SKU0004,81,5,True,False,0,0,74,False,0.0,6.17,138,8
2024-04-15,STR002,SKU0005,131,5,True,False,0,0,120,False,0.0,4.24,150,7
2024-04-16,STR001,SKU0001,126,0,False,False,0,7,109,False,0.0,9.78,99,3
2024-04-16,STR001,SKU0002,228,0,False,False,0,8,160,False,0.0,4.57,219,4
2024-04-16,STR001,SKU0003,90,0,False,False,0,0,71,False,0.0,3.52,79,2
2024-04-16,STR001,SKU0004,138,15,True,False,0,0,151,False,0.0,10.36,171,8
2024-04-16,STR001,SKU0005,153,10,True,False,0,0,152,False,0.0,7.14,184,7
2024-04-16,STR002,SKU0001,101,0,False,False,0,9,86,False,0.0,10.75,81,3
2024-04-16,STR002,SKU0002,172,108,True,False,1,15,259,False,0.0,8.93,178,4
2024-04-16,STR002,SKU0003,110,0,False,False,0,0,77,False,0.0,4.61,64,2
2024-04-16,STR002,SKU0004,74,117,True,False,1,0,185,False,0.0,14.39,138,8
2024-04-16,STR002,SKU0005,120,41,True,False,0,0,146,False,0.0,6.08,150,7
2024-04-17,STR001,SKU0001,109,4,True,False,0,2,104,False,0.0,8.99,99,3
2024-04-17,STR001,SKU0002,160,182,True,False,1,15,291,False,0.0,8.49,219,4
2024-04-17,STR001,SKU0003,71,124,True,False,0,0,179,False,0.0,8.47,79,2
2024-04-17,STR001,SKU0004,151,34,True,False,0,0,177,False,0.0,13.77,171,8
2024-04-17,STR001,SKU0005,152,67,True,False,0,0,215,False,0.0,10.83,184,7
2024-04-17,STR002,SKU0001,86,6,True,False,0,3,78,False,0.0,10.11,81,3
2024-04-17,STR002,SKU0002,259,0,False,False,0,10,207,False,0.0,9.17,178,4
2024-04-17,STR002,SKU0003,77,65,True,False,0,0,124,False,0.0,6.48,64,2
2024-04-17,STR002,SKU0004,185,30,False,False,0,0,206,False,0.0,16.02,138,8
2024-04-17,STR002,SKU0005,146,3,True,False,0,0,134,False,0.0,7.69,150,7
2024-04-18,STR001,SKU0001,104,0,False,False,0,5,86,False,0.0,7.43,99,3
2024-04-18,STR001,SKU0002,291,0,False,False,0,10,252,False,0.0,6.97,219,4
2024-04-18,STR001,SKU0003,179,0,False,False,0,0,160,False,0.0,7.42,79,2
2024-04-18,STR001,SKU0004,177,0,False,False,0,0,174,False,0.0,14.0,171,8
2024-04-18,STR001,SKU0005,215,0,False,False,0,0,205,False,0.0,14.64,184,7
2024-04-18,STR002,SKU0001,78,14,True,False,0,2,84,False,0.0,11.09,81,3
2024-04-18,STR002,SKU0002,207,0,False,False,0,1,177,False,0.0,7.38,178,4
2024-04-18,STR002,SKU0003,124,0,False,False,0,0,94,False,0.0,4.63,64,2
2024-04-18,STR002,SKU0004,206,0,False,False,0,0,197,False,0.0,18.64,138,8
2024-04-18,STR002,SKU0005,134,43,True,False,0,1,168,False,0.0,9.97,150,7
2024-04-19,STR001,SKU0001,86,46,True,False,0,1,109,False,0.0,9.66,99,3
2024-04-19,STR001,SKU0002,252,0,True,False,0,8,222,False,0.0,6.07,219,4
2024-04-19,STR001,SKU0003,160,0,False,False,0,0,147,False,0.0,7.4,79,2
2024-04-19,STR001,SKU0004,174,4,True,False,0,0,170,False,0.0,17.0,171,8
2024-04-19,STR001,SKU0005,205,0,False,False,0,0,195,False,0.0,16.25,184,7
2024-04-19,STR002,SKU0001,84,0,False,False,0,3,75,False,0.0,13.12,81,3
2024-04-19,STR002,SKU0002,177,0,True,True,0,4,128,False,0.0,5.3,178,4
2024-04-19,STR002,SKU0003,94,0,False,False,0,0,48,False,0.0,2.33,64,2
2024-04-19,STR002,SKU0004,197,0,True,False,0,0,193,False,0.0,24.12,138,8
2024-04-19,STR002,SKU0005,168,0,False,False,0,0,149,False,0.0,8.76,150,7
2024-04-20,STR001,SKU0001,109,0,False,False,0,1,99,False,0.0,8.45,99,3
2024-04-20,STR001,SKU0002,222,0,False,False,0,2,197,False,0.0,5.72,219,4
2024-04-20,STR001,SKU0003,147,5,True,False,0,0,135,False,0.0,7.33,79,2
2024-04-20,STR001,SKU0004,170,5,True,False,0,0,175,False,0.0,18.85,171,8
2024-04-20,STR001,SKU0005,195,0,False,False,0,0,184,False,0.0,14.8,184,7
2024-04-20,STR002,SKU0001,75,72,True,False,1,8,134,False,0.0,21.32,81,3
2024-04-20,STR002,SKU0002,128,178,True,False,1,12,251,False,0.0,9.4,178,4
2024-04-20,STR002,SKU0003,48,113,True,False,1,0,88,False,0.0,3.37,64,2
2024-04-20,STR002,SKU0004,193,0,False,False,0,0,180,False,0.0,24.71,138,8
2024-04-20,STR002,SKU0005,149,3,True,False,0,0,137,False,0.0,7.43,150,7
2024-04-21,STR001,SKU0001,99,104,True,False,0,11,156,False,0.0,12.7,99,3
2024-04-21,STR001,SKU0002,197,147,True,False,1,10,320,False,0.0,9.37,219,4
2024-04-21,STR001,SKU0003,135,0,False,False,0,0,124,False,0.0,7.29,79,2
2024-04-21,STR001,SKU0004,175,0,False,False,0,0,165,False,0.0,21.39,171,8
2024-04-21,STR001,SKU0005,184,36,True,False,0,0,212,False,0.0,21.51,184,7
2024-04-21,STR002,SKU0001,134,16,True,False,0,9,130,False,0.0,19.36,81,3
2024-04-21,STR002,SKU0002,251,55,False,False,1,14,270,False,0.0,9.26,178,4
2024-04-21,STR002,SKU0003,88,0,False,False,0,0,69,False,0.0,1.98,64,2
2024-04-21,STR002,SKU0004,180,0,False,False,0,0,169,False,0.0,20.05,138,8
2024-04-21,STR002,SKU0005,137,2,True,False,0,0,114,False,0.0,7.6,150,7
2024-04-22,STR001,SKU0001,156,0,False,False,0,6,133,False,0.0,7.82,99,3
2024-04-22,STR001,SKU0002,320,0,False,False,0,17,267,False,0.0,8.9,219,4
2024-04-22,STR001,SKU0003,124,0,False,False,0,0,94,False,0.0,5.67,79,2
2024-04-22,STR001,SKU0004,165,4,True,False,0,0,151,False,0.0,22.02,171,8
2024-04-22,STR001,SKU0005,212,0,False,False,0,0,197,False,0.0,22.98,184,7
2024-04-22,STR002,SKU0001,130,0,False,False,0,4,118,False,0.0,18.36,81,3
2024-04-22,STR002,SKU0002,270,0,False,False,0,7,227,False,0.0,8.03,178,4
2024-04-22,STR002,SKU0003,69,0,False,False,0,0,34,False,0.0,0.96,64,2
2024-04-22,STR002,SKU0004,169,0,False,False,0,0,158,False,0.0,17.56,138,8
2024-04-22,STR002,SKU0005,114,0,True,True,0,0,103,False,0.0,6.38,150,7
2024-04-23,STR001,SKU0001,133,0,False,False,0,5,111,False,0.0,6.82,99,3
2024-04-23,STR001,SKU0002,267,0,False,False,0,5,241,False,0.0,7.74,219,4
2024-04-23,STR001,SKU0003,94,49,True,False,0,0,132,False,0.0,7.39,79,2
2024-04-23,STR001,SKU0004,151,35,True,False,0,0,146,False,0.0,20.86,171,8
2024-04-23,STR001,SKU0005,197,0,False,False,0,0,180,False,0.0,18.26,184,7
2024-04-23,STR002,SKU0001,118,0,False,False,0,5,95,False,0.0,12.79,81,3
2024-04-23,STR002,SKU0002,227,0,False,False,0,5,209,False,0.0,6.65,178,4
2024-04-23,STR002,SKU0003,34,86,True,False,0,0,95,False,0.0,2.63,64,2
2024-04-23,STR002,SKU0004,158,0,False,False,0,0,148,False,0.0,16.71,138,8
2024-04-23,STR002,SKU0005,103,112,True,False,0,0,205,False,0.0,13.29,150,7
2024-04-24,STR001,SKU0001,111,0,False,False,0,2,97,False,0.0,5.61,99,3
2024-04-24,STR001,SKU0002,241,6,True,False,0,5,188,False,0.0,7.35,219,4
2024-04-24,STR001,SKU0003,132,0,False,False,0,0,115,False,0.0,6.88,79,2
2024-04-24,STR001,SKU0004,146,41,True,False,0,0,148,False,0.0,11.91,171,8
2024-04-24,STR001,SKU0005,180,21,True,False,0,0,188,False,0.0,17.55,184,7
2024-04-24,STR002,SKU0001,95,0,False,False,0,3,87,False,0.0,9.52,81,3
2024-04-24,STR002,SKU0002,209,94,True,False,0,22,264,False,0.0,8.11,178,4
2024-04-24,STR002,SKU0003,95,0,False,False,0,0,70,False,0.0,2.0,64,2
2024-04-24,STR002,SKU0004,148,0,False,False,0,0,136,False,0.0,14.21,138,8
2024-04-24,STR002,SKU0005,205,38,False,False,0,0,234,False,0.0,15.9,150,7
2024-04-25,STR001,SKU0001,97,34,True,False,0,4,114,False,0.0,6.33,99,3
2024-04-25,STR001,SKU0002,188,124,True,False,0,10,269,False,0.0,9.51,219,4
2024-04-25,STR001,SKU0003,115,0,False,False,0,0,101,False,0.0,5.99,79,2
2024-04-25,STR001,SKU0004,148,37,True,False,0,0,50,False,0.0,2.97,171,8
2024-04-25,STR001,SKU0005,188,0,False,False,0,0,171,False,0.0,14.25,184,7
2024-04-25,STR002,SKU0001,87,75,True,False,0,6,148,False,0.0,17.86,81,3
2024-04-25,STR002,SKU0002,264,0,False,False,0,9,217,False,0.0,7.48,178,4
2024-04-25,STR002,SKU0003,70,0,False,False,0,0,35,False,0.0,0.97,64,2
2024-04-25,STR002,SKU0004,136,2,True,False,0,0,125,False,0.0,12.5,138,8
2024-04-25,STR002,SKU0005,234,0,False,False,0,0,212,False,0.0,15.3,150,7
2024-04-26,STR001,SKU0001,114,0,False,False,0,2,98,False,0.0,5.44,99,3
2024-04-26,STR001,SKU0002,269,0,False,False,0,10,229,False,0.0,7.94,219,4
2024-04-26,STR001,SKU0003,101,25,True,False,0,0,110,False,0.0,6.81,79,2
2024-04-26,STR001,SKU0004,50,70,True,False,0,0,103,False,0.0,2.88,171,8
2024-04-26,STR001,SKU0005,171,28,True,False,0,0,188,False,0.0,14.46,184,7
2024-04-26,STR002,SKU0001,148,0,False,False,0,5,142,False,0.0,16.57,81,3
2024-04-26,STR002,SKU0002,217,0,False,False,0,8,190,False,0.0,6.27,178,4
2024-04-26,STR002,SKU0003,35,83,True,False,0,0,101,False,0.0,2.75,64,2
2024-04-26,STR002,SKU0004,125,23,True,False,0,0,137,False,0.0,12.96,138,8
2024-04-26,STR002,SKU0005,212,0,False,False,0,0,200,False,0.0,12.61,150,7
2024-04-27,STR001,SKU0001,98,83,True,False,0,8,154,False,0.0,9.14,99,3
2024-04-27,STR001,SKU0002,229,0,False,False,0,1,195,False,0.0,6.5,219,4
2024-04-27,STR001,SKU0003,110,0,False,False,0,0,96,False,0.0,5.79,79,2
2024-04-27,STR001,SKU0004,103,31,True,False,0,0,129,False,0.0,3.49,171,8
2024-04-27,STR001,SKU0005,188,0,False,False,0,0,160,False,0.0,12.17,184,7
2024-04-27,STR002,SKU0001,142,0,False,False,0,8,120,False,0.0,15.27,81,3
2024-04-27,STR002,SKU0002,190,0,False,False,0,6,151,False,0.0,5.68,178,4
2024-04-27,STR002,SKU0003,101,0,False,False,0,1,87,False,0.0,2.67,64,2
2024-04-27,STR002,SKU0004,137,0,True,True,0,0,132,False,0.0,11.41,138,8
2024-04-27,STR002,SKU0005,200,0,False,False,0,0,174,False,0.0,11.71,150,7
2024-04-28,STR001,SKU0001,154,0,False,False,0,7,136,False,0.0,7.44,99,3
2024-04-28,STR001,SKU0002,195,183,True,False,2,14,313,False,0.0,9.96,219,4
2024-04-28,STR001,SKU0003,96,0,False,False,0,0,80,False,0.0,4.96,79,2
2024-04-28,STR001,SKU0004,129,25,True,False,0,1,137,False,0.0,3.63,171,8
2024-04-28,STR001,SKU0005,160,22,True,False,0,1,157,False,0.0,10.08,184,7
2024-04-28,STR002,SKU0001,120,0,False,False,0,3,108,False,0.0,11.63,81,3
2024-04-28,STR002,SKU0002,151,0,True,True,0,3,128,False,0.0,5.06,178,4
2024-04-28,STR002,SKU0003,87,0,False,False,0,0,57,False,0.0,2.36,64,2
2024-04-28,STR002,SKU0004,132,4,True,False,0,0,129,False,0.0,12.37,138,8
2024-04-28,STR002,SKU0005,174,0,False,False,0,0,153,False,0.0,9.31,150,7
2024-04-29,STR001,SKU0001,136,50,True,False,0,14,165,False,0.0,11.21,99,3
2024-04-29,STR001,SKU0002,313,3,True,False,0,10,266,False,0.0,7.27,219,4
2024-04-29,STR001,SKU0003,80,0,True,True,0,0,56,False,0.0,3.32,79,2
2024-04-29,STR001,SKU0004,137,16,True,False,0,0,135,False,0.0,3.5,171,8
2024-04-29,STR001,SKU0005,157,59,True,False,0,0,206,False,0.0,11.54,184,7
2024-04-29,STR002,SKU0001,108,44,True,False,0,11,131,False,0.0,14.56,81,3
2024-04-29,STR002,SKU0002,128,69,True,False,0,9,164,False,0.0,6.52,178,4
2024-04-29,STR002,SKU0003,57,45,True,False,0,0,91,False,0.0,3.54,64,2
2024-04-29,STR002,SKU0004,129,3,True,False,0,0,121,False,0.0,12.28,138,8
2024-04-29,STR002,SKU0005,153,5,True,False,0,0,152,False,0.0,9.59,150,7
2024-04-30,STR001,SKU0001,165,0,False,False,0,3,135,False,0.0,10.16,99,3
2024-04-30,STR001,SKU0002,266,0,False,False,0,6,216,False,0.0,5.82,219,4
2024-04-30,STR001,SKU0003,56,163,True,False,0,1,194,False,0.0,12.12,79,2
2024-04-30,STR001,SKU0004,135,5,True,False,0,0,130,False,0.0,3.37,171,8
2024-04-30,STR001,SKU0005,206,0,False,False,0,0,195,False,0.0,11.38,184,7
2024-04-30,STR002,SKU0001,131,0,False,False,0,2,119,False,0.0,12.82,81,3
2024-04-30,STR002,SKU0002,164,190,True,False,1,25,290,False,0.0,12.38,178,4
2024-04-30,STR002,SKU0003,91,0,False,False,0,0,85,False,0.0,3.81,64,2
2024-04-30,STR002,SKU0004,121,65,True,False,0,0,186,False,0.0,18.87,138,8
2024-04-30,STR002,SKU0005,152,0,False,False,0,0,141,False,0.0,9.31,150,7
2024-05-01,STR001,SKU0001,135,0,False,False,0,3,120,False,0.0,8.16,99,3
2024-05-01,STR001,SKU0002,216,62,True,False,1,9,232,False,0.0,5.74,219,4
2024-05-01,STR001,SKU0003,194,26,False,False,0,0,197,False,0.0,11.03,79,2
2024-05-01,STR001,SKU0004,130,0,True,False,0,0,110,False,0.0,3.21,171,8
2024-05-01,STR001,SKU0005,195,0,False,False,0,0,179,False,0.0,10.99,184,7
2024-05-01,STR002,SKU0001,119,0,False,False,0,7,105,False,0.0,12.89,81,3
2024-05-01,STR002,SKU0002,290,75,False,False,0,16,328,False,0.0,12.15,178,4
2024-05-01,STR002,SKU0003,85,0,False,False,0,0,78,False,0.0,3.99,64,2
2024-05-01,STR002,SKU0004,186,0,False,False,0,0,183,False,0.0,21.71,138,8
2024-05-01,STR002,SKU0005,141,4,True,False,0,0,132,False,0.0,8.64,150,7
2024-05-02,STR001,SKU0001,120,0,False,False,0,4,112,False,0.0,7.61,99,3
2024-05-02,STR001,SKU0002,232,0,False,False,0,10,200,False,0.0,5.28,219,4
2024-05-02,STR001,SKU0003,197,2,True,False,0,0,183,False,0.0,9.78,79,2
2024-05-02,STR001,SKU0004,110,0,True,False,0,0,90,False,0.0,2.85,171,8
2024-05-02,STR001,SKU0005,179,2,True,False,0,0,163,False,0.0,9.75,184,7
2024-05-02,STR002,SKU0001,105,0,False,False,0,4,100,False,0.0,11.86,81,3
2024-05-02,STR002,SKU0002,328,0,False,False,0,5,296,False,0.0,10.74,178,4
2024-05-02,STR002,SKU0003,78,28,True,False,0,0,92,False,0.0,5.41,64,2
2024-05-02,STR002,SKU0004,183,0,False,False,0,0,175,False,0.0,24.5,138,8
2024-05-02,STR002,SKU0005,132,13,True,False,0,0,141,False,0.0,8.89,150,7
2024-05-03,STR001,SKU0001,112,3,True,False,1,8,102,False,0.0,7.6,99,3
2024-05-03,STR001,SKU0002,200,44,True,False,0,4,179,False,0.0,4.93,219,4
2024-05-03,STR001,SKU0003,183,0,False,False,0,0,164,False,0.0,8.63,79,2
2024-05-03,STR001,SKU0004,90,92,True,False,0,0,174,False,0.0,11.49,171,8
2024-05-03,STR001,SKU0005,163,18,True,False,0,0,155,False,0.0,9.19,184,7
2024-05-03,STR002,SKU0001,100,64,True,False,0,25,139,False,0.0,18.71,81,3
2024-05-03,STR002,SKU0002,296,0,False,False,0,36,260,False,0.0,10.0,178,4
2024-05-03,STR002,SKU0003,92,0,False,False,0,0,92,False,0.0,6.57,64,2
2024-05-03,STR002,SKU0004,175,0,False,False,0,0,175,False,0.0,27.22,138,8
2024-05-03,STR002,SKU0005,141,4,True,False,0,0,145,False,0.0,10.91,150,7
2024-05-04,STR001,SKU0001,102,0,False,False,0,5,85,False,0.0,7.08,99,3
2024-05-04,STR001,SKU0002,179,30,True,False,0,2,157,False,0.0,3.86,219,4
2024-05-04,STR001,SKU0003,164,0,False,False,0,0,151,False,0.0,7.77,79,2
2024-05-04,STR001,SKU0004,174,0,False,False,0,0,171,False,0.0,12.34,171,8
2024-05-04,STR001,SKU0005,155,5,True,False,0,0,146,False,0.0,7.68,184,7
2024-05-04,STR002,SKU0001,139,0,False,False,0,5,123,False,0.0,16.88,81,3
2024-05-04,STR002,SKU0002,260,2,True,False,0,7,237,False,0.0,10.18,178,4
2024-05-04,STR002,SKU0003,92,0,False,False,0,0,78,False,0.0,6.74,64,2
2024-05-04,STR002,SKU0004,175,0,False,False,0,0,159,False,0.0,32.74,138,8
2024-05-04,STR002,SKU0005,145,3,True,False,0,0,141,False,0.0,12.19,150,7
2024-05-05,STR001,SKU0001,85,81,True,False,1,5,156,False,0.0,14.18,99,3
2024-05-05,STR001,SKU0002,157,186,True,False,1,16,281,False,0.0,6.51,219,4
2024-05-05,STR001,SKU0003,151,47,True,False,0,0,183,False,0.0,9.49,79,2
2024-05-05,STR001,SKU0004,171,0,False,False,0,0,158,False,0.0,11.64,171,8
2024-05-05,STR001,SKU0005,146,14,True,False,1,0,154,False,0.0,9.06,184,7
2024-05-05,STR002,SKU0001,123,0,False,False,0,4,109,False,0.0,15.9,81,3
2024-05-05,STR002,SKU0002,237,0,False,False,0,10,198,False,0.0,9.36,178,4
2024-05-05,STR002,SKU0003,78,39,True,False,0,0,89,False,0.0,7.6,64,2
2024-05-05,STR002,SKU0004,159,0,False,False,0,0,149,False,0.0,23.18,138,8
2024-05-05,STR002,SKU0005,141,2,True,False,0,0,123,False,0.0,13.89,150,7
2024-05-06,STR001,SKU0001,156,0,False,False,0,5,135,False,0.0,13.5,99,3
2024-05-06,STR001,SKU0002,281,0,False,False,0,4,252,False,0.0,5.92,219,4
2024-05-06,STR001,SKU0003,183,0,False,False,0,0,173,False,0.0,9.04,79,2
2024-05-06,STR001,SKU0004,158,0,True,False,0,0,156,False,0.0,11.87,171,8
2024-05-06,STR001,SKU0005,154,4,True,False,0,0,145,False,0.0,10.15,184,7
2024-05-06,STR002,SKU0001,109,0,False,False,0,7,87,False,0.0,12.43,81,3
2024-05-06,STR002,SKU0002,198,0,False,False,0,2,169,False,0.0,7.54,178,4
2024-05-06,STR002,SKU0003,89,0,False,False,0,0,67,False,0.0,5.86,64,2
2024-05-06,STR002,SKU0004,149,0,False,False,0,0,144,False,0.0,21.0,138,8
2024-05-06,STR002,SKU0005,123,0,True,False,0,0,110,False,0.0,12.62,150,7
2024-05-07,STR001,SKU0001,135,63,True,False,1,2,173,False,0.0,15.33,99,3
2024-05-07,STR001,SKU0002,252,0,False,False,0,8,221,False,0.0,5.47,219,4
2024-05-07,STR001,SKU0003,173,0,False,False,0,0,155,False,0.0,9.04,79,2
2024-05-07,STR001,SKU0004,156,30,True,False,0,0,175,False,0.0,16.12,171,8
2024-05-07,STR001,SKU0005,145,4,True,False,0,0,140,False,0.0,9.51,184,7
2024-05-07,STR002,SKU0001,87,60,True,False,0,9,124,False,0.0,16.07,81,3
2024-05-07,STR002,SKU0002,169,1,True,False,0,5,126,False,0.0,5.51,178,4
2024-05-07,STR002,SKU0003,67,0,False,False,0,0,48,False,0.0,3.69,64,2
2024-05-07,STR002,SKU0004,144,1,True,False,0,0,141,False,0.0,23.5,138,8
2024-05-07,STR002,SKU0005,110,50,True,False,0,0,147,False,0.0,15.13,150,7
2024-05-08,STR001,SKU0001,173,0,False,False,0,1,136,False,0.0,12.86,99,3
2024-05-08,STR001,SKU0002,221,0,False,False,0,5,180,False,0.0,4.81,219,4
2024-05-08,STR001,SKU0003,155,2,True,False,0,0,137,False,0.0,8.41,79,2
2024-05-08,STR001,SKU0004,175,0,False,False,0,0,152,False,0.0,13.82,171,8
2024-05-08,STR001,SKU0005,140,78,True,False,0,0,186,False,0.0,12.89,184,7
2024-05-08,STR002,SKU0001,124,0,False,False,0,1,114,False,0.0,13.76,81,3
2024-05-08,STR002,SKU0002,126,71,True,False,1,5,180,False,0.0,7.83,178,4
2024-05-08,STR002,SKU0003,48,43,True,False,0,0,70,False,0.0,4.71,64,2
2024-05-08,STR002,SKU0004,141,0,False,False,0,1,130,False,0.0,19.78,138,8
2024-05-08,STR002,SKU0005,147,17,True,False,0,0,159,False,0.0,15.9,150,7
2024-05-09,STR001,SKU0001,136,0,False,False,0,0,111,False,0.0,7.93,99,3
2024-05-09,STR001,SKU0002,180,63,True,False,0,11,203,False,0.0,5.42,219,4
2024-05-09,STR001,SKU0003,137,0,False,False,0,0,125,False,0.0,7.88,79,2
2024-05-09,STR001,SKU0004,152,33,True,False,0,0,180,False,0.0,15.75,171,8
2024-05-09,STR001,SKU0005,186,0,False,False,0,0,176,False,0.0,10.53,184,7
2024-05-09,STR002,SKU0001,114,0,False,False,0,9,97,False,0.0,11.32,81,3
2024-05-09,STR002,SKU0002,180,44,True,False,0,8,204,False,0.0,9.46,178,4
2024-05-09,STR002,SKU0003,70,0,False,False,0,0,62,False,0.0,3.68,64,2
2024-05-09,STR002,SKU0004,130,2,True,False,0,0,115,False,0.0,15.19,138,8
2024-05-09,STR002,SKU0005,159,0,False,False,0,0,153,False,0.0,17.27,150,7
2024-05-10,STR001,SKU0001,111,0,False,False,0,2,54,False,0.0,3.18,99,3
2024-05-10,STR001,SKU0002,203,41,True,False,0,5,189,False,0.0,4.92,219,4
2024-05-10,STR001,SKU0003,125,0,False,False,0,0,113,False,0.0,7.39,79,2
2024-05-10,STR001,SKU0004,180,0,False,False,0,0,172,False,0.0,18.52,171,8
2024-05-10,STR001,SKU0005,176,0,True,False,0,0,150,False,0.0,9.63,184,7
2024-05-10,STR002,SKU0001,97,0,False,False,0,6,84,False,0.0,8.78,81,3
2024-05-10,STR002,SKU0002,204,0,False,False,0,6,171,False,0.0,8.8,178,4
2024-05-10,STR002,SKU0003,62,39,True,False,1,0,82,False,0.0,5.12,64,2
2024-05-10,STR002,SKU0004,115,19,True,False,0,0,129,False,0.0,14.56,138,8
2024-05-10,STR002,SKU0005,153,0,False,False,0,0,143,False,0.0,15.64,150,7
2024-05-11,STR001,SKU0001,54,94,True,False,2,1,135,False,0.0,5.56,99,3
2024-05-11,STR001,SKU0002,189,25,True,False,0,3,186,False,0.0,5.05,219,4
2024-05-11,STR001,SKU0003,113,82,True,False,0,0,178,False,0.0,12.46,79,2
2024-05-11,STR001,SKU0004,172,0,False,False,0,0,148,False,0.0,15.94,171,8
2024-05-11,STR001,SKU0005,150,31,True,False,0,0,163,False,0.0,10.47,184,7
2024-05-11,STR002,SKU0001,84,54,True,False,0,9,120,False,0.0,11.35,81,3
2024-05-11,STR002,SKU0002,171,54,True,False,1,8,167,False,0.0,7.17,178,4
2024-05-11,STR002,SKU0003,82,65,True,False,0,0,120,False,0.0,6.46,64,2
2024-05-11,STR002,SKU0004,129,9,True,False,0,0,125,False,0.0,13.06,138,8
2024-05-11,STR002,SKU0005,143,5,True,False,0,0,136,False,0.0,12.86,150,7
2024-05-12,STR001,SKU0001,135,0,False,False,0,0,47,False,0.0,1.96,99,3
2024-05-12,STR001,SKU0002,186,127,True,False,0,10,277,False,0.0,8.32,219,4
2024-05-12,STR001,SKU0003,178,0,False,False,0,0,167,False,0.0,11.24,79,2
2024-05-12,STR001,SKU0004,148,6,True,False,0,0,139,False,0.0,11.31,171,8
2024-05-12,STR001,SKU0005,163,5,True,False,0,1,151,False,0.0,9.35,184,7
2024-05-12,STR002,SKU0001,120,0,False,False,0,2,106,False,0.0,10.31,81,3
2024-05-12,STR002,SKU0002,167,140,True,False,0,9,265,False,0.0,9.56,178,4
2024-05-12,STR002,SKU0003,120,0,False,False,0,0,111,False,0.0,5.43,64,2
2024-05-12,STR002,SKU0004,125,5,True,False,0,0,105,False,0.0,11.48,138,8
2024-05-12,STR002,SKU0005,136,3,True,False,0,0,115,False,0.0,10.19,150,7
2024-05-13,STR001,SKU0001,47,122,True,False,0,3,124,False,0.0,3.44,99,3
2024-05-13,STR001,SKU0002,277,0,False,False,0,9,208,False,0.0,6.8,219,4
2024-05-13,STR001,SKU0003,167,0,False,False,0,0,154,False,0.0,10.78,79,2
2024-05-13,STR001,SKU0004,139,4,True,False,0,0,136,False,0.0,10.82,171,8
2024-05-13,STR001,SKU0005,151,5,True,False,0,0,142,False,0.0,8.02,184,7
2024-05-13,STR002,SKU0001,106,0,False,False,0,5,94,False,0.0,8.89,81,3
2024-05-13,STR002,SKU0002,265,0,False,False,0,11,223,False,0.0,7.88,178,4
2024-05-13,STR002,SKU0003,111,0,False,False,0,0,89,False,0.0,5.02,64,2
2024-05-13,STR002,SKU0004,105,33,True,False,0,0,131,False,0.0,11.61,138,8
2024-05-13,STR002,SKU0005,115,17,True,False,0,0,121,False,0.0,10.2,150,7
2024-05-14,STR001,SKU0001,124,0,False,False,0,1,117,False,0.0,2.95,99,3
2024-05-14,STR001,SKU0002,208,71,True,False,0,8,238,False,0.0,6.69,219,4
2024-05-14,STR001,SKU0003,154,44,True,False,0,0,183,False,0.0,12.44,79,2
2024-05-14,STR001,SKU0004,136,51,True,False,0,0,176,False,0.0,13.25,171,8
2024-05-14,STR001,SKU0005,142,0,True,True,0,0,136,False,0.0,7.62,184,7
2024-05-14,STR002,SKU0001,94,0,False,False,0,2,80,False,0.0,8.48,81,3
2024-05-14,STR002,SKU0002,223,32,True,False,0,6,214,False,0.0,7.42,178,4
2024-05-14,STR002,SKU0003,89,58,True,False,0,0,138,False,0.0,7.79,64,2
2024-05-14,STR002,SKU0004,131,5,True,False,0,0,97,False,0.0,8.38,138,8
2024-05-14,STR002,SKU0005,121,29,True,False,0,0,137,False,0.0,11.84,150,7
2024-05-15,STR001,SKU0001,117,52,True,False,1,3,149,False,0.0,3.98,99,3
2024-05-15,STR001,SKU0002,238,0,False,False,0,6,206,False,0.0,5.57,219,4
2024-05-15,STR001,SKU0003,183,0,False,False,0,0,175,False,0.0,12.25,79,2
2024-05-15,STR001,SKU0004,176,0,False,False,0,0,171,False,0.0,12.87,171,8
2024-05-15,STR001,SKU0005,136,26,True,False,0,0,144,False,0.0,8.26,184,7
2024-05-15,STR002,SKU0001,80,26,True,False,0,7,78,False,0.0,8.53,81,3
2024-05-15,STR002,SKU0002,214,0,False,False,0,7,193,False,0.0,6.82,178,4
2024-05-15,STR002,SKU0003,138,0,False,False,0,0,125,False,0.0,7.68,64,2
2024-05-15,STR002,SKU0004,97,25,True,False,0,0,103,False,0.0,6.22,138,8
2024-05-15,STR002,SKU0005,137,1,True,False,0,0,123,False,0.0,10.63,150,7
2024-05-16,STR001,SKU0001,149,0,False,False,0,4,123,False,0.0,3.56,99,3
2024-05-16,STR001,SKU0002,206,169,True,False,1,16,332,False,0.0,9.33,219,4
2024-05-16,STR001,SKU0003,175,0,False,False,0,0,163,False,0.0,12.97,79,2
2024-05-16,STR001,SKU0004,171,11,True,False,0,0,177,False,0.0,16.52,171,8
2024-05-16,STR001,SKU0005,144,0,True,False,0,0,130,False,0.0,8.43,184,7
2024-05-16,STR002,SKU0001,78,44,True,False,2,6,114,False,0.0,10.5,81,3
2024-05-16,STR002,SKU0002,193,0,False,False,0,1,159,False,0.0,5.54,178,4
2024-05-16,STR002,SKU0003,125,0,False,False,0,0,112,False,0.0,7.4,64,2
2024-05-16,STR002,SKU0004,103,5,True,False,0,0,103,False,0.0,5.77,138,8
2024-05-16,STR002,SKU0005,123,1,True,False,0,0,104,False,0.0,8.0,150,7
2024-05-17,STR001,SKU0001,123,0,False,False,0,5,109,False,0.0,3.19,99,3
2024-05-17,STR001,SKU0002,332,0,False,False,0,14,304,False,0.0,8.65,219,4
2024-05-17,STR001,SKU0003,163,17,True,False,0,0,171,False,0.0,13.6,79,2
2024-05-17,STR001,SKU0004,177,0,False,False,0,0,164,False,0.0,15.31,171,8
2024-05-17,STR001,SKU0005,130,53,True,False,0,0,165,False,0.0,10.31,184,7
2024-05-17,STR002,SKU0001,114,0,False,False,0,5,105,False,0.0,10.81,81,3
2024-05-17,STR002,SKU0002,159,67,True,False,0,4,210,False,0.0,6.62,178,4
2024-05-17,STR002,SKU0003,112,5,True,False,0,0,108,False,0.0,6.81,64,2
2024-05-17,STR002,SKU0004,103,23,True,False,0,0,122,False,0.0,7.56,138,8
2024-05-17,STR002,SKU0005,104,5,True,False,0,0,101,False,0.0,6.73,150,7
2024-05-18,STR001,SKU0001,109,0,False,False,0,5,80,False,0.0,2.9,99,3
2024-05-18,STR001,SKU0002,304,0,False,False,0,7,268,False,0.0,8.93,219,4
2024-05-18,STR001,SKU0003,171,0,False,False,0,0,148,False,0.0,12.19,79,2
2024-05-18,STR001,SKU0004,164,3,True,False,0,0,146,False,0.0,12.78,171,8
2024-05-18,STR001,SKU0005,165,37,True,False,0,0,184,False,0.0,12.38,184,7
2024-05-18,STR002,SKU0001,105,0,False,False,0,5,92,False,0.0,9.91,81,3
2024-05-18,STR002,SKU0002,210,0,False,False,0,4,176,False,0.0,5.95,178,4
2024-05-18,STR002,SKU0003,108,0,False,False,0,0,96,False,0.0,6.59,64,2
2024-05-18,STR002,SKU0004,122,30,True,False,0,0,145,False,0.0,9.06,138,8
2024-05-18,STR002,SKU0005,101,48,True,False,0,0,138,False,0.0,9.38,150,7
2024-05-19,STR001,SKU0001,80,119,True,False,1,16,168,False,0.0,5.68,99,3
2024-05-19,STR001,SKU0002,268,41,True,False,0,9,270,False,0.0,8.83,219,4
2024-05-19,STR001,SKU0003,148,0,False,False,0,0,135,False,0.0,10.38,79,2
2024-05-19,STR001,SKU0004,146,38,True,False,0,0,177,False,0.0,16.09,171,8
2024-05-19,STR001,SKU0005,184,0,False,False,0,0,165,False,0.0,11.11,184,7
2024-05-19,STR002,SKU0001,92,55,True,False,0,9,130,False,0.0,14.22,81,3
2024-05-19,STR002,SKU0002,176,100,True,False,1,12,240,False,0.0,8.94,178,4
2024-05-19,STR002,SKU0003,96,0,False,False,0,0,84,False,0.0,6.76,64,2
2024-05-19,STR002,SKU0004,145,0,False,False,0,0,128,False,0.0,8.45,138,8
2024-05-19,STR002,SKU0005,138,8,True,False,0,0,134,False,0.0,9.2,150,7
2024-05-20,STR001,SKU0001,168,0,False,False,0,5,156,False,0.0,8.21,99,3
2024-05-20,STR001,SKU0002,270,0,False,False,0,5,240,False,0.0,7.71,219,4
2024-05-20,STR001,SKU0003,135,60,True,False,0,1,176,False,0.0,13.25,79,2
2024-05-20,STR001,SKU0004,177,0,False,False,0,0,174,False,0.0,17.65,171,8
2024-05-20,STR001,SKU0005,165,0,True,True,0,0,149,False,0.0,9.75,184,7
2024-05-20,STR002,SKU0001,130,0,False,False,0,6,118,False,0.0,13.77,81,3
2024-05-20,STR002,SKU0002,240,0,False,False,0,4,222,False,0.0,8.73,178,4
2024-05-20,STR002,SKU0003,84,31,True,False,0,1,99,False,0.0,7.7,64,2
2024-05-20,STR002,SKU0004,128,5,True,False,0,0,120,False,0.0,8.57,138,8
2024-05-20,STR002,SKU0005,134,0,True,False,0,0,130,False,0.0,10.11,150,7
2024-05-21,STR001,SKU0001,156,0,False,False,0,8,134,False,0.0,9.57,99,3
2024-05-21,STR001,SKU0002,240,0,False,False,0,7,220,False,0.0,8.42,219,4
2024-05-21,STR001,SKU0003,176,0,False,False,0,0,155,False,0.0,11.07,79,2
2024-05-21,STR001,SKU0004,174,0,False,False,0,0,164,False,0.0,17.66,171,8
2024-05-21,STR001,SKU0005,149,29,True,False,0,0,164,False,0.0,10.53,184,7
2024-05-21,STR002,SKU0001,118,0,False,False,0,7,96,False,0.0,11.39,81,3
2024-05-21,STR002,SKU0002,222,0,False,False,0,8,156,False,0.0,6.78,178,4
2024-05-21,STR002,SKU0003,99,0,False,False,0,0,78,False,0.0,6.58,64,2
2024-05-21,STR002,SKU0004,120,3,True,False,0,0,114,False,0.0,7.67,138,8
2024-05-21,STR002,SKU0005,130,0,True,True,0,0,111,False,0.0,9.36,150,7
2024-05-22,STR001,SKU0001,134,0,False,False,0,4,117,False,0.0,7.73,99,3
2024-05-22,STR001,SKU0002,220,0,False,False,0,4,181,False,0.0,7.77,219,4
2024-05-22,STR001,SKU0003,155,0,False,False,0,0,128,False,0.0,8.62,79,2
2024-05-22,STR001,SKU0004,164,3,True,False,0,0,149,False,0.0,16.3,171,8
2024-05-22,STR001,SKU0005,164,35,True,False,0,0,192,False,0.0,11.49,184,7
2024-05-22,STR002,SKU0001,96,0,False,False,0,0,87,False,0.0,9.82,81,3
2024-05-22,STR002,SKU0002,156,149,True,False,0,11,280,False,0.0,10.65,178,4
2024-05-22,STR002,SKU0003,78,0,False,False,0,0,65,False,0.0,4.79,64,2
2024-05-22,STR002,SKU0004,114,0,True,False,0,1,101,False,0.0,9.55,138,8
2024-05-22,STR002,SKU0005,111,47,True,False,0,0,151,False,0.0,11.88,150,7
2024-05-23,STR001,SKU0001,117,67,True,False,0,19,161,False,0.0,10.94,99,3
2024-05-23,STR001,SKU0002,181,96,True,False,2,4,253,False,0.0,10.3,219,4
2024-05-23,STR001,SKU0003,128,48,True,False,0,0,164,False,0.0,9.33,79,2
2024-05-23,STR001,SKU0004,149,0,True,False,0,0,143,False,0.0,13.0,171,8
2024-05-23,STR001,SKU0005,192,7,True,False,0,0,193,False,0.0,12.75,184,7
2024-05-23,STR002,SKU0001,87,20,True,False,0,6,87,False,0.0,12.18,81,3
2024-05-23,STR002,SKU0002,280,0,False,False,0,10,246,False,0.0,9.36,178,4
2024-05-23,STR002,SKU0003,65,68,True,False,0,0,126,False,0.0,9.28,64,2
2024-05-23,STR002,SKU0004,101,12,True,False,0,0,107,False,0.0,11.18,138,8
2024-05-23,STR002,SKU0005,151,5,True,False,0,0,144,False,0.0,12.44,150,7
2024-05-24,STR001,SKU0001,161,0,False,False,0,4,148,False,0.0,12.19,99,3
2024-05-24,STR001,SKU0002,253,56,True,False,0,14,262,False,0.0,11.18,219,4
2024-05-24,STR001,SKU0003,164,0,False,False,0,0,147,False,0.0,8.37,79,2
2024-05-24,STR001,SKU0004,143,1,True,False,0,0,138,False,0.0,12.38,171,8
2024-05-24,STR001,SKU0005,193,0,False,False,0,0,181,False,0.0,12.93,184,7
2024-05-24,STR002,SKU0001,87,0,False,False,0,2,82,False,0.0,8.97,81,3
2024-05-24,STR002,SKU0002,246,1,True,False,0,8,211,False,0.0,8.44,178,4
2024-05-24,STR002,SKU0003,126,0,False,False,0,0,119,False,0.0,9.36,64,2
2024-05-24,STR002,SKU0004,107,5,True,False,0,0,103,False,0.0,10.6,138,8
2024-05-24,STR002,SKU0005,144,74,True,False,0,0,200,False,0.0,19.18,150,7
2024-05-25,STR001,SKU0001,148,0,False,False,0,3,136,False,0.0,11.2,99,3
2024-05-25,STR001,SKU0002,262,0,False,False,0,4,222,False,0.0,8.49,219,4
2024-05-25,STR001,SKU0003,147,0,False,False,0,0,134,False,0.0,7.16,79,2
2024-05-25,STR001,SKU0004,138,1,True,False,0,0,138,False,0.0,13.61,171,8
2024-05-25,STR001,SKU0005,181,4,True,False,0,0,169,False,0.0,12.86,184,7
2024-05-25,STR002,SKU0001,82,0,False,False,0,1,76,False,0.0,8.44,81,3
2024-05-25,STR002,SKU0002,211,0,False,False,0,7,163,False,0.0,5.97,178,4
2024-05-25,STR002,SKU0003,119,0,False,False,0,0,100,False,0.0,8.05,64,2
2024-05-25,STR002,SKU0004,103,20,True,False,0,0,120,False,0.0,11.51,138,8
2024-05-25,STR002,SKU0005,200,0,False,False,0,0,187,False,0.0,15.77,150,7
2024-05-26,STR001,SKU0001,136,0,False,False,0,8,108,False,0.0,10.8,99,3
2024-05-26,STR001,SKU0002,222,0,False,False,0,6,176,False,0.0,6.48,219,4
2024-05-26,STR001,SKU0003,134,5,True,False,0,0,127,False,0.0,7.35,79,2
2024-05-26,STR001,SKU0004,138,3,True,False,0,0,127,False,0.0,17.43,171,8
2024-05-26,STR001,SKU0005,169,11,True,False,0,0,165,False,0.0,12.83,184,7
2024-05-26,STR002,SKU0001,76,61,True,False,0,12,120,False,0.0,14.0,81,3
2024-05-26,STR002,SKU0002,163,7,True,False,0,2,144,False,0.0,4.99,178,4
2024-05-26,STR002,SKU0003,100,61,True,False,0,0,150,False,0.0,11.17,64,2
2024-05-26,STR002,SKU0004,120,19,True,False,0,0,128,False,0.0,12.99,138,8
2024-05-26,STR002,SKU0005,187,0,False,False,0,0,172,False,0.0,14.16,150,7
2024-05-27,STR001,SKU0001,108,9,True,False,0,5,90,False,0.0,8.29,99,3
2024-05-27,STR001,SKU0002,176,200,True,False,2,7,334,False,0.0,11.69,219,4
2024-05-27,STR001,SKU0003,127,0,False,False,0,0,117,False,0.0,6.82,79,2
2024-05-27,STR001,SKU0004,127,1,True,False,0,0,119,False,0.0,14.36,171,8
2024-05-27,STR001,SKU0005,165,0,True,False,0,0,147,False,0.0,11.97,184,7
2024-05-27,STR002,SKU0001,120,46,True,False,0,10,146,False,0.0,17.93,81,3
2024-05-27,STR002,SKU0002,144,159,True,False,2,8,240,False,0.0,8.28,178,4
2024-05-27,STR002,SKU0003,150,0,False,False,0,0,140,False,0.0,10.54,64,2
2024-05-27,STR002,SKU0004,128,3,True,False,0,0,120,False,0.0,13.33,138,8
2024-05-27,STR002,SKU0005,172,0,False,False,0,0,160,False,0.0,12.73,150,7
2024-05-28,STR001,SKU0001,90,44,True,False,0,3,123,False,0.0,9.46,99,3
2024-05-28,STR001,SKU0002,334,0,False,False,0,13,283,False,0.0,9.52,219,4
2024-05-28,STR001,SKU0003,117,0,False,False,0,0,106,False,0.0,6.62,79,2
2024-05-28,STR001,SKU0004,119,34,True,False,0,0,137,False,0.0,14.98,171,8
2024-05-28,STR001,SKU0005,147,72,True,False,0,0,205,False,0.0,16.31,184,7
2024-05-28,STR002,SKU0001,146,0,False,False,0,7,135,False,0.0,15.49,81,3
2024-05-28,STR002,SKU0002,240,0,False,False,0,9,202,False,0.0,5.84,178,4
2024-05-28,STR002,SKU0003,140,0,False,False,0,0,116,False,0.0,9.23,64,2
2024-05-28,STR002,SKU0004,120,2,True,False,0,0,117,False,0.0,13.43,138,8
2024-05-28,STR002,SKU0005,160,0,False,False,0,0,143,False,0.0,10.43,150,7
2024-05-29,STR001,SKU0001,123,0,False,False,0,3,108,False,0.0,8.89,99,3
2024-05-29,STR001,SKU0002,283,0,True,True,0,11,230,False,0.0,6.91,219,4
2024-05-29,STR001,SKU0003,106,0,True,True,0,0,81,False,0.0,5.56,79,2
2024-05-29,STR001,SKU0004,137,47,True,False,0,0,176,False,0.0,17.6,171,8
2024-05-29,STR001,SKU0005,205,0,False,False,0,0,192,False,0.0,15.27,184,7
2024-05-29,STR002,SKU0001,135,0,False,False,0,8,123,False,0.0,17.22,81,3
2024-05-29,STR002,SKU0002,202,75,True,False,1,10,238,False,0.0,7.82,178,4
2024-05-29,STR002,SKU0003,116,0,True,False,0,0,106,False,0.0,8.15,64,2
2024-05-29,STR002,SKU0004,117,35,True,False,0,0,139,False,0.0,17.07,138,8
2024-05-29,STR002,SKU0005,143,2,True,False,0,0,130,False,0.0,9.68,150,7
2024-05-30,STR001,SKU0001,108,0,False,False,0,2,97,False,0.0,8.08,99,3
2024-05-30,STR001,SKU0002,230,92,False,False,1,21,252,False,0.0,7.35,219,4
2024-05-30,STR001,SKU0003,81,0,False,False,0,0,69,False,0.0,4.83,79,2
2024-05-30,STR001,SKU0004,176,0,False,False,0,0,168,False,0.0,19.6,171,8
2024-05-30,STR001,SKU0005,192,0,False,False,0,0,176,False,0.0,13.11,184,7
2024-05-30,STR002,SKU0001,123,0,False,False,0,8,109,False,0.0,16.96,81,3
2024-05-30,STR002,SKU0002,238,0,False,False,0,9,224,False,0.0,6.91,178,4
2024-05-30,STR002,SKU0003,106,0,False,False,0,0,75,False,0.0,5.97,64,2
2024-05-30,STR002,SKU0004,139,0,False,False,0,0,132,False,0.0,15.93,138,8
2024-05-30,STR002,SKU0005,130,31,True,False,0,0,139,False,0.0,9.54,150,7
2024-05-31,STR001,SKU0001,97,72,True,False,0,9,153,False,0.0,12.03,99,3
2024-05-31,STR001,SKU0002,252,0,False,False,0,9,220,False,0.0,5.7,219,4
2024-05-31,STR001,SKU0003,69,39,True,False,0,0,91,False,0.0,6.37,79,2
2024-05-31,STR001,SKU0004,168,15,True,False,0,1,175,False,0.0,19.76,171,8
2024-05-31,STR001,SKU0005,176,3,True,False,0,0,163,False,0.0,10.97,184,7
2024-05-31,STR002,SKU0001,109,57,True,False,0,11,149,False,0.0,28.19,81,3
2024-05-31,STR002,SKU0002,224,0,False,False,0,7,186,False,0.0,6.26,178,4
2024-05-31,STR002,SKU0003,75,0,False,False,0,0,63,False,0.0,3.94,64,2
2024-05-31,STR002,SKU0004,132,0,True,False,0,0,119,False,0.0,14.12,138,8
2024-05-31,STR002,SKU0005,139,2,True,False,0,1,131,False,0.0,8.19,150,7
2024-06-01,STR001,SKU0001,153,0,False,False,0,5,130,False,0.0,10.46,99,3
2024-06-01,STR001,SKU0002,220,0,False,False,0,3,180,False,0.0,4.85,219,4
2024-06-01,STR001,SKU0003,91,87,True,False,0,0,166,False,0.0,11.62,79,2
2024-06-01,STR001,SKU0004,175,0,False,False,0,0,169,False,0.0,18.78,171,8
2024-06-01,STR001,SKU0005,163,0,True,False,0,0,131,False,0.0,8.49,184,7
2024-06-01,STR002,SKU0001,149,0,False,False,0,16,128,False,0.0,22.4,81,3
2024-06-01,STR002,SKU0002,186,0,False,False,0,3,146,False,0.0,4.84,178,4
2024-06-01,STR002,SKU0003,63,79,True,False,1,0,126,False,0.0,7.54,64,2
2024-06-01,STR002,SKU0004,119,0,True,True,0,0,110,False,0.0,12.22,138,8
2024-06-01,STR002,SKU0005,131,2,True,False,0,0,123,False,0.0,8.36,150,7
2024-06-02,STR001,SKU0001,130,0,False,False,0,5,113,False,0.0,8.24,99,3
2024-06-02,STR001,SKU0002,180,30,True,False,1,3,163,False,0.0,4.37,219,4
2024-06-02,STR001,SKU0003,166,0,False,False,0,0,150,False,0.0,10.61,79,2
2024-06-02,STR001,SKU0004,169,5,True,False,0,1,151,False,0.0,15.54,171,8
2024-06-02,STR001,SKU0005,131,29,True,False,0,0,144,False,0.0,8.13,184,7
2024-06-02,STR002,SKU0001,128,0,False,False,0,5,112,False,0.0,19.6,81,3
2024-06-02,STR002,SKU0002,146,29,True,False,1,3,145,False,0.0,4.9,178,4
2024-06-02,STR002,SKU0003,126,0,False,False,0,1,114,False,0.0,7.06,64,2
2024-06-02,STR002,SKU0004,110,27,True,False,0,1,124,False,0.0,12.58,138,8
2024-06-02,STR002,SKU0005,123,11,True,False,0,0,110,False,0.0,7.7,150,7
2024-06-03,STR001,SKU0001,113,0,False,False,0,3,103,False,0.0,8.19,99,3
2024-06-03,STR001,SKU0002,163,178,True,False,1,8,288,False,0.0,7.64,219,4
2024-06-03,STR001,SKU0003,150,0,False,False,0,0,138,False,0.0,9.38,79,2
2024-06-03,STR001,SKU0004,151,36,True,False,0,0,183,False,0.0,16.86,171,8
2024-06-03,STR001,SKU0005,144,39,True,False,1,0,163,False,0.0,9.13,184,7
2024-06-03,STR002,SKU0001,112,0,False,False,0,4,102,False,0.0,15.52,81,3
2024-06-03,STR002,SKU0002,145,107,True,False,1,14,225,False,0.0,7.54,178,4
2024-06-03,STR002,SKU0003,114,0,False,False,0,0,104,False,0.0,6.44,64,2
2024-06-03,STR002,SKU0004,124,2,True,False,0,0,116,False,0.0,11.6,138,8
2024-06-03,STR002,SKU0005,110,0,True,False,0,0,101,False,0.0,6.49,150,7
2024-06-04,STR001,SKU0001,103,9,True,False,0,2,101,False,0.0,9.68,99,3
2024-06-04,STR001,SKU0002,288,0,False,False,0,7,257,False,0.0,6.54,219,4
2024-06-04,STR001,SKU0003,138,5,True,False,0,0,122,False,0.0,8.13,79,2
2024-06-04,STR001,SKU0004,183,0,False,False,0,0,162,False,0.0,15.97,171,8
2024-06-04,STR001,SKU0005,163,18,True,False,0,0,167,False,0.0,9.28,184,7
2024-06-04,STR002,SKU0001,102,2,True,False,0,7,88,False,0.0,14.67,81,3
2024-06-04,STR002,SKU0002,225,0,False,False,0,11,192,False,0.0,8.0,178,4
2024-06-04,STR002,SKU0003,104,12,True,False,0,0,104,False,0.0,6.44,64,2
2024-06-04,STR002,SKU0004,116,18,True,False,0,0,124,False,0.0,12.58,138,8
2024-06-04,STR002,SKU0005,101,30,True,False,0,0,124,False,0.0,8.19,150,7
2024-06-05,STR001,SKU0001,101,0,False,False,0,3,93,False,0.0,8.8,99,3
2024-06-05,STR001,SKU0002,257,0,False,False,0,8,200,False,0.0,5.36,219,4
2024-06-05,STR001,SKU0003,122,0,False,False,0,0,111,False,0.0,6.76,79,2
2024-06-05,STR001,SKU0004,162,20,True,False,0,0,174,False,0.0,16.03,171,8
2024-06-05,STR001,SKU0005,167,54,True,False,1,0,202,False,0.0,11.22,184,7
2024-06-05,STR002,SKU0001,88,0,False,False,0,4,78,False,0.0,11.62,81,3
2024-06-05,STR002,SKU0002,192,0,False,False,0,6,163,False,0.0,7.09,178,4
2024-06-05,STR002,SKU0003,104,0,False,False,0,0,90,False,0.0,6.24,64,2
2024-06-05,STR002,SKU0004,124,10,True,False,0,0,127,False,0.0,12.01,138,8
2024-06-05,STR002,SKU0005,124,56,True,False,0,0,168,False,0.0,12.25,150,7
2024-06-06,STR001,SKU0001,93,73,True,False,1,8,147,False,0.0,15.36,99,3
2024-06-06,STR001,SKU0002,200,76,True,False,1,10,224,False,0.0,5.85,219,4
2024-06-06,STR001,SKU0003,111,0,False,False,0,0,101,False,0.0,7.0,79,2
2024-06-06,STR001,SKU0004,174,0,False,False,0,0,152,False,0.0,14.0,171,8
2024-06-06,STR001,SKU0005,202,0,False,False,0,0,182,False,0.0,9.73,184,7
2024-06-06,STR002,SKU0001,78,16,True,False,0,2,79,False,0.0,11.29,81,3
2024-06-06,STR002,SKU0002,163,8,True,False,0,6,143,False,0.0,6.42,178,4
2024-06-06,STR002,SKU0003,90,0,False,False,0,0,85,False,0.0,5.67,64,2
2024-06-06,STR002,SKU0004,127,1,True,False,0,0,116,False,0.0,11.94,138,8
2024-06-06,STR002,SKU0005,168,0,False,False,0,0,138,False,0.0,10.39,150,7
2024-06-07,STR001,SKU0001,147,0,False,False,0,7,124,False,0.0,12.76,99,3
2024-06-07,STR001,SKU0002,224,0,False,False,0,5,190,False,0.0,5.1,219,4
2024-06-07,STR001,SKU0003,101,11,True,False,0,0,101,False,0.0,7.14,79,2
2024-06-07,STR001,SKU0004,152,31,True,False,0,0,168,False,0.0,13.07,171,8
2024-06-07,STR001,SKU0005,182,18,True,False,0,0,166,False,0.0,8.61,184,7
2024-06-07,STR002,SKU0001,79,72,True,False,0,14,137,False,0.0,17.12,81,3
2024-06-07,STR002,SKU0002,143,54,True,False,0,9,159,False,0.0,6.43,178,4
2024-06-07,STR002,SKU0003,85,18,True,False,0,0,96,False,0.0,8.51,64,2
2024-06-07,STR002,SKU0004,116,20,True,False,0,0,125,False,0.0,11.99,138,8
2024-06-07,STR002,SKU0005,138,0,True,False,0,0,131,False,0.0,9.08,150,7
2024-06-08,STR001,SKU0001,124,26,True,False,1,6,136,False,0.0,12.36,99,3
2024-06-08,STR001,SKU0002,190,190,True,False,1,19,300,False,0.0,7.87,219,4
2024-06-08,STR001,SKU0003,101,0,False,False,0,0,80,False,0.0,6.02,79,2
2024-06-08,STR001,SKU0004,168,2,True,False,0,0,149,False,0.0,10.64,171,8
2024-06-08,STR001,SKU0005,166,1,True,False,0,0,149,False,0.0,6.82,184,7
2024-06-08,STR002,SKU0001,137,4,True,False,0,7,124,False,0.0,17.36,81,3
2024-06-08,STR002,SKU0002,159,16,True,False,0,2,152,False,0.0,6.22,178,4
2024-06-08,STR002,SKU0003,96,0,False,False,0,0,65,False,0.0,6.15,64,2
2024-06-08,STR002,SKU0004,125,5,True,False,0,0,127,False,0.0,12.52,138,8
2024-06-08,STR002,SKU0005,131,1,True,False,0,0,114,False,0.0,8.06,150,7
2024-06-09,STR001,SKU0001,136,0,False,False,0,2,122,False,0.0,12.94,99,3
2024-06-09,STR001,SKU0002,300,0,False,False,0,4,269,False,0.0,6.49,219,4
2024-06-09,STR001,SKU0003,80,0,False,False,0,0,71,False,0.0,4.87,79,2
2024-06-09,STR001,SKU0004,149,35,True,False,0,0,163,False,0.0,10.1,171,8
2024-06-09,STR001,SKU0005,149,1,True,False,0,0,132,False,0.0,6.65,184,7
2024-06-09,STR002,SKU0001,124,0,False,False,0,4,106,False,0.0,13.49,81,3
2024-06-09,STR002,SKU0002,152,155,True,False,1,10,213,False,0.0,9.62,178,4
2024-06-09,STR002,SKU0003,65,0,False,False,0,0,53,False,0.0,4.12,64,2
2024-06-09,STR002,SKU0004,127,2,True,False,0,0,126,False,0.0,13.57,138,8
2024-06-09,STR002,SKU0005,114,49,True,False,0,0,154,False,0.0,10.07,150,7
2024-06-10,STR001,SKU0001,122,0,False,False,0,5,101,False,0.0,10.71,99,3
2024-06-10,STR001,SKU0002,269,0,False,False,0,7,199,False,0.0,5.08,219,4
2024-06-10,STR001,SKU0003,71,108,True,False,1,0,167,False,0.0,12.31,79,2
2024-06-10,STR001,SKU0004,163,3,True,False,0,0,163,False,0.0,10.19,171,8
2024-06-10,STR001,SKU0005,132,32,True,False,0,0,159,False,0.0,7.89,184,7
2024-06-10,STR002,SKU0001,106,0,False,False,0,4,101,False,0.0,12.19,81,3
2024-06-10,STR002,SKU0002,213,0,False,False,0,2,155,False,0.0,5.12,178,4
2024-06-10,STR002,SKU0003,53,108,True,False,0,0,140,False,0.0,10.77,64,2
2024-06-10,STR002,SKU0004,126,8,True,False,0,0,127,False,0.0,15.88,138,8
2024-06-10,STR002,SKU0005,154,0,False,False,0,0,142,False,0.0,10.8,150,7
2024-06-11,STR001,SKU0001,101,0,False,False,0,2,86,False,0.0,8.03,99,3
2024-06-11,STR001,SKU0002,199,77,True,False,0,6,233,False,0.0,5.57,219,4
2024-06-11,STR001,SKU0003,167,0,False,False,0,0,140,False,0.0,10.43,79,2
2024-06-11,STR001,SKU0004,163,19,True,False,0,0,155,False,0.0,9.77,171,8
2024-06-11,STR001,SKU0005,159,23,True,False,0,0,159,False,0.0,8.76,184,7
2024-06-11,STR002,SKU0001,101,0,False,False,0,4,79,False,0.0,10.43,81,3
2024-06-11,STR002,SKU0002,155,150,True,False,0,9,250,False,0.0,6.84,178,4
2024-06-11,STR002,SKU0003,140,0,False,False,0,0,132,False,0.0,9.06,64,2
2024-06-11,STR002,SKU0004,127,7,True,False,1,0,128,False,0.0,16.91,138,8
2024-06-11,STR002,SKU0005,142,3,True,False,0,0,133,False,0.0,9.8,150,7
2024-06-12,STR001,SKU0001,86,117,True,False,0,19,165,False,0.0,14.62,99,3
2024-06-12,STR001,SKU0002,233,0,False,False,0,5,191,False,0.0,4.37,219,4
2024-06-12,STR001,SKU0003,140,0,False,False,0,0,115,False,0.0,8.05,79,2
2024-06-12,STR001,SKU0004,155,28,True,False,0,0,179,False,0.0,10.71,171,8
2024-06-12,STR001,SKU0005,159,20,True,False,0,0,169,False,0.0,8.7,184,7
2024-06-12,STR002,SKU0001,79,58,True,False,0,12,115,False,0.0,12.98,81,3
2024-06-12,STR002,SKU0002,250,0,False,False,0,4,206,False,0.0,5.15,178,4
2024-06-12,STR002,SKU0003,132,0,False,False,0,0,119,False,0.0,8.5,64,2
2024-06-12,STR002,SKU0004,128,3,True,False,0,0,118,False,0.0,17.21,138,8
2024-06-12,STR002,SKU0005,133,1,True,False,0,0,122,False,0.0,8.54,150,7
2024-06-13,STR001,SKU0001,165,0,False,False,0,6,152,False,0.0,11.44,99,3
2024-06-13,STR001,SKU0002,191,119,True,False,0,12,282,False,0.0,6.71,219,4
2024-06-13,STR001,SKU0003,115,64,True,False,0,0,165,False,0.0,10.13,79,2
2024-06-13,STR001,SKU0004,179,0,False,False,0,0,173,False,0.0,10.72,171,8
2024-06-13,STR001,SKU0005,169,1,True,False,0,0,156,False,0.0,8.53,184,7
2024-06-13,STR002,SKU0001,115,0,False,False,0,2,109,False,0.0,11.56,81,3
2024-06-13,STR002,SKU0002,206,100,True,False,0,3,265,False,0.0,6.25,178,4
2024-06-13,STR002,SKU0003,119,4,True,False,0,0,112,False,0.0,8.08,64,2
2024-06-13,STR002,SKU0004,118,4,True,False,0,0,115,False,0.0,14.91,138,8
2024-06-13,STR002,SKU0005,122,5,True,False,0,0,113,False,0.0,7.91,150,7
2024-06-14,STR001,SKU0001,152,0,False,False,0,10,127,False,0.0,9.88,99,3
2024-06-14,STR001,SKU0002,282,0,False,False,0,4,249,False,0.0,6.48,219,4
2024-06-14,STR001,SKU0003,165,0,False,False,0,0,137,False,0.0,8.13,79,2
2024-06-14,STR001,SKU0004,173,0,False,False,0,0,152,False,0.0,10.97,171,8
2024-06-14,STR001,SKU0005,156,65,True,False,1,0,211,False,0.0,12.11,184,7
2024-06-14,STR002,SKU0001,109,0,False,False,0,5,96,False,0.0,11.79,81,3
2024-06-14,STR002,SKU0002,265,0,False,False,0,5,240,False,0.0,5.37,178,4
2024-06-14,STR002,SKU0003,112,0,False,False,0,0,98,False,0.0,6.66,64,2
2024-06-14,STR002,SKU0004,115,6,True,False,0,0,113,False,0.0,16.14,138,8
2024-06-14,STR002,SKU0005,113,51,True,False,0,0,144,False,0.0,12.0,150,7
2024-06-15,STR001,SKU0001,127,0,False,False,0,7,115,False,0.0,9.04,99,3
2024-06-15,STR001,SKU0002,249,0,False,False,0,3,199,False,0.0,5.18,219,4
2024-06-15,STR001,SKU0003,137,0,False,False,0,0,113,False,0.0,5.86,79,2
2024-06-15,STR001,SKU0004,152,2,True,False,0,0,150,False,0.0,10.19,171,8
2024-06-15,STR001,SKU0005,211,0,False,False,0,0,186,False,0.0,13.42,184,7
2024-06-15,STR002,SKU0001,96,0,False,False,0,2,87,False,0.0,9.37,81,3
2024-06-15,STR002,SKU0002,240,0,False,False,0,12,201,False,0.0,4.63,178,4
2024-06-15,STR002,SKU0003,98,0,False,False,0,0,93,False,0.0,5.92,64,2
2024-06-15,STR002,SKU0004,113,39,True,False,0,0,146,False,0.0,22.22,138,8
2024-06-15,STR002,SKU0005,144,3,True,False,0,0,138,False,0.0,9.96,150,7
2024-06-16,STR001,SKU0001,115,33,True,False,0,9,131,False,0.0,10.54,99,3
2024-06-16,STR001,SKU0002,199,109,True,False,1,12,255,False,0.0,6.97,219,4
2024-06-16,STR001,SKU0003,113,67,True,False,0,0,150,False,0.0,7.61,79,2
2024-06-16,STR001,SKU0004,150,3,True,False,0,0,127,False,0.0,10.34,171,8
2024-06-16,STR001,SKU0005,186,32,True,False,0,0,204,False,0.0,13.73,184,7
2024-06-16,STR002,SKU0001,87,37,True,False,1,8,113,False,0.0,12.76,81,3
2024-06-16,STR002,SKU0002,201,0,False,False,0,2,154,False,0.0,3.48,178,4
2024-06-16,STR002,SKU0003,93,12,True,False,0,0,88,False,0.0,7.33,64,2
2024-06-16,STR002,SKU0004,146,0,False,False,0,0,118,False,0.0,16.86,138,8
2024-06-16,STR002,SKU0005,138,38,True,False,0,0,164,False,0.0,13.05,150,7
2024-06-17,STR001,SKU0001,131,0,False,False,0,5,116,False,0.0,9.78,99,3
2024-06-17,STR001,SKU0002,255,0,False,False,0,7,218,False,0.0,5.67,219,4
2024-06-17,STR001,SKU0003,150,0,False,False,0,0,130,False,0.0,5.72,79,2
2024-06-17,STR001,SKU0004,127,0,True,True,0,0,124,False,0.0,9.54,171,8
2024-06-17,STR001,SKU0005,204,0,False,False,0,0,181,False,0.0,12.67,184,7
2024-06-17,STR002,SKU0001,113,0,False,False,0,4,100,False,0.0,14.0,81,3
2024-06-17,STR002,SKU0002,154,0,True,True,0,3,90,False,0.0,2.32,178,4
2024-06-17,STR002,SKU0003,88,0,False,False,0,0,70,False,0.0,5.51,64,2
2024-06-17,STR002,SKU0004,118,3,True,False,0,0,110,False,0.0,10.41,138,8
2024-06-17,STR002,SKU0005,164,0,False,False,0,0,142,False,0.0,10.92,150,7
2024-06-18,STR001,SKU0001,116,0,False,False,0,0,108,False,0.0,9.82,99,3
2024-06-18,STR001,SKU0002,218,0,True,False,0,7,190,False,0.0,5.64,219,4
2024-06-18,STR001,SKU0003,130,0,False,False,0,0,109,False,0.0,4.54,79,2
2024-06-18,STR001,SKU0004,124,53,True,False,0,1,164,False,0.0,12.62,171,8
2024-06-18,STR001,SKU0005,181,1,True,False,0,0,159,False,0.0,9.43,184,7
2024-06-18,STR002,SKU0001,100,0,False,False,0,3,82,False,0.0,9.9,81,3
2024-06-18,STR002,SKU0002,90,218,True,False,3,11,278,False,0.0,7.03,178,4
2024-06-18,STR002,SKU0003,70,0,False,False,0,0,63,False,0.0,5.13,64,2
2024-06-18,STR002,SKU0004,110,2,True,False,0,0,99,False,0.0,8.88,138,8
2024-06-18,STR002,SKU0005,142,3,True,False,0,0,125,False,0.0,8.66,150,7
2024-06-19,STR001,SKU0001,108,0,False,False,0,4,99,False,0.0,9.62,99,3
2024-06-19,STR001,SKU0002,190,153,True,False,1,9,299,False,0.0,9.51,219,4
2024-06-19,STR001,SKU0003,109,4,True,False,0,0,89,False,0.0,3.85,79,2
2024-06-19,STR001,SKU0004,164,6,True,False,0,1,162,False,0.0,14.92,171,8
2024-06-19,STR001,SKU0005,159,1,True,False,0,0,124,False,0.0,7.36,184,7
2024-06-19,STR002,SKU0001,82,0,False,False,0,3,78,False,0.0,9.93,81,3
2024-06-19,STR002,SKU0002,278,52,False,False,0,16,295,False,0.0,8.36,178,4
2024-06-19,STR002,SKU0003,63,42,True,False,0,0,84,False,0.0,6.92,64,2
2024-06-19,STR002,SKU0004,99,0,True,True,0,0,94,False,0.0,7.65,138,8
2024-06-19,STR002,SKU0005,125,1,True,False,0,0,114,False,0.0,7.32,150,7
2024-06-20,STR001,SKU0001,99,65,True,False,0,9,148,False,0.0,17.86,99,3
2024-06-20,STR001,SKU0002,299,0,False,False,0,7,279,False,0.0,9.0,219,4
2024-06-20,STR001,SKU0003,89,0,False,False,0,0,73,False,0.0,3.17,79,2
2024-06-20,STR001,SKU0004,162,3,True,False,0,0,112,False,0.0,9.92,171,8
2024-06-20,STR001,SKU0005,124,35,True,False,1,0,148,False,0.0,7.19,184,7
2024-06-20,STR002,SKU0001,78,56,True,False,2,3,121,False,0.0,18.41,81,3
2024-06-20,STR002,SKU0002,295,0,False,False,0,17,254,False,0.0,7.87,178,4
2024-06-20,STR002,SKU0003,84,0,False,False,0,0,65,False,0.0,4.89,64,2
2024-06-20,STR002,SKU0004,94,2,True,False,0,0,90,False,0.0,8.08,138,8
2024-06-20,STR002,SKU0005,114,31,True,False,0,0,119,False,0.0,7.64,150,7
2024-06-21,STR001,SKU0001,148,0,False,False,0,5,127,False,0.0,15.33,99,3
2024-06-21,STR001,SKU0002,279,0,False,False,0,4,259,False,0.0,8.47,219,4
2024-06-21,STR001,SKU0003,73,74,True,False,0,0,129,False,0.0,5.54,79,2
2024-06-21,STR001,SKU0004,112,75,True,False,0,0,177,False,0.0,9.83,171,8
2024-06-21,STR001,SKU0005,148,69,True,False,0,0,184,False,0.0,9.2,184,7
2024-06-21,STR002,SKU0001,121,0,False,False,0,6,112,False,0.0,15.68,81,3
2024-06-21,STR002,SKU0002,254,0,False,False,0,10,228,False,0.0,7.53,178,4
2024-06-21,STR002,SKU0003,65,0,False,False,0,0,55,False,0.0,3.81,64,2
2024-06-21,STR002,SKU0004,90,85,True,False,0,0,166,False,0.0,15.09,138,8
2024-06-21,STR002,SKU0005,119,44,True,False,1,0,149,False,0.0,8.62,150,7
2024-06-22,STR001,SKU0001,127,0,False,False,0,2,116,False,0.0,13.76,99,3
2024-06-22,STR001,SKU0002,259,0,False,False,0,6,228,False,0.0,7.94,219,4
2024-06-22,STR001,SKU0003,129,0,True,False,0,0,113,False,0.0,5.17,79,2
2024-06-22,STR001,SKU0004,177,0,False,False,0,0,163,False,0.0,9.92,171,8
2024-06-22,STR001,SKU0005,184,0,False,False,0,0,162,False,0.0,6.91,184,7
2024-06-22,STR002,SKU0001,112,0,False,False,0,7,96,False,0.0,14.93,81,3
2024-06-22,STR002,SKU0002,228,0,False,False,0,5,196,False,0.0,6.6,178,4
2024-06-22,STR002,SKU0003,55,64,True,False,0,0,97,False,0.0,7.0,64,2
2024-06-22,STR002,SKU0004,166,0,False,False,0,0,154,False,0.0,13.82,138,8
2024-06-22,STR002,SKU0005,149,4,True,False,0,0,139,False,0.0,8.54,150,7
2024-06-23,STR001,SKU0001,116,0,False,False,0,5,80,False,0.0,8.89,99,3
2024-06-23,STR001,SKU0002,228,149,True,False,1,8,343,False,0.0,13.41,219,4
2024-06-23,STR001,SKU0003,113,0,False,False,0,0,90,False,0.0,4.34,79,2
2024-06-23,STR001,SKU0004,163,23,True,False,0,0,168,False,0.0,9.41,171,8
2024-06-23,STR001,SKU0005,162,0,True,False,0,0,148,False,0.0,6.43,184,7
2024-06-23,STR002,SKU0001,96,0,False,False,0,2,88,False,0.0,13.11,81,3
2024-06-23,STR002,SKU0002,196,4,True,False,0,3,145,False,0.0,4.88,178,4
2024-06-23,STR002,SKU0003,97,0,False,False,0,0,80,False,0.0,4.91,64,2
2024-06-23,STR002,SKU0004,154,0,False,False,0,0,139,False,0.0,11.58,138,8
2024-06-23,STR002,SKU0005,139,1,True,False,0,0,123,False,0.0,7.24,150,7
2024-06-24,STR001,SKU0001,80,106,True,False,0,10,165,False,0.0,13.43,99,3
2024-06-24,STR001,SKU0002,343,0,False,False,0,16,276,False,0.0,11.78,219,4
2024-06-24,STR001,SKU0003,90,0,False,False,0,0,62,False,0.0,3.14,79,2
2024-06-24,STR001,SKU0004,168,4,True,False,0,1,150,False,0.0,8.97,171,8
2024-06-24,STR001,SKU0005,148,0,True,True,0,0,123,False,0.0,5.35,184,7
2024-06-24,STR002,SKU0001,88,6,True,False,0,9,76,False,0.0,10.43,81,3
2024-06-24,STR002,SKU0002,145,107,True,False,0,8,208,False,0.0,6.77,178,4
2024-06-24,STR002,SKU0003,80,0,False,False,0,0,62,False,0.0,3.81,64,2
2024-06-24,STR002,SKU0004,139,0,False,False,0,0,132,False,0.0,13.01,138,8
2024-06-24,STR002,SKU0005,123,0,True,False,0,0,109,False,0.0,6.15,150,7
2024-06-25,STR001,SKU0001,165,0,False,False,0,10,131,False,0.0,10.54,99,3
2024-06-25,STR001,SKU0002,276,0,False,False,0,9,241,False,0.0,9.12,219,4
2024-06-25,STR001,SKU0003,62,99,True,False,0,1,143,False,0.0,6.86,79,2
2024-06-25,STR001,SKU0004,150,4,True,False,0,0,142,False,0.0,7.36,171,8
2024-06-25,STR001,SKU0005,123,74,True,False,0,0,179,False,0.0,7.69,184,7
2024-06-25,STR002,SKU0001,76,88,True,False,1,8,150,False,0.0,20.59,81,3
2024-06-25,STR002,SKU0002,208,0,False,False,0,7,172,False,0.0,6.34,178,4
2024-06-25,STR002,SKU0003,62,40,True,False,0,0,84,False,0.0,5.16,64,2
2024-06-25,STR002,SKU0004,132,0,True,False,0,0,129,False,0.0,13.48,138,8
2024-06-25,STR002,SKU0005,109,38,True,False,0,0,142,False,0.0,8.57,150,7
2024-06-26,STR001,SKU0001,131,0,False,False,0,4,111,False,0.0,7.54,99,3
2024-06-26,STR001,SKU0002,241,0,False,False,0,3,204,False,0.0,7.52,219,4
2024-06-26,STR001,SKU0003,143,0,False,False,0,0,126,False,0.0,6.21,79,2
2024-06-26,STR001,SKU0004,142,1,True,False,0,0,129,False,0.0,6.69,171,8
2024-06-26,STR001,SKU0005,179,3,True,False,0,0,172,False,0.0,7.62,184,7
2024-06-26,STR002,SKU0001,150,0,False,False,0,12,136,False,0.0,23.22,81,3
2024-06-26,STR002,SKU0002,172,106,True,False,0,13,250,False,0.0,8.62,178,4
2024-06-26,STR002,SKU0003,84,0,False,False,0,0,64,False,0.0,3.58,64,2
2024-06-26,STR002,SKU0004,129,3,True,False,0,0,127,False,0.0,15.6,138,8
2024-06-26,STR002,SKU0005,142,5,True,False,0,0,135,False,0.0,9.36,150,7
2024-06-27,STR001,SKU0001,111,0,False,False,0,6,102,False,0.0,6.26,99,3
2024-06-27,STR001,SKU0002,204,42,True,False,0,6,199,False,0.0,7.33,219,4
2024-06-27,STR001,SKU0003,126,0,False,False,0,0,103,False,0.0,5.34,79,2
2024-06-27,STR001,SKU0004,129,1,True,False,0,0,124,False,0.0,6.11,171,8
2024-06-27,STR001,SKU0005,172,72,True,False,1,0,224,False,0.0,11.88,184,7
2024-06-27,STR002,SKU0001,136,0,False,False,0,7,120,False,0.0,20.0,81,3
2024-06-27,STR002,SKU0002,250,0,False,False,0,9,230,False,0.0,8.09,178,4
2024-06-27,STR002,SKU0003,64,0,False,False,0,0,51,False,0.0,2.88,64,2
2024-06-27,STR002,SKU0004,127,5,True,False,0,0,125,False,0.0,15.35,138,8
2024-06-27,STR002,SKU0005,135,10,True,False,0,0,137,False,0.0,9.5,150,7
2024-06-28,STR001,SKU0001,102,27,True,False,0,7,113,False,0.0,7.19,99,3
2024-06-28,STR001,SKU0002,199,77,True,False,0,5,240,False,0.0,7.71,219,4
2024-06-28,STR001,SKU0003,103,77,True,False,0,1,153,False,0.0,7.54,79,2
2024-06-28,STR001,SKU0004,124,58,True,False,0,0,177,False,0.0,13.04,171,8
2024-06-28,STR001,SKU0005,224,0,False,False,0,0,201,False,0.0,9.98,184,7
2024-06-28,STR002,SKU0001,120,0,True,True,0,2,114,False,0.0,18.56,81,3
2024-06-28,STR002,SKU0002,230,0,True,False,0,8,201,False,0.0,7.56,178,4
2024-06-28,STR002,SKU0003,51,42,True,False,0,0,80,False,0.0,4.75,64,2
2024-06-28,STR002,SKU0004,125,2,True,False,0,0,74,False,0.0,8.93,138,8
2024-06-28,STR002,SKU0005,137,1,True,False,0,0,129,False,0.0,10.88,150,7
2024-06-29,STR001,SKU0001,113,0,False,False,0,3,98,False,0.0,6.66,99,3
2024-06-29,STR001,SKU0002,240,0,False,False,0,6,202,False,0.0,6.07,219,4
2024-06-29,STR001,SKU0003,153,0,False,False,0,0,142,False,0.0,6.63,79,2
2024-06-29,STR001,SKU0004,177,0,False,False,0,0,161,False,0.0,12.52,171,8
2024-06-29,STR001,SKU0005,201,0,False,False,0,0,187,False,0.0,9.99,184,7
2024-06-29,STR002,SKU0001,114,20,False,False,0,7,106,False,0.0,16.86,81,3
2024-06-29,STR002,SKU0002,201,0,False,False,0,6,174,False,0.0,6.38,178,4
2024-06-29,STR002,SKU0003,80,0,False,False,0,0,63,False,0.0,3.64,64,2
2024-06-29,STR002,SKU0004,74,51,True,False,0,0,37,False,0.0,2.54,138,8
2024-06-29,STR002,SKU0005,129,16,True,False,1,0,120,False,0.0,10.63,150,7
2024-06-30,STR001,SKU0001,98,31,True,False,0,7,117,False,0.0,7.73,99,3
2024-06-30,STR001,SKU0002,202,76,True,False,0,6,246,False,0.0,7.18,219,4
2024-06-30,STR001,SKU0003,142,0,False,False,0,0,124,False,0.0,5.99,79,2
2024-06-30,STR001,SKU0004,161,5,True,False,0,0,160,False,0.0,12.17,171,8
2024-06-30,STR001,SKU0005,187,0,False,False,0,0,180,False,0.0,10.24,184,7
2024-06-30,STR002,SKU0001,106,20,False,False,0,6,114,False,0.0,14.25,81,3
2024-06-30,STR002,SKU0002,174,54,True,False,0,6,194,False,0.0,7.34,178,4
2024-06-30,STR002,SKU0003,63,25,True,False,0,0,78,False,0.0,4.71,64,2
2024-06-30,STR002,SKU0004,37,60,True,False,0,0,50,False,0.0,1.97,138,8
2024-06-30,STR002,SKU0005,120,29,True,False,1,0,129,False,0.0,10.15,150,7
2024-07-01,STR001,SKU0001,117,0,False,False,0,7,94,False,0.0,8.22,99,3
2024-07-01,STR001,SKU0002,246,0,False,False,0,6,230,False,0.0,6.68,219,4
2024-07-01,STR001,SKU0003,124,2,True,False,0,0,111,False,0.0,5.55,79,2
2024-07-01,STR001,SKU0004,160,8,True,False,0,0,162,False,0.0,14.18,171,8
2024-07-01,STR001,SKU0005,180,4,True,False,0,0,179,False,0.0,10.8,184,7
2024-07-01,STR002,SKU0001,114,20,False,False,0,11,111,False,0.0,13.88,81,3
2024-07-01,STR002,SKU0002,194,0,False,False,0,3,173,False,0.0,7.52,178,4
2024-07-01,STR002,SKU0003,78,27,True,False,0,0,100,False,0.0,6.42,64,2
2024-07-01,STR002,SKU0004,50,74,True,False,0,0,80,False,0.0,2.67,138,8
2024-07-01,STR002,SKU0005,129,21,True,False,0,0,139,False,0.0,10.69,150,7
2024-07-02,STR001,SKU0001,94,55,True,False,0,5,135,False,0.0,11.12,99,3
2024-07-02,STR001,SKU0002,230,0,False,False,0,7,192,False,0.0,6.72,219,4
2024-07-02,STR001,SKU0003,111,0,False,False,0,0,88,False,0.0,4.85,79,2
2024-07-02,STR001,SKU0004,162,3,True,False,0,0,160,False,0.0,17.23,171,8
2024-07-02,STR001,SKU0005,179,3,True,False,0,0,163,False,0.0,11.89,184,7
2024-07-02,STR002,SKU0001,111,0,True,True,0,3,96,False,0.0,11.39,81,3
2024-07-02,STR002,SKU0002,173,133,True,False,1,21,250,False,0.0,12.24,178,4
2024-07-02,STR002,SKU0003,100,0,False,False,0,0,90,False,0.0,6.56,64,2
2024-07-02,STR002,SKU0004,80,43,True,False,0,0,62,False,0.0,1.76,138,8
2024-07-02,STR002,SKU0005,139,1,True,False,0,0,107,False,0.0,8.51,150,7
2024-07-03,STR001,SKU0001,135,0,False,False,0,3,126,False,0.0,12.6,99,3
2024-07-03,STR001,SKU0002,192,149,True,False,1,6,294,False,0.0,10.04,219,4
2024-07-03,STR001,SKU0003,88,0,False,False,0,0,79,False,0.0,4.16,79,2
2024-07-03,STR001,SKU0004,160,1,True,False,0,0,150,False,0.0,18.1,171,8
2024-07-03,STR001,SKU0005,163,15,True,False,0,0,170,False,0.0,12.27,184,7
2024-07-03,STR002,SKU0001,96,0,False,False,0,3,85,False,0.0,9.02,81,3
2024-07-03,STR002,SKU0002,250,26,True,False,0,11,241,False,0.0,11.4,178,4
2024-07-03,STR002,SKU0003,90,0,False,False,0,0,62,False,0.0,4.93,64,2
2024-07-03,STR002,SKU0004,62,20,True,False,0,0,26,False,0.0,0.6,138,8
2024-07-03,STR002,SKU0005,107,10,True,False,0,0,102,False,0.0,6.16,150,7
2024-07-04,STR001,SKU0001,126,0,False,False,0,5,114,False,0.0,13.3,99,3
2024-07-04,STR001,SKU0002,294,0,False,False,0,8,260,False,0.0,8.63,219,4
2024-07-04,STR001,SKU0003,79,48,True,False,0,0,111,False,0.0,6.22,79,2
2024-07-04,STR001,SKU0004,150,17,True,False,0,0,148,False,0.0,18.84,171,8
2024-07-04,STR001,SKU0005,170,0,True,True,0,0,149,False,0.0,10.98,184,7
2024-07-04,STR002,SKU0001,85,0,False,False,0,1,74,False,0.0,7.19,81,3
2024-07-04,STR002,SKU0002,241,0,False,False,0,5,222,False,0.0,9.9,178,4
2024-07-04,STR002,SKU0003,62,71,True,False,0,0,125,False,0.0,9.11,64,2
2024-07-04,STR002,SKU0004,26,74,True,False,0,0,84,False,0.0,1.65,138,8
2024-07-04,STR002,SKU0005,102,0,True,True,0,0,88,False,0.0,5.18,150,7
2024-07-05,STR001,SKU0001,114,0,False,False,0,6,100,False,0.0,10.94,99,3
2024-07-05,STR001,SKU0002,260,0,False,False,0,8,179,False,0.0,6.39,219,4
2024-07-05,STR001,SKU0003,111,0,False,False,0,0,98,False,0.0,5.81,79,2
2024-07-05,STR001,SKU0004,148,2,True,False,0,0,135,False,0.0,13.9,171,8
2024-07-05,STR001,SKU0005,149,120,True,False,0,0,249,False,0.0,17.97,184,7
2024-07-05,STR002,SKU0001,74,34,True,False,0,9,95,False,0.0,9.11,81,3
2024-07-05,STR002,SKU0002,222,0,False,False,0,4,211,False,0.0,9.23,178,4
2024-07-05,STR002,SKU0003,125,0,False,False,0,0,108,False,0.0,8.31,64,2
2024-07-05,STR002,SKU0004,84,12,True,False,0,0,81,False,0.0,1.55,138,8
2024-07-05,STR002,SKU0005,88,109,True,False,0,0,188,False,0.0,10.53,150,7
2024-07-06,STR001,SKU0001,100,16,True,False,0,4,103,False,0.0,11.44,99,3
2024-07-06,STR001,SKU0002,179,34,True,False,1,7,143,False,0.0,4.21,219,4
2024-07-06,STR001,SKU0003,98,0,False,False,0,0,59,False,0.0,3.93,79,2
2024-07-06,STR001,SKU0004,135,52,True,False,0,0,177,False,0.0,15.88,171,8
2024-07-06,STR001,SKU0005,249,0,False,False,0,0,232,False,0.0,17.28,184,7
2024-07-06,STR002,SKU0001,95,39,True,False,0,10,115,False,0.0,11.03,81,3
2024-07-06,STR002,SKU0002,211,0,False,False,0,7,173,False,0.0,8.29,178,4
2024-07-06,STR002,SKU0003,108,0,False,False,0,0,85,False,0.0,6.26,64,2
2024-07-06,STR002,SKU0004,81,71,True,False,0,0,147,False,0.0,3.15,138,8
2024-07-06,STR002,SKU0005,188,22,False,False,0,0,189,False,0.0,10.58,150,7
2024-07-07,STR001,SKU0001,103,0,False,False,0,0,90,False,0.0,10.5,99,3
2024-07-07,STR001,SKU0002,143,202,True,False,1,11,281,False,0.0,7.34,219,4
2024-07-07,STR001,SKU0003,59,54,True,False,0,0,93,False,0.0,4.89,79,2
2024-07-07,STR001,SKU0004,177,0,False,False,0,0,154,False,0.0,14.97,171,8
2024-07-07,STR001,SKU0005,232,0,False,False,0,0,218,False,0.0,15.73,184,7
2024-07-07,STR002,SKU0001,115,0,False,False,0,0,91,False,0.0,10.44,81,3
2024-07-07,STR002,SKU0002,173,0,True,True,0,2,152,False,0.0,6.82,178,4
2024-07-07,STR002,SKU0003,85,30,True,False,0,0,98,False,0.0,6.79,64,2
2024-07-07,STR002,SKU0004,147,0,False,False,0,0,143,False,0.0,4.1,138,8
2024-07-07,STR002,SKU0005,189,0,False,False,0,0,165,False,0.0,9.47,150,7
2024-07-08,STR001,SKU0001,90,60,True,False,0,10,132,False,0.0,13.59,99,3
2024-07-08,STR001,SKU0002,281,99,True,False,1,17,330,False,0.0,7.86,219,4
2024-07-08,STR001,SKU0003,93,0,False,False,0,0,71,False,0.0,3.68,79,2
2024-07-08,STR001,SKU0004,154,0,True,False,0,0,142,False,0.0,11.17,171,8
2024-07-08,STR001,SKU0005,218,0,False,False,0,0,210,False,0.0,14.13,184,7
2024-07-08,STR002,SKU0001,91,0,False,False,0,0,46,False,0.0,4.08,81,3
2024-07-08,STR002,SKU0002,152,23,True,False,0,5,144,False,0.0,6.86,178,4
2024-07-08,STR002,SKU0003,98,0,False,False,0,0,76,False,0.0,4.93,64,2
2024-07-08,STR002,SKU0004,143,0,False,False,0,0,140,False,0.0,4.88,138,8
2024-07-08,STR002,SKU0005,165,0,False,False,0,0,151,False,0.0,8.32,150,7
2024-07-09,STR001,SKU0001,132,0,False,False,0,2,114,False,0.0,13.3,99,3
2024-07-09,STR001,SKU0002,330,0,False,False,0,10,304,False,0.0,6.73,219,4
2024-07-09,STR001,SKU0003,71,123,True,False,0,1,170,False,0.0,8.38,79,2
2024-07-09,STR001,SKU0004,142,13,True,False,0,0,144,False,0.0,10.61,171,8
2024-07-09,STR001,SKU0005,210,0,False,False,0,0,192,False,0.0,12.56,184,7
2024-07-09,STR002,SKU0001,46,47,True,False,0,1,37,False,0.0,2.31,81,3
2024-07-09,STR002,SKU0002,144,177,True,False,0,20,273,False,0.0,12.33,178,4
2024-07-09,STR002,SKU0003,76,0,False,False,0,0,66,False,0.0,3.7,64,2
2024-07-09,STR002,SKU0004,140,1,True,False,0,0,134,False,0.0,5.86,138,8
2024-07-09,STR002,SKU0005,151,0,False,False,0,0,127,False,0.0,6.84,150,7
2024-07-10,STR001,SKU0001,114,0,True,False,0,3,102,False,0.0,10.66,99,3
2024-07-10,STR001,SKU0002,304,0,False,False,0,11,265,False,0.0,6.16,219,4
2024-07-10,STR001,SKU0003,170,27,True,False,0,0,186,False,0.0,9.17,79,2
2024-07-10,STR001,SKU0004,144,23,True,False,0,0,147,False,0.0,10.19,171,8
2024-07-10,STR001,SKU0005,192,1,True,False,0,0,180,False,0.0,11.89,184,7
2024-07-10,STR002,SKU0001,37,87,True,False,2,1,98,False,0.0,4.43,81,3
2024-07-10,STR002,SKU0002,273,40,False,False,0,5,269,False,0.0,12.64,178,4
2024-07-10,STR002,SKU0003,66,40,True,False,1,0,79,False,0.0,4.42,64,2
2024-07-10,STR002,SKU0004,134,16,True,False,0,0,146,False,0.0,9.64,138,8
2024-07-10,STR002,SKU0005,127,37,True,False,0,0,146,False,0.0,8.45,150,7
2024-07-11,STR001,SKU0001,102,0,False,False,0,6,78,False,0.0,7.8,99,3
2024-07-11,STR001,SKU0002,265,0,False,False,0,8,237,False,0.0,5.74,219,4
2024-07-11,STR001,SKU0003,186,0,False,False,0,0,168,False,0.0,8.17,79,2
2024-07-11,STR001,SKU0004,147,0,True,True,0,0,126,False,0.0,8.02,171,8
2024-07-11,STR001,SKU0005,180,3,True,False,0,0,174,False,0.0,10.97,184,7
2024-07-11,STR002,SKU0001,98,0,False,False,0,0,67,False,0.0,2.76,81,3
2024-07-11,STR002,SKU0002,269,0,False,False,0,9,248,False,0.0,10.59,178,4
2024-07-11,STR002,SKU0003,79,0,False,False,0,0,69,False,0.0,3.93,64,2
2024-07-11,STR002,SKU0004,146,0,False,False,0,0,142,False,0.0,18.41,138,8
2024-07-11,STR002,SKU0005,146,5,True,False,0,0,137,False,0.0,7.73,150,7
2024-07-12,STR001,SKU0001,78,90,True,False,0,9,145,False,0.0,12.53,99,3
2024-07-12,STR001,SKU0002,237,0,False,False,0,9,210,False,0.0,5.19,219,4
2024-07-12,STR001,SKU0003,168,0,False,False,0,0,144,False,0.0,6.9,79,2
2024-07-12,STR001,SKU0004,126,68,True,False,0,0,160,False,0.0,10.0,171,8
2024-07-12,STR001,SKU0005,174,28,True,False,0,0,194,False,0.0,13.72,184,7
2024-07-12,STR002,SKU0001,67,53,True,False,0,3,38,False,0.0,1.39,81,3
2024-07-12,STR002,SKU0002,248,0,False,False,0,9,220,False,0.0,9.51,178,4
2024-07-12,STR002,SKU0003,69,0,False,False,0,0,52,False,0.0,2.91,64,2
2024-07-12,STR002,SKU0004,142,0,False,False,0,0,128,False,0.0,21.33,138,8
2024-07-12,STR002,SKU0005,137,0,True,False,0,0,125,False,0.0,7.06,150,7
2024-07-13,STR001,SKU0001,145,0,False,False,0,3,135,False,0.0,10.86,99,3
2024-07-13,STR001,SKU0002,210,168,True,False,1,17,339,False,0.0,10.41,219,4
2024-07-13,STR001,SKU0003,144,4,True,False,0,0,118,False,0.0,5.26,79,2
2024-07-13,STR001,SKU0004,160,4,True,False,0,0,145,False,0.0,7.75,171,8
2024-07-13,STR001,SKU0005,194,0,False,False,0,0,177,False,0.0,14.24,184,7
2024-07-13,STR002,SKU0001,38,114,True,False,2,2,97,False,0.0,2.55,81,3
2024-07-13,STR002,SKU0002,220,4,True,False,0,4,194,False,0.0,7.8,178,4
2024-07-13,STR002,SKU0003,52,68,True,False,0,0,92,False,0.0,5.15,64,2
2024-07-13,STR002,SKU0004,128,5,True,False,0,0,126,False,0.0,21.51,138,8
2024-07-13,STR002,SKU0005,125,53,True,False,0,0,156,False,0.0,8.6,150,7
2024-07-14,STR001,SKU0001,135,31,True,False,0,5,155,False,0.0,12.76,99,3
2024-07-14,STR001,SKU0002,339,0,False,False,0,16,302,False,0.0,11.3,219,4
2024-07-14,STR001,SKU0003,118,0,False,False,0,0,98,False,0.0,4.64,79,2
2024-07-14,STR001,SKU0004,145,30,True,False,0,0,169,False,0.0,8.45,171,8
2024-07-14,STR001,SKU0005,177,5,True,False,0,0,176,False,0.0,14.16,184,7
2024-07-14,STR002,SKU0001,97,68,True,False,2,1,105,False,0.0,2.39,81,3
2024-07-14,STR002,SKU0002,194,0,False,False,0,1,169,False,0.0,7.0,178,4
2024-07-14,STR002,SKU0003,92,0,False,False,0,0,74,False,0.0,3.98,64,2
2024-07-14,STR002,SKU0004,126,3,True,False,0,0,125,False,0.0,20.35,138,8
2024-07-14,STR002,SKU0005,156,0,False,False,0,0,140,False,0.0,7.66,150,7
2024-07-15,STR001,SKU0001,155,0,False,False,0,9,132,False,0.0,11.85,99,3
2024-07-15,STR001,SKU0002,302,0,False,False,0,20,241,False,0.0,10.81,219,4
2024-07-15,STR001,SKU0003,98,0,False,False,0,0,84,False,0.0,3.97,79,2
2024-07-15,STR001,SKU0004,169,0,True,True,0,0,154,False,0.0,8.76,171,8
2024-07-15,STR001,SKU0005,176,4,True,False,0,0,166,False,0.0,14.71,184,7
2024-07-15,STR002,SKU0001,105,0,False,False,0,1,67,False,0.0,1.38,81,3
2024-07-15,STR002,SKU0002,169,138,True,False,2,22,251,False,0.0,10.1,178,4
2024-07-15,STR002,SKU0003,74,0,False,False,0,0,54,False,0.0,2.89,64,2
2024-07-15,STR002,SKU0004,125,0,True,False,0,0,107,False,0.0,17.42,138,8
2024-07-15,STR002,SKU0005,140,3,True,False,0,0,123,False,0.0,7.18,150,7
2024-07-16,STR001,SKU0001,132,0,False,False,0,3,118,False,0.0,9.83,99,3
2024-07-16,STR001,SKU0002,241,0,False,False,0,9,210,False,0.0,8.91,219,4
2024-07-16,STR001,SKU0003,84,62,True,False,0,0,139,False,0.0,6.95,79,2
2024-07-16,STR001,SKU0004,154,18,True,False,0,0,142,False,0.0,7.89,171,8
2024-07-16,STR001,SKU0005,166,31,True,False,0,0,182,False,0.0,14.99,184,7
2024-07-16,STR002,SKU0001,67,41,True,False,0,2,83,False,0.0,1.74,81,3
2024-07-16,STR002,SKU0002,251,0,False,False,0,10,209,False,0.0,8.13,178,4
2024-07-16,STR002,SKU0003,54,79,True,False,0,0,116,False,0.0,6.29,64,2
2024-07-16,STR002,SKU0004,107,4,True,False,0,0,106,False,0.0,12.79,138,8
2024-07-16,STR002,SKU0005,123,1,True,False,0,0,117,False,0.0,6.5,150,7
2024-07-17,STR001,SKU0001,118,0,False,False,0,6,101,False,0.0,8.95,99,3
2024-07-17,STR001,SKU0002,210,34,True,False,0,8,204,False,0.0,8.35,219,4
2024-07-17,STR001,SKU0003,139,0,False,False,0,0,119,False,0.0,6.72,79,2
2024-07-17,STR001,SKU0004,142,13,True,False,0,0,147,False,0.0,7.1,171,8
2024-07-17,STR001,SKU0005,182,0,True,False,0,0,179,False,0.0,15.28,184,7
2024-07-17,STR002,SKU0001,83,0,False,False,0,1,0,True,2.5,0.0,81,3
2024-07-17,STR002,SKU0002,209,0,False,False,0,5,183,False,0.0,6.96,178,4
2024-07-17,STR002,SKU0003,116,0,False,False,0,0,108,False,0.0,5.56,64,2
2024-07-17,STR002,SKU0004,106,44,True,False,0,0,149,False,0.0,18.62,138,8
2024-07-17,STR002,SKU0005,117,1,True,False,0,0,94,False,0.0,6.04,150,7
2024-07-18,STR001,SKU0001,101,81,True,False,0,4,173,False,0.0,14.95,99,3
2024-07-18,STR001,SKU0002,204,6,True,False,0,3,185,False,0.0,7.4,219,4
2024-07-18,STR001,SKU0003,119,0,False,False,0,0,89,False,0.0,4.68,79,2
2024-07-18,STR001,SKU0004,147,19,True,False,0,0,147,False,0.0,7.74,171,8
2024-07-18,STR001,SKU0005,179,1,True,False,0,0,157,False,0.0,15.26,184,7
2024-07-18,STR002,SKU0001,0,135,True,False,0,0,85,False,0.0,1.65,81,3
2024-07-18,STR002,SKU0002,183,17,True,False,0,1,175,False,0.0,7.38,178,4
2024-07-18,STR002,SKU0003,108,0,False,False,0,0,92,False,0.0,5.46,64,2
2024-07-18,STR002,SKU0004,149,0,True,True,0,0,137,False,0.0,18.09,138,8
2024-07-18,STR002,SKU0005,94,23,True,False,0,1,106,False,0.0,6.45,150,7
2024-07-19,STR001,SKU0001,173,0,False,False,0,9,152,False,0.0,15.65,99,3
2024-07-19,STR001,SKU0002,185,160,True,False,1,16,307,False,0.0,12.14,219,4
2024-07-19,STR001,SKU0003,89,24,True,False,0,0,83,False,0.0,4.01,79,2
2024-07-19,STR001,SKU0004,147,24,True,False,1,0,148,False,0.0,7.91,171,8
2024-07-19,STR001,SKU0005,157,1,True,False,0,0,149,False,0.0,12.13,184,7
2024-07-19,STR002,SKU0001,85,0,False,False,0,0,49,False,0.0,0.91,81,3
2024-07-19,STR002,SKU0002,175,26,True,False,0,1,189,False,0.0,7.43,178,4
2024-07-19,STR002,SKU0003,92,27,True,False,0,0,99,False,0.0,5.59,64,2
2024-07-19,STR002,SKU0004,137,25,True,False,0,0,150,False,0.0,17.21,138,8
2024-07-19,STR002,SKU0005,106,74,True,False,0,0,168,False,0.0,10.59,150,7
2024-07-20,STR001,SKU0001,152,0,False,False,0,7,113,False,0.0,11.98,99,3
2024-07-20,STR001,SKU0002,307,0,False,False,0,8,257,False,0.0,9.99,219,4
2024-07-20,STR001,SKU0003,83,0,False,False,0,0,55,False,0.0,2.55,79,2
2024-07-20,STR001,SKU0004,148,0,True,True,0,0,126,False,0.0,7.41,171,8
2024-07-20,STR001,SKU0005,149,72,True,False,0,0,204,False,0.0,16.41,184,7
2024-07-20,STR002,SKU0001,49,116,True,False,0,3,143,False,0.0,2.98,81,3
2024-07-20,STR002,SKU0002,189,0,False,False,0,3,147,False,0.0,6.05,178,4
2024-07-20,STR002,SKU0003,99,0,False,False,0,0,83,False,0.0,4.57,64,2
2024-07-20,STR002,SKU0004,150,0,False,False,0,0,138,False,0.0,16.37,138,8
2024-07-20,STR002,SKU0005,168,0,False,False,0,0,157,False,0.0,9.9,150,7
2024-07-21,STR001,SKU0001,113,0,False,False,0,3,93,False,0.0,7.15,99,3
2024-07-21,STR001,SKU0002,257,0,False,False,0,8,210,False,0.0,7.31,219,4
2024-07-21,STR001,SKU0003,55,104,True,False,0,0,147,False,0.0,6.91,79,2
2024-07-21,STR001,SKU0004,126,12,True,False,0,0,131,False,0.0,7.52,171,8
2024-07-21,STR001,SKU0005,204,0,False,False,0,0,187,False,0.0,15.05,184,7
2024-07-21,STR002,SKU0001,143,0,False,False,0,7,135,False,0.0,3.11,81,3
2024-07-21,STR002,SKU0002,147,24,True,False,0,1,142,False,0.0,5.43,178,4
2024-07-21,STR002,SKU0003,83,0,False,False,0,0,64,False,0.0,3.9,64,2
2024-07-21,STR002,SKU0004,138,0,False,False,0,0,121,False,0.0,13.23,138,8
2024-07-21,STR002,SKU0005,157,0,False,False,0,0,144,False,0.0,10.08,150,7
2024-07-22,STR001,SKU0001,93,91,True,False,1,11,153,False,0.0,10.5,99,3
2024-07-22,STR001,SKU0002,210,33,True,False,0,4,212,False,0.0,6.78,219,4
2024-07-22,STR001,SKU0003,147,5,True,False,0,0,135,False,0.0,6.7,79,2
2024-07-22,STR001,SKU0004,131,27,True,False,0,0,131,False,0.0,7.46,171,8
2024-07-22,STR001,SKU0005,187,0,False,False,0,0,167,False,0.0,11.93,184,7
2024-07-22,STR002,SKU0001,135,0,True,True,0,4,129,False,0.0,3.64,81,3
2024-07-22,STR002,SKU0002,142,112,True,False,2,11,212,False,0.0,7.94,178,4
2024-07-22,STR002,SKU0003,64,53,True,False,0,0,103,False,0.0,6.22,64,2
2024-07-22,STR002,SKU0004,121,2,True,False,0,0,118,False,0.0,10.73,138,8
2024-07-22,STR002,SKU0005,144,0,True,True,0,0,135,False,0.0,9.74,150,7
2024-07-23,STR001,SKU0001,153,0,False,False,0,5,125,False,0.0,8.18,99,3
2024-07-23,STR001,SKU0002,212,101,True,False,0,9,278,False,0.0,9.49,219,4
2024-07-23,STR001,SKU0003,135,0,False,False,0,0,111,False,0.0,5.4,79,2
2024-07-23,STR001,SKU0004,131,0,True,False,0,0,124,False,0.0,6.43,171,8
2024-07-23,STR001,SKU0005,167,2,True,False,0,0,147,False,0.0,9.89,184,7
2024-07-23,STR002,SKU0001,129,0,False,False,0,7,101,False,0.0,3.32,81,3
2024-07-23,STR002,SKU0002,212,93,True,False,0,9,280,False,0.0,10.65,178,4
2024-07-23,STR002,SKU0003,103,0,False,False,0,0,85,False,0.0,5.41,64,2
2024-07-23,STR002,SKU0004,118,31,True,False,0,0,145,False,0.0,15.86,138,8
2024-07-23,STR002,SKU0005,135,11,True,False,0,0,138,False,0.0,11.23,150,7
2024-07-24,STR001,SKU0001,125,0,False,False,0,3,109,False,0.0,6.41,99,3
2024-07-24,STR001,SKU0002,278,0,False,False,0,13,225,False,0.0,7.54,219,4
2024-07-24,STR001,SKU0003,111,0,False,False,0,0,99,False,0.0,4.3,79,2
2024-07-24,STR001,SKU0004,124,11,True,False,0,0,120,False,0.0,7.5,171,8
2024-07-24,STR001,SKU0005,147,0,True,False,0,0,127,False,0.0,8.01,184,7
2024-07-24,STR002,SKU0001,101,0,False,False,0,9,85,False,0.0,2.82,81,3
2024-07-24,STR002,SKU0002,280,0,False,False,0,10,255,False,0.0,10.62,178,4
2024-07-24,STR002,SKU0003,85,0,False,False,0,0,74,False,0.0,4.67,64,2
2024-07-24,STR002,SKU0004,145,0,False,False,0,0,138,False,0.0,15.33,138,8
2024-07-24,STR002,SKU0005,138,9,True,False,0,0,135,False,0.0,10.86,150,7
2024-07-25,STR001,SKU0001,109,0,False,False,0,5,101,False,0.0,5.84,99,3
2024-07-25,STR001,SKU0002,225,0,False,False,0,4,179,False,0.0,5.77,219,4
2024-07-25,STR001,SKU0003,99,64,True,False,0,0,135,False,0.0,6.18,79,2
2024-07-25,STR001,SKU0004,120,34,True,False,0,0,134,False,0.0,7.88,171,8
2024-07-25,STR001,SKU0005,127,56,True,False,0,0,172,False,0.0,9.41,184,7
2024-07-25,STR002,SKU0001,85,21,False,False,0,6,90,False,0.0,4.63,81,3
2024-07-25,STR002,SKU0002,255,0,False,False,0,12,232,False,0.0,10.02,178,4
2024-07-25,STR002,SKU0003,74,42,True,False,0,0,109,False,0.0,6.69,64,2
2024-07-25,STR002,SKU0004,138,0,False,False,0,0,116,False,0.0,11.77,138,8
2024-07-25,STR002,SKU0005,135,35,True,False,0,0,165,False,0.0,15.4,150,7
2024-07-26,STR001,SKU0001,101,30,True,False,1,4,123,False,0.0,7.24,99,3
2024-07-26,STR001,SKU0002,179,134,True,False,0,5,285,False,0.0,8.42,219,4
2024-07-26,STR001,SKU0003,135,0,False,False,0,0,122,False,0.0,5.66,79,2
2024-07-26,STR001,SKU0004,134,37,True,False,0,0,159,False,0.0,9.28,171,8
2024-07-26,STR001,SKU0005,172,26,True,False,0,0,192,False,0.0,11.59,184,7
2024-07-26,STR002,SKU0001,90,33,True,False,0,11,105,False,0.0,7.66,81,3
2024-07-26,STR002,SKU0002,232,0,False,False,0,12,199,False,0.0,9.35,178,4
2024-07-26,STR002,SKU0003,109,0,False,False,0,0,94,False,0.0,6.27,64,2
2024-07-26,STR002,SKU0004,116,0,True,False,0,0,102,False,0.0,9.04,138,8
2024-07-26,STR002,SKU0005,165,5,True,False,0,0,159,False,0.0,15.9,150,7
2024-07-27,STR001,SKU0001,123,0,False,False,0,3,108,False,0.0,6.87,99,3
2024-07-27,STR001,SKU0002,285,0,False,False,0,8,237,False,0.0,6.94,219,4
2024-07-27,STR001,SKU0003,122,0,False,False,0,0,96,False,0.0,5.01,79,2
2024-07-27,STR001,SKU0004,159,9,True,False,0,0,157,False,0.0,9.99,171,8
2024-07-27,STR001,SKU0005,192,0,False,False,0,0,172,False,0.0,10.65,184,7
2024-07-27,STR002,SKU0001,105,0,False,False,0,5,96,False,0.0,10.03,81,3
2024-07-27,STR002,SKU0002,199,0,False,False,0,8,165,False,0.0,7.26,178,4
2024-07-27,STR002,SKU0003,94,0,False,False,0,0,79,False,0.0,5.53,64,2
2024-07-27,STR002,SKU0004,102,7,True,False,0,0,102,False,0.0,8.81,138,8
2024-07-27,STR002,SKU0005,159,0,False,False,0,0,143,False,0.0,14.51,150,7
2024-07-28,STR001,SKU0001,108,0,False,False,0,5,90,False,0.0,7.0,99,3
2024-07-28,STR001,SKU0002,237,9,True,False,1,6,210,False,0.0,6.2,219,4
2024-07-28,STR001,SKU0003,96,48,True,False,0,0,122,False,0.0,6.47,79,2
2024-07-28,STR001,SKU0004,157,25,True,False,0,0,141,False,0.0,9.97,171,8
2024-07-28,STR001,SKU0005,172,45,True,False,0,0,198,False,0.0,11.95,184,7
2024-07-28,STR002,SKU0001,96,0,False,False,0,2,87,False,0.0,11.71,81,3
2024-07-28,STR002,SKU0002,165,138,True,False,0,5,240,False,0.0,11.51,178,4
2024-07-28,STR002,SKU0003,79,14,True,False,0,0,76,False,0.0,5.37,64,2
2024-07-28,STR002,SKU0004,102,46,True,False,0,0,134,False,0.0,12.34,138,8
2024-07-28,STR002,SKU0005,143,3,True,False,0,0,135,False,0.0,12.77,150,7
2024-07-29,STR001,SKU0001,90,40,True,False,0,5,121,False,0.0,9.85,99,3
2024-07-29,STR001,SKU0002,210,136,True,False,0,13,300,False,0.0,9.25,219,4
2024-07-29,STR001,SKU0003,122,0,False,False,0,0,100,False,0.0,4.93,79,2
2024-07-29,STR001,SKU0004,141,4,True,False,0,0,131,False,0.0,6.89,171,8
2024-07-29,STR001,SKU0005,198,0,False,False,0,0,176,False,0.0,10.44,184,7
2024-07-29,STR002,SKU0001,87,0,False,False,0,1,71,False,0.0,8.57,81,3
2024-07-29,STR002,SKU0002,240,0,False,False,0,6,206,False,0.0,8.19,178,4
2024-07-29,STR002,SKU0003,76,0,False,False,0,0,56,False,0.0,4.04,64,2
2024-07-29,STR002,SKU0004,134,3,True,False,0,0,133,False,0.0,12.75,138,8
2024-07-29,STR002,SKU0005,135,0,True,False,0,0,122,False,0.0,11.86,150,7
2024-07-30,STR001,SKU0001,121,47,True,False,1,13,136,False,0.0,13.41,99,3
2024-07-30,STR001,SKU0002,300,0,False,False,0,13,245,False,0.0,7.36,219,4
2024-07-30,STR001,SKU0003,100,0,False,False,0,0,85,False,0.0,4.05,79,2
2024-07-30,STR001,SKU0004,131,35,True,False,0,0,157,False,0.0,9.16,171,8
2024-07-30,STR001,SKU0005,176,4,True,False,0,0,157,False,0.0,9.16,184,7
2024-07-30,STR002,SKU0001,71,77,True,False,0,6,138,False,0.0,13.61,81,3
2024-07-30,STR002,SKU0002,206,0,False,False,0,5,186,False,0.0,7.44,178,4
2024-07-30,STR002,SKU0003,56,63,True,False,2,0,105,False,0.0,7.14,64,2
2024-07-30,STR002,SKU0004,133,4,True,False,0,0,129,False,0.0,12.54,138,8
2024-07-30,STR002,SKU0005,122,41,True,False,0,0,154,False,0.0,14.18,150,7
2024-07-31,STR001,SKU0001,136,0,False,False,0,6,100,False,0.0,10.61,99,3
2024-07-31,STR001,SKU0002,245,0,False,False,0,12,164,False,0.0,4.61,219,4
2024-07-31,STR001,SKU0003,85,96,True,False,0,0,160,False,0.0,8.12,79,2
2024-07-31,STR001,SKU0004,157,0,True,False,0,0,147,False,0.0,8.43,171,8
2024-07-31,STR001,SKU0005,157,0,True,False,0,0,157,False,0.0,9.08,184,7
2024-07-31,STR002,SKU0001,138,0,False,False,0,6,110,False,0.0,14.26,81,3
2024-07-31,STR002,SKU0002,186,0,False,False,0,1,154,False,0.0,6.2,178,4
2024-07-31,STR002,SKU0003,105,15,True,False,0,0,104,False,0.0,7.51,64,2
2024-07-31,STR002,SKU0004,129,7,True,False,0,0,124,False,0.0,11.42,138,8
2024-07-31,STR002,SKU0005,154,0,False,False,0,0,145,False,0.0,13.18,150,7
2024-08-01,STR001,SKU0001,100,0,False,False,0,7,83,False,0.0,7.0,99,3
2024-08-01,STR001,SKU0002,164,0,True,True,0,3,143,False,0.0,3.6,219,4
2024-08-01,STR001,SKU0003,160,0,False,False,0,0,145,False,0.0,6.9,79,2
2024-08-01,STR001,SKU0004,147,3,True,False,0,0,146,False,0.0,8.74,171,8
2024-08-01,STR001,SKU0005,157,42,True,False,0,0,187,False,0.0,12.96,184,7
2024-08-01,STR002,SKU0001,110,0,False,False,0,7,95,False,0.0,9.64,81,3
2024-08-01,STR002,SKU0002,154,21,True,False,0,2,147,False,0.0,5.42,178,4
2024-08-01,STR002,SKU0003,104,0,False,False,0,0,88,False,0.0,6.04,64,2
2024-08-01,STR002,SKU0004,124,23,True,False,0,0,142,False,0.0,12.27,138,8
2024-08-01,STR002,SKU0005,145,4,True,False,0,0,116,False,0.0,10.97,150,7
2024-08-02,STR001,SKU0001,83,85,True,False,1,4,155,False,0.0,12.06,99,3
2024-08-02,STR001,SKU0002,143,100,True,False,3,4,184,False,0.0,5.07,219,4
2024-08-02,STR001,SKU0003,145,0,False,False,0,0,122,False,0.0,6.37,79,2
2024-08-02,STR001,SKU0004,146,1,True,False,0,0,137,False,0.0,9.5,171,8
2024-08-02,STR001,SKU0005,187,0,False,False,0,0,175,False,0.0,12.01,184,7
2024-08-02,STR002,SKU0001,95,0,False,False,0,4,87,False,0.0,9.09,81,3
2024-08-02,STR002,SKU0002,147,26,True,False,0,7,154,False,0.0,5.26,178,4
2024-08-02,STR002,SKU0003,88,0,False,False,0,0,61,False,0.0,3.85,64,2
2024-08-02,STR002,SKU0004,142,0,False,False,0,0,131,False,0.0,14.33,138,8
2024-08-02,STR002,SKU0005,116,0,True,True,0,0,109,False,0.0,7.48,150,7
2024-08-03,STR001,SKU0001,155,5,True,False,0,8,141,False,0.0,10.39,99,3
2024-08-03,STR001,SKU0002,184,129,True,False,0,6,286,False,0.0,7.07,219,4
2024-08-03,STR001,SKU0003,122,75,True,False,0,0,173,False,0.0,8.41,79,2
2024-08-03,STR001,SKU0004,137,29,True,False,0,0,152,False,0.0,10.75,171,8
2024-08-03,STR001,SKU0005,175,1,True,False,0,0,167,False,0.0,10.82,184,7
2024-08-03,STR002,SKU0001,87,74,True,False,1,13,137,False,0.0,14.98,81,3
2024-08-03,STR002,SKU0002,154,73,True,False,0,4,188,False,0.0,6.71,178,4
2024-08-03,STR002,SKU0003,61,86,True,False,0,0,129,False,0.0,7.34,64,2
2024-08-03,STR002,SKU0004,131,18,True,False,1,0,137,False,0.0,15.72,138,8
2024-08-03,STR002,SKU0005,109,22,True,False,0,0,113,False,0.0,8.07,150,7
2024-08-04,STR001,SKU0001,141,0,False,False,0,7,111,False,0.0,8.27,99,3
2024-08-04,STR001,SKU0002,286,0,False,False,0,7,245,False,0.0,6.5,219,4
2024-08-04,STR001,SKU0003,173,0,False,False,0,0,161,False,0.0,7.94,79,2
2024-08-04,STR001,SKU0004,152,0,True,True,0,0,141,False,0.0,9.68,171,8
2024-08-04,STR001,SKU0005,167,54,True,False,0,0,207,False,0.0,14.94,184,7
2024-08-04,STR002,SKU0001,137,0,False,False,0,8,121,False,0.0,12.1,81,3
2024-08-04,STR002,SKU0002,188,0,False,False,0,8,161,False,0.0,5.5,178,4
2024-08-04,STR002,SKU0003,129,0,False,False,0,0,111,False,0.0,6.17,64,2
2024-08-04,STR002,SKU0004,137,3,True,False,0,0,131,False,0.0,14.11,138,8
2024-08-04,STR002,SKU0005,113,20,True,False,0,0,108,False,0.0,7.56,150,7
2024-08-05,STR001,SKU0001,111,0,False,False,0,5,95,False,0.0,6.39,99,3
2024-08-05,STR001,SKU0002,245,0,False,False,0,3,180,False,0.0,4.68,219,4
2024-08-05,STR001,SKU0003,161,0,False,False,0,0,137,False,0.0,7.27,79,2
2024-08-05,STR001,SKU0004,141,38,True,True,0,0,176,False,0.0,17.11,171,8
2024-08-05,STR001,SKU0005,207,0,False,False,0,0,184,False,0.0,14.0,184,7
2024-08-05,STR002,SKU0001,121,0,False,False,0,5,87,False,0.0,8.58,81,3
2024-08-05,STR002,SKU0002,161,37,True,False,1,5,175,False,0.0,7.38,178,4
2024-08-05,STR002,SKU0003,111,0,False,False,0,0,87,False,0.0,4.8,64,2
2024-08-05,STR002,SKU0004,131,3,True,False,0,0,127,False,0.0,14.82,138,8
2024-08-05,STR002,SKU0005,108,48,True,False,0,0,147,False,0.0,9.03,150,7
2024-08-06,STR001,SKU0001,95,20,True,False,0,4,106,False,0.0,6.68,99,3
2024-08-06,STR001,SKU0002,180,197,True,False,3,19,335,False,0.0,7.87,219,4
2024-08-06,STR001,SKU0003,137,3,True,False,0,0,117,False,0.0,6.11,79,2
2024-08-06,STR001,SKU0004,176,0,False,False,0,0,166,False,0.0,19.05,171,8
2024-08-06,STR001,SKU0005,184,0,False,False,0,0,173,False,0.0,13.02,184,7
2024-08-06,STR002,SKU0001,87,0,False,False,0,3,75,False,0.0,6.18,81,3
2024-08-06,STR002,SKU0002,175,4,True,False,0,3,160,False,0.0,7.23,178,4
2024-08-06,STR002,SKU0003,87,45,True,False,0,0,126,False,0.0,6.73,64,2
2024-08-06,STR002,SKU0004,127,1,True,False,0,0,123,False,0.0,13.67,138,8
2024-08-06,STR002,SKU0005,147,1,True,False,0,0,103,False,0.0,6.55,150,7
2024-08-07,STR001,SKU0001,106,78,True,False,0,11,167,False,0.0,11.93,99,3
2024-08-07,STR001,SKU0002,335,5,True,False,0,9,298,False,0.0,7.56,219,4
2024-08-07,STR001,SKU0003,117,0,False,False,0,0,99,False,0.0,4.88,79,2
2024-08-07,STR001,SKU0004,166,0,True,False,0,0,158,False,0.0,17.84,171,8
2024-08-07,STR001,SKU0005,173,0,True,True,0,0,160,False,0.0,13.83,184,7
2024-08-07,STR002,SKU0001,75,88,True,False,0,9,150,False,0.0,11.67,81,3
2024-08-07,STR002,SKU0002,160,36,True,False,0,3,179,False,0.0,8.03,178,4
2024-08-07,STR002,SKU0003,126,0,False,False,0,0,109,False,0.0,6.1,64,2
2024-08-07,STR002,SKU0004,123,5,True,False,0,0,118,False,0.0,13.77,138,8
2024-08-07,STR002,SKU0005,103,74,True,False,0,0,145,False,0.0,6.95,150,7
2024-08-08,STR001,SKU0001,167,0,False,False,0,7,150,False,0.0,14.19,99,3
2024-08-08,STR001,SKU0002,298,0,False,False,0,8,276,False,0.0,8.05,219,4
2024-08-08,STR001,SKU0003,99,0,False,False,0,0,78,False,0.0,3.93,79,2
2024-08-08,STR001,SKU0004,158,28,True,False,0,0,153,False,0.0,17.85,171,8
2024-08-08,STR001,SKU0005,160,5,True,False,0,0,146,False,0.0,10.87,184,7
2024-08-08,STR002,SKU0001,150,0,False,False,0,4,139,False,0.0,13.51,81,3
2024-08-08,STR002,SKU0002,179,0,False,False,0,8,150,False,0.0,7.55,178,4
2024-08-08,STR002,SKU0003,109,0,False,False,0,0,97,False,0.0,5.39,64,2
2024-08-08,STR002,SKU0004,118,3,True,False,0,0,113,False,0.0,13.64,138,8
2024-08-08,STR002,SKU0005,145,4,True,False,0,0,115,False,0.0,4.76,150,7
2024-08-09,STR001,SKU0001,150,0,False,False,0,4,135,False,0.0,12.77,99,3
2024-08-09,STR001,SKU0002,276,0,False,False,0,7,238,False,0.0,7.06,219,4
2024-08-09,STR001,SKU0003,78,69,True,False,0,0,122,False,0.0,5.89,79,2
2024-08-09,STR001,SKU0004,153,2,True,False,0,0,140,False,0.0,11.01,171,8
2024-08-09,STR001,SKU0005,146,32,True,False,0,0,156,False,0.0,10.81,184,7
2024-08-09,STR002,SKU0001,139,0,False,False,0,6,115,False,0.0,11.34,81,3
2024-08-09,STR002,SKU0002,150,74,True,False,3,7,189,False,0.0,9.87,178,4
2024-08-09,STR002,SKU0003,97,3,True,False,0,0,91,False,0.0,5.22,64,2
2024-08-09,STR002,SKU0004,113,25,True,False,0,0,120,False,0.0,13.77,138,8
2024-08-09,STR002,SKU0005,115,61,True,False,0,0,153,False,0.0,6.3,150,7
2024-08-10,STR001,SKU0001,135,0,False,False,0,3,111,False,0.0,10.09,99,3
2024-08-10,STR001,SKU0002,238,0,False,False,0,11,198,False,0.0,6.45,219,4
2024-08-10,STR001,SKU0003,122,0,False,False,0,0,79,False,0.0,3.76,79,2
2024-08-10,STR001,SKU0004,140,13,True,False,0,0,131,False,0.0,9.76,171,8
2024-08-10,STR001,SKU0005,156,49,True,False,0,0,185,False,0.0,11.67,184,7
2024-08-10,STR002,SKU0001,115,0,False,False,0,2,112,False,0.0,9.22,81,3
2024-08-10,STR002,SKU0002,189,0,False,False,0,6,156,False,0.0,7.43,178,4
2024-08-10,STR002,SKU0003,91,0,False,False,0,0,72,False,0.0,4.85,64,2
2024-08-10,STR002,SKU0004,120,0,True,False,0,0,114,False,0.0,11.74,138,8
2024-08-10,STR002,SKU0005,153,0,False,False,0,0,123,False,0.0,4.63,150,7
2024-08-11,STR001,SKU0001,111,0,True,True,0,3,88,False,0.0,7.08,99,3
2024-08-11,STR001,SKU0002,198,44,True,False,1,9,208,False,0.0,6.53,219,4
2024-08-11,STR001,SKU0003,79,0,False,False,0,0,52,False,0.0,2.19,79,2
2024-08-11,STR001,SKU0004,131,24,True,False,0,0,130,False,0.0,8.92,171,8
2024-08-11,STR001,SKU0005,185,2,True,False,0,0,171,False,0.0,9.81,184,7
2024-08-11,STR002,SKU0001,112,1,True,False,0,3,110,False,0.0,10.13,81,3
2024-08-11,STR002,SKU0002,156,98,True,False,0,7,225,False,0.0,11.33,178,4
2024-08-11,STR002,SKU0003,72,0,False,False,0,0,42,False,0.0,2.8,64,2
2024-08-11,STR002,SKU0004,114,36,True,False,0,0,136,False,0.0,15.11,138,8
2024-08-11,STR002,SKU0005,123,37,True,False,0,0,122,False,0.0,4.31,150,7
2024-08-12,STR001,SKU0001,88,87,True,False,1,8,155,False,0.0,12.92,99,3
2024-08-12,STR001,SKU0002,208,2,True,False,0,7,171,False,0.0,5.62,219,4
2024-08-12,STR001,SKU0003,52,77,True,False,0,0,100,False,0.0,3.87,79,2
2024-08-12,STR001,SKU0004,130,8,True,False,0,0,112,False,0.0,6.76,171,8
2024-08-12,STR001,SKU0005,171,0,True,False,0,0,155,False,0.0,8.75,184,7
2024-08-12,STR002,SKU0001,110,0,False,False,0,5,95,False,0.0,9.78,81,3
2024-08-12,STR002,SKU0002,225,4,True,False,0,7,202,False,0.0,9.96,178,4
2024-08-12,STR002,SKU0003,42,74,True,False,0,0,83,False,0.0,4.97,64,2
2024-08-12,STR002,SKU0004,136,1,True,False,0,0,127,False,0.0,13.07,138,8
2024-08-12,STR002,SKU0005,122,12,True,False,0,0,108,False,0.0,3.58,150,7
2024-08-13,STR001,SKU0001,155,44,False,False,0,21,168,False,0.0,14.0,99,3
2024-08-13,STR001,SKU0002,171,74,True,False,1,7,210,False,0.0,8.03,219,4
2024-08-13,STR001,SKU0003,100,0,False,False,0,0,73,False,0.0,2.75,79,2
2024-08-13,STR001,SKU0004,112,23,True,False,0,0,129,False,0.0,6.5,171,8
2024-08-13,STR001,SKU0005,155,4,True,False,0,0,138,False,0.0,8.26,184,7
2024-08-13,STR002,SKU0001,95,0,False,False,0,4,70,False,0.0,10.0,81,3
2024-08-13,STR002,SKU0002,202,0,False,False,0,3,192,False,0.0,9.27,178,4
2024-08-13,STR002,SKU0003,83,0,False,False,0,0,53,False,0.0,2.94,64,2
2024-08-13,STR002,SKU0004,127,1,True,False,0,0,112,False,0.0,11.04,138,8
2024-08-13,STR002,SKU0005,108,55,True,False,0,0,127,False,0.0,3.9,150,7
2024-08-14,STR001,SKU0001,168,0,False,False,0,4,148,False,0.0,11.64,99,3
2024-08-14,STR001,SKU0002,210,66,True,False,0,5,216,False,0.0,7.96,219,4
2024-08-14,STR001,SKU0003,73,91,True,False,1,0,148,False,0.0,5.45,79,2
2024-08-14,STR001,SKU0004,129,2,True,False,0,0,126,False,0.0,6.53,171,8
2024-08-14,STR001,SKU0005,138,41,True,False,0,0,157,False,0.0,8.65,184,7
2024-08-14,STR002,SKU0001,70,82,True,False,2,13,120,False,0.0,13.77,81,3
2024-08-14,STR002,SKU0002,192,0,False,False,0,5,176,False,0.0,9.06,178,4
2024-08-14,STR002,SKU0003,53,35,True,False,0,0,60,False,0.0,2.8,64,2
2024-08-14,STR002,SKU0004,112,0,True,True,0,0,108,False,0.0,9.22,138,8
2024-08-14,STR002,SKU0005,127,4,True,False,0,0,100,False,0.0,3.2,150,7
2024-08-15,STR001,SKU0001,148,0,True,True,0,3,127,False,0.0,8.98,99,3
2024-08-15,STR001,SKU0002,216,95,True,False,1,9,274,False,0.0,9.05,219,4
2024-08-15,STR001,SKU0003,148,15,True,False,0,0,152,False,0.0,5.69,79,2
2024-08-15,STR001,SKU0004,126,5,True,False,0,0,130,False,0.0,6.89,171,8
2024-08-15,STR001,SKU0005,157,5,True,False,0,0,158,False,0.0,8.13,184,7
2024-08-15,STR002,SKU0001,120,1,True,False,0,3,110,False,0.0,10.41,81,3
2024-08-15,STR002,SKU0002,176,127,True,False,0,13,260,False,0.0,13.68,178,4
2024-08-15,STR002,SKU0003,60,32,True,False,0,0,71,False,0.0,3.09,64,2
2024-08-15,STR002,SKU0004,108,37,True,False,0,0,137,False,0.0,12.62,138,8
2024-08-15,STR002,SKU0005,100,76,True,False,0,1,132,False,0.0,4.24,150,7
2024-08-16,STR001,SKU0001,127,0,False,False,0,6,103,False,0.0,6.74,99,3
2024-08-16,STR001,SKU0002,274,0,False,False,0,7,251,False,0.0,7.81,219,4
2024-08-16,STR001,SKU0003,152,0,False,False,0,0,128,False,0.0,5.06,79,2
2024-08-16,STR001,SKU0004,130,36,True,False,0,0,154,False,0.0,10.78,171,8
2024-08-16,STR001,SKU0005,158,59,True,False,0,0,191,False,0.0,11.05,184,7
2024-08-16,STR002,SKU0001,110,0,False,False,0,4,99,False,0.0,9.24,81,3
2024-08-16,STR002,SKU0002,260,0,False,False,0,8,192,False,0.0,9.46,178,4
2024-08-16,STR002,SKU0003,71,0,False,False,0,0,55,False,0.0,2.26,64,2
2024-08-16,STR002,SKU0004,137,26,True,False,0,0,158,False,0.0,14.55,138,8
2024-08-16,STR002,SKU0005,132,47,True,False,0,0,174,False,0.0,5.37,150,7
2024-08-17,STR001,SKU0001,103,0,False,False,0,3,77,False,0.0,4.73,99,3
2024-08-17,STR001,SKU0002,251,3,True,False,0,7,202,False,0.0,6.73,219,4
2024-08-17,STR001,SKU0003,128,0,False,False,0,0,114,False,0.0,4.53,79,2
2024-08-17,STR001,SKU0004,154,13,True,False,0,1,153,False,0.0,11.04,171,8
2024-08-17,STR001,SKU0005,191,0,False,False,0,0,155,False,0.0,8.68,184,7
2024-08-17,STR002,SKU0001,99,0,False,False,0,7,69,False,0.0,7.55,81,3
2024-08-17,STR002,SKU0002,192,60,True,False,2,3,212,False,0.0,8.38,178,4
2024-08-17,STR002,SKU0003,55,49,True,False,0,0,69,False,0.0,2.73,64,2
2024-08-17,STR002,SKU0004,158,0,False,False,0,0,148,False,0.0,16.44,138,8
2024-08-17,STR002,SKU0005,174,0,False,False,0,0,156,False,0.0,5.22,150,7
2024-08-18,STR001,SKU0001,77,125,True,False,0,14,175,False,0.0,10.56,99,3
2024-08-18,STR001,SKU0002,202,44,True,False,0,10,203,False,0.0,6.29,219,4
2024-08-18,STR001,SKU0003,114,13,True,False,0,0,99,False,0.0,4.71,79,2
2024-08-18,STR001,SKU0004,153,17,True,False,0,0,160,False,0.0,12.73,171,8
2024-08-18,STR001,SKU0005,155,63,True,False,0,0,194,False,0.0,9.63,184,7
2024-08-18,STR002,SKU0001,69,68,True,False,0,8,126,False,0.0,10.26,81,3
2024-08-18,STR002,SKU0002,212,0,False,False,0,7,164,False,0.0,6.21,178,4
2024-08-18,STR002,SKU0003,69,88,True,False,0,0,141,False,0.0,5.11,64,2
2024-08-18,STR002,SKU0004,148,0,False,False,0,0,143,False,0.0,14.94,138,8
2024-08-18,STR002,SKU0005,156,0,False,False,0,0,141,False,0.0,5.01,150,7
2024-08-19,STR001,SKU0001,175,6,True,False,0,9,164,False,0.0,10.53,99,3
2024-08-19,STR001,SKU0002,203,107,True,False,1,9,259,False,0.0,7.71,219,4
2024-08-19,STR001,SKU0003,99,0,False,False,0,0,75,False,0.0,3.55,79,2
2024-08-19,STR001,SKU0004,160,1,True,False,0,0,146,False,0.0,14.0,171,8
2024-08-19,STR001,SKU0005,194,26,True,False,0,0,194,False,0.0,9.11,184,7
2024-08-19,STR002,SKU0001,126,5,True,False,0,6,109,False,0.0,8.57,81,3
2024-08-19,STR002,SKU0002,164,64,True,False,0,5,192,False,0.0,6.59,178,4
2024-08-19,STR002,SKU0003,141,0,False,False,0,0,128,False,0.0,5.01,64,2
2024-08-19,STR002,SKU0004,143,0,False,False,0,0,134,False,0.0,16.17,138,8
2024-08-19,STR002,SKU0005,141,5,True,False,0,0,129,False,0.0,5.19,150,7
2024-08-20,STR001,SKU0001,164,0,False,False,0,13,139,False,0.0,9.18,99,3
2024-08-20,STR001,SKU0002,259,0,False,False,0,8,220,False,0.0,6.31,219,4
2024-08-20,STR001,SKU0003,75,101,True,False,0,0,156,False,0.0,7.64,79,2
2024-08-20,STR001,SKU0004,146,5,True,False,0,0,124,False,0.0,14.0,171,8
2024-08-20,STR001,SKU0005,194,0,False,False,0,0,170,False,0.0,7.48,184,7
2024-08-20,STR002,SKU0001,109,0,False,False,0,3,103,False,0.0,7.59,81,3
2024-08-20,STR002,SKU0002,192,0,False,False,0,5,136,False,0.0,4.43,178,4
2024-08-20,STR002,SKU0003,128,0,False,False,0,0,121,False,0.0,5.33,64,2
2024-08-20,STR002,SKU0004,134,0,True,False,0,0,127,False,0.0,15.6,138,8
2024-08-20,STR002,SKU0005,129,46,True,False,0,0,163,False,0.0,6.92,150,7
2024-08-21,STR001,SKU0001,139,0,False,False,0,1,116,False,0.0,7.52,99,3
2024-08-21,STR001,SKU0002,220,0,False,False,0,4,202,False,0.0,5.7,219,4
2024-08-21,STR001,SKU0003,156,6,True,False,0,0,145,False,0.0,7.46,79,2
2024-08-21,STR001,SKU0004,124,59,True,False,0,0,170,False,0.0,14.34,171,8
2024-08-21,STR001,SKU0005,170,1,True,False,0,0,152,False,0.0,6.57,184,7
2024-08-21,STR002,SKU0001,103,0,False,False,0,4,87,False,0.0,7.91,81,3
2024-08-21,STR002,SKU0002,136,116,True,False,3,5,212,False,0.0,5.73,178,4
2024-08-21,STR002,SKU0003,121,3,True,False,0,0,110,False,0.0,5.66,64,2
2024-08-21,STR002,SKU0004,127,11,True,False,0,1,118,False,0.0,17.21,138,8
2024-08-21,STR002,SKU0005,163,0,False,False,0,0,157,False,0.0,7.79,150,7
2024-08-22,STR001,SKU0001,116,0,False,False,0,3,98,False,0.0,6.02,99,3
2024-08-22,STR001,SKU0002,202,174,True,False,3,23,319,False,0.0,10.79,219,4
2024-08-22,STR001,SKU0003,145,0,False,False,0,0,122,False,0.0,6.19,79,2
2024-08-22,STR001,SKU0004,170,16,True,False,0,0,179,False,0.0,13.77,171,8
2024-08-22,STR001,SKU0005,152,65,True,False,0,0,173,False,0.0,7.62,184,7
2024-08-22,STR002,SKU0001,87,0,False,False,0,1,79,False,0.0,7.68,81,3
2024-08-22,STR002,SKU0002,212,65,True,False,0,15,227,False,0.0,5.68,178,4
2024-08-22,STR002,SKU0003,110,0,False,False,0,0,88,False,0.0,5.05,64,2
2024-08-22,STR002,SKU0004,118,33,True,False,0,0,141,False,0.0,15.67,138,8
2024-08-22,STR002,SKU0005,157,0,False,False,0,0,146,False,0.0,8.81,150,7
2024-08-23,STR001,SKU0001,98,100,True,False,1,8,189,False,0.0,11.92,99,3
2024-08-23,STR001,SKU0002,319,0,False,False,0,7,266,False,0.0,8.82,219,4
2024-08-23,STR001,SKU0003,122,0,False,False,0,0,93,False,0.0,4.34,79,2
2024-08-23,STR001,SKU0004,179,0,True,False,0,0,168,False,0.0,12.12,171,8
2024-08-23,STR001,SKU0005,173,43,True,False,0,0,203,False,0.0,7.14,184,7
2024-08-23,STR002,SKU0001,79,55,True,False,0,3,124,False,0.0,12.23,81,3
2024-08-23,STR002,SKU0002,227,0,False,False,0,6,171,False,0.0,4.2,178,4
2024-08-23,STR002,SKU0003,88,0,False,False,0,0,65,False,0.0,3.7,64,2
2024-08-23,STR002,SKU0004,141,4,True,False,0,1,137,False,0.0,14.75,138,8
2024-08-23,STR002,SKU0005,146,5,True,False,0,0,141,False,0.0,11.75,150,7
2024-08-24,STR001,SKU0001,189,0,False,False,0,12,171,False,0.0,12.87,99,3
2024-08-24,STR001,SKU0002,266,0,False,False,0,7,222,False,0.0,6.45,219,4
2024-08-24,STR001,SKU0003,93,71,True,False,0,0,142,False,0.0,6.41,79,2
2024-08-24,STR001,SKU0004,168,4,True,False,0,0,163,False,0.0,11.89,171,8
2024-08-24,STR001,SKU0005,203,0,False,False,0,0,166,False,0.0,6.25,184,7
2024-08-24,STR002,SKU0001,124,0,False,False,0,6,116,False,0.0,11.44,81,3
2024-08-24,STR002,SKU0002,171,108,True,False,0,8,244,False,0.0,6.21,178,4
2024-08-24,STR002,SKU0003,65,41,True,False,0,0,90,False,0.0,4.85,64,2
2024-08-24,STR002,SKU0004,137,3,True,False,0,0,125,False,0.0,13.06,138,8
2024-08-24,STR002,SKU0005,141,19,True,False,0,0,134,False,0.0,10.54,150,7
2024-08-25,STR001,SKU0001,171,0,False,False,0,9,154,False,0.0,14.18,99,3
2024-08-25,STR001,SKU0002,222,0,False,False,0,3,174,False,0.0,5.23,219,4
2024-08-25,STR001,SKU0003,142,0,False,False,0,0,120,False,0.0,5.15,79,2
2024-08-25,STR001,SKU0004,163,3,True,False,0,0,155,False,0.0,11.79,171,8
2024-08-25,STR001,SKU0005,166,1,True,False,0,0,149,False,0.0,5.58,184,7
2024-08-25,STR002,SKU0001,116,0,False,False,0,7,94,False,0.0,13.16,81,3
2024-08-25,STR002,SKU0002,244,0,False,False,0,5,222,False,0.0,5.82,178,4
2024-08-25,STR002,SKU0003,90,0,False,False,0,0,66,False,0.0,4.16,64,2
2024-08-25,STR002,SKU0004,125,23,True,False,0,0,140,False,0.0,13.61,138,8
2024-08-25,STR002,SKU0005,134,16,True,False,1,0,137,False,0.0,9.89,150,7
2024-08-26,STR001,SKU0001,154,0,False,False,0,12,137,False,0.0,13.51,99,3
2024-08-26,STR001,SKU0002,174,70,True,False,2,5,201,False,0.0,5.74,219,4
2024-08-26,STR001,SKU0003,120,0,False,False,0,0,96,False,0.0,4.28,79,2
2024-08-26,STR001,SKU0004,155,5,True,False,0,0,156,False,0.0,11.74,171,8
2024-08-26,STR001,SKU0005,149,3,True,False,0,0,123,False,0.0,4.76,184,7
2024-08-26,STR002,SKU0001,94,0,False,False,0,4,76,False,0.0,8.58,81,3
2024-08-26,STR002,SKU0002,222,0,False,False,0,4,182,False,0.0,5.24,178,4
2024-08-26,STR002,SKU0003,66,0,False,False,0,0,51,False,0.0,3.0,64,2
2024-08-26,STR002,SKU0004,140,0,False,False,0,0,127,False,0.0,11.85,138,8
2024-08-26,STR002,SKU0005,137,42,True,False,0,0,154,False,0.0,11.47,150,7
2024-08-27,STR001,SKU0001,137,10,True,False,0,7,127,False,0.0,13.07,99,3
2024-08-27,STR001,SKU0002,201,144,True,False,0,8,316,False,0.0,9.22,219,4
2024-08-27,STR001,SKU0003,96,29,True,False,0,0,105,False,0.0,4.68,79,2
2024-08-27,STR001,SKU0004,156,5,True,False,0,0,158,False,0.0,13.49,171,8
2024-08-27,STR001,SKU0005,123,17,True,False,0,0,119,False,0.0,4.53,184,7
2024-08-27,STR002,SKU0001,76,85,True,False,0,10,146,False,0.0,17.03,81,3
2024-08-27,STR002,SKU0002,182,98,True,False,0,8,244,False,0.0,6.89,178,4
2024-08-27,STR002,SKU0003,51,82,True,False,0,0,122,False,0.0,7.06,64,2
2024-08-27,STR002,SKU0004,127,0,True,False,0,1,103,False,0.0,9.13,138,8
2024-08-27,STR002,SKU0005,154,21,True,False,0,0,167,False,0.0,11.46,150,7
2024-08-28,STR001,SKU0001,127,0,False,False,0,5,117,False,0.0,11.87,99,3
2024-08-28,STR001,SKU0002,316,0,False,False,0,11,245,False,0.0,7.46,219,4
2024-08-28,STR001,SKU0003,105,0,False,False,0,0,86,False,0.0,3.83,79,2
2024-08-28,STR001,SKU0004,158,11,True,False,0,0,161,False,0.0,19.43,171,8
2024-08-28,STR001,SKU0005,119,24,True,False,0,0,130,False,0.0,5.03,184,7
2024-08-28,STR002,SKU0001,146,0,False,False,0,7,121,False,0.0,13.66,81,3
2024-08-28,STR002,SKU0002,244,0,False,False,0,10,214,False,0.0,6.66,178,4
2024-08-28,STR002,SKU0003,122,0,False,False,0,0,112,False,0.0,6.27,64,2
2024-08-28,STR002,SKU0004,103,36,True,False,0,0,128,False,0.0,9.43,138,8
2024-08-28,STR002,SKU0005,167,0,False,False,0,0,159,False,0.0,11.36,150,7
2024-08-29,STR001,SKU0001,117,0,False,False,0,6,109,False,0.0,14.67,99,3
2024-08-29,STR001,SKU0002,245,0,False,False,0,2,220,False,0.0,5.58,219,4
2024-08-29,STR001,SKU0003,86,0,False,False,0,0,55,False,0.0,2.42,79,2
2024-08-29,STR001,SKU0004,161,3,True,False,0,0,149,False,0.0,19.68,171,8
2024-08-29,STR001,SKU0005,130,52,True,False,0,0,167,False,0.0,6.68,184,7
2024-08-29,STR002,SKU0001,121,0,False,False,0,3,111,False,0.0,11.43,81,3
2024-08-29,STR002,SKU0002,214,0,False,False,0,2,194,False,0.0,6.38,178,4
2024-08-29,STR002,SKU0003,112,0,False,False,0,0,101,False,0.0,5.84,64,2
2024-08-29,STR002,SKU0004,128,22,True,False,0,0,145,False,0.0,11.67,138,8
2024-08-29,STR002,SKU0005,159,0,False,False,0,0,144,False,0.0,10.08,150,7
2024-08-30,STR001,SKU0001,109,0,False,False,0,4,98,False,0.0,17.59,99,3
2024-08-30,STR001,SKU0002,220,0,False,False,0,3,187,False,0.0,4.88,219,4
2024-08-30,STR001,SKU0003,55,123,True,False,0,0,165,False,0.0,6.92,79,2
2024-08-30,STR001,SKU0004,149,19,True,False,0,0,163,False,0.0,18.7,171,8
2024-08-30,STR001,SKU0005,167,30,True,False,0,0,181,False,0.0,8.68,184,7
2024-08-30,STR002,SKU0001,111,0,False,False,0,7,96,False,0.0,9.88,81,3
2024-08-30,STR002,SKU0002,194,0,False,False,0,3,169,False,0.0,6.04,178,4
2024-08-30,STR002,SKU0003,101,29,True,False,0,0,118,False,0.0,7.51,64,2
2024-08-30,STR002,SKU0004,145,0,False,False,0,0,133,False,0.0,11.35,138,8
2024-08-30,STR002,SKU0005,144,21,True,False,0,0,147,False,0.0,9.89,150,7
2024-08-31,STR001,SKU0001,98,70,True,False,0,9,157,False,0.0,23.89,99,3
2024-08-31,STR001,SKU0002,187,188,True,False,4,20,292,False,0.0,8.11,219,4
2024-08-31,STR001,SKU0003,165,0,False,False,0,0,139,False,0.0,6.44,79,2
2024-08-31,STR001,SKU0004,163,4,True,False,0,0,159,False,0.0,20.24,171,8
2024-08-31,STR001,SKU0005,181,36,True,False,0,0,196,False,0.0,9.21,184,7
2024-08-31,STR002,SKU0001,96,38,True,False,0,5,127,False,0.0,12.88,81,3
2024-08-31,STR002,SKU0002,169,59,True,False,0,4,189,False,0.0,7.88,178,4
2024-08-31,STR002,SKU0003,118,0,False,False,0,0,102,False,0.0,7.21,64,2
2024-08-31,STR002,SKU0004,133,19,True,False,0,0,148,False,0.0,11.91,138,8
2024-08-31,STR002,SKU0005,147,1,True,False,0,0,137,False,0.0,8.56,150,7
2024-09-01,STR001,SKU0001,157,0,False,False,0,4,146,False,0.0,24.33,99,3
2024-09-01,STR001,SKU0002,292,17,True,False,0,10,226,False,0.0,5.77,219,4
2024-09-01,STR001,SKU0003,139,0,False,False,0,0,110,False,0.0,4.97,79,2
2024-09-01,STR001,SKU0004,159,1,True,False,0,0,158,False,0.0,20.48,171,8
2024-09-01,STR001,SKU0005,196,0,False,False,0,0,161,False,0.0,8.47,184,7
2024-09-01,STR002,SKU0001,127,0,False,False,0,1,114,False,0.0,11.57,81,3
2024-09-01,STR002,SKU0002,189,63,True,False,0,6,197,False,0.0,7.84,178,4
2024-09-01,STR002,SKU0003,102,0,False,False,0,0,79,False,0.0,5.59,64,2
2024-09-01,STR002,SKU0004,148,1,True,False,0,0,138,False,0.0,12.71,138,8
2024-09-01,STR002,SKU0005,137,2,True,False,0,0,130,False,0.0,9.38,150,7
2024-09-02,STR001,SKU0001,146,0,False,False,0,7,129,False,0.0,22.02,99,3
2024-09-02,STR001,SKU0002,226,0,False,False,0,4,172,False,0.0,3.99,219,4
2024-09-02,STR001,SKU0003,110,51,True,False,0,0,146,False,0.0,6.31,79,2
2024-09-02,STR001,SKU0004,158,2,True,False,0,1,143,False,0.0,22.24,171,8
2024-09-02,STR001,SKU0005,161,36,True,False,0,0,174,False,0.0,8.12,184,7
2024-09-02,STR002,SKU0001,114,0,False,False,0,3,92,False,0.0,9.76,81,3
2024-09-02,STR002,SKU0002,197,0,False,False,0,5,165,False,0.0,5.55,178,4
2024-09-02,STR002,SKU0003,79,54,True,False,0,0,115,False,0.0,8.21,64,2
2024-09-02,STR002,SKU0004,138,0,False,False,0,0,132,False,0.0,11.7,138,8
2024-09-02,STR002,SKU0005,130,20,True,False,0,0,138,False,0.0,10.28,150,7
2024-09-03,STR001,SKU0001,129,0,False,False,0,4,118,False,0.0,17.96,99,3
2024-09-03,STR001,SKU0002,172,172,True,False,1,10,282,False,0.0,6.25,219,4
2024-09-03,STR001,SKU0003,146,0,False,False,0,0,138,False,0.0,6.31,79,2
2024-09-03,STR001,SKU0004,143,5,True,False,0,0,139,False,0.0,17.07,171,8
2024-09-03,STR001,SKU0005,174,1,True,False,0,1,163,False,0.0,7.92,184,7
2024-09-03,STR002,SKU0001,92,0,False,False,0,2,81,False,0.0,7.99,81,3
2024-09-03,STR002,SKU0002,165,114,True,False,4,9,247,False,0.0,8.69,178,4
2024-09-03,STR002,SKU0003,115,0,False,False,0,0,106,False,0.0,7.35,64,2
2024-09-03,STR002,SKU0004,132,4,True,False,0,0,122,False,0.0,11.86,138,8
2024-09-03,STR002,SKU0005,138,25,True,False,0,0,142,False,0.0,12.27,150,7
2024-09-04,STR001,SKU0001,118,5,True,False,0,12,91,False,0.0,15.92,99,3
2024-09-04,STR001,SKU0002,282,0,False,False,0,8,234,False,0.0,4.73,219,4
2024-09-04,STR001,SKU0003,138,0,False,False,0,0,121,False,0.0,6.01,79,2
2024-09-04,STR001,SKU0004,139,1,True,False,0,0,122,False,0.0,13.56,171,8
2024-09-04,STR001,SKU0005,163,1,True,False,0,0,144,False,0.0,7.52,184,7
2024-09-04,STR002,SKU0001,81,84,True,False,0,14,141,False,0.0,13.16,81,3
2024-09-04,STR002,SKU0002,247,0,False,False,0,10,220,False,0.0,8.11,178,4
2024-09-04,STR002,SKU0003,106,0,False,False,0,0,92,False,0.0,6.51,64,2
2024-09-04,STR002,SKU0004,122,1,True,False,0,0,105,False,0.0,11.67,138,8
2024-09-04,STR002,SKU0005,142,23,True,False,0,0,156,False,0.0,11.62,150,7
2024-09-05,STR001,SKU0001,91,25,True,False,0,4,99,False,0.0,12.6,99,3
2024-09-05,STR001,SKU0002,234,0,False,False,0,7,209,False,0.0,4.49,219,4
2024-09-05,STR001,SKU0003,121,2,True,False,0,0,101,False,0.0,5.09,79,2
2024-09-05,STR001,SKU0004,122,5,True,False,0,0,122,False,0.0,11.7,171,8
2024-09-05,STR001,SKU0005,144,3,True,False,0,0,122,False,0.0,6.06,184,7
2024-09-05,STR002,SKU0001,141,0,False,False,0,13,119,False,0.0,12.43,81,3
2024-09-05,STR002,SKU0002,220,0,False,False,0,4,189,False,0.0,7.07,178,4
2024-09-05,STR002,SKU0003,92,0,True,True,0,0,82,False,0.0,5.57,64,2
2024-09-05,STR002,SKU0004,105,21,True,False,0,0,118,False,0.0,11.8,138,8
2024-09-05,STR002,SKU0005,156,0,False,False,0,0,151,False,0.0,11.13,150,7
2024-09-06,STR001,SKU0001,99,0,False,False,0,5,86,False,0.0,9.12,99,3
2024-09-06,STR001,SKU0002,209,71,True,False,0,8,245,False,0.0,5.34,219,4
2024-09-06,STR001,SKU0003,101,0,False,False,0,0,87,False,0.0,4.68,79,2
2024-09-06,STR001,SKU0004,122,14,True,False,0,0,132,False,0.0,14.67,171,8
2024-09-06,STR001,SKU0005,122,60,True,False,0,0,163,False,0.0,7.56,184,7
2024-09-06,STR002,SKU0001,119,0,False,False,0,5,109,False,0.0,11.06,81,3
2024-09-06,STR002,SKU0002,189,37,True,False,0,5,194,False,0.0,6.93,178,4
2024-09-06,STR002,SKU0003,82,0,False,False,0,0,63,False,0.0,4.32,64,2
2024-09-06,STR002,SKU0004,118,3,True,False,0,0,108,False,0.0,10.36,138,8
2024-09-06,STR002,SKU0005,151,0,False,False,0,0,128,False,0.0,10.54,150,7
2024-09-07,STR001,SKU0001,86,60,True,False,0,6,126,False,0.0,13.16,99,3
2024-09-07,STR001,SKU0002,245,0,False,False,0,4,177,False,0.0,3.9,219,4
2024-09-07,STR001,SKU0003,87,0,False,False,0,0,72,False,0.0,3.85,79,2
2024-09-07,STR001,SKU0004,132,2,True,False,0,0,131,False,0.0,14.79,171,8
2024-09-07,STR001,SKU0005,163,1,True,False,0,0,148,False,0.0,6.73,184,7
2024-09-07,STR002,SKU0001,109,0,False,False,0,3,95,False,0.0,10.08,81,3
2024-09-07,STR002,SKU0002,194,0,False,False,0,2,165,False,0.0,5.75,178,4
2024-09-07,STR002,SKU0003,63,96,True,False,1,0,147,False,0.0,9.44,64,2
2024-09-07,STR002,SKU0004,108,16,True,False,0,0,119,False,0.0,11.26,138,8
2024-09-07,STR002,SKU0005,128,3,True,False,0,0,104,False,0.0,8.09,150,7
2024-09-08,STR001,SKU0001,126,38,True,False,0,11,144,False,0.0,12.76,99,3
2024-09-08,STR001,SKU0002,177,0,True,True,0,2,146,False,0.0,3.16,219,4
2024-09-08,STR001,SKU0003,72,105,True,False,0,0,166,False,0.0,9.68,79,2
2024-09-08,STR001,SKU0004,131,5,True,False,0,0,128,False,0.0,15.72,171,8
2024-09-08,STR001,SKU0005,148,11,True,False,0,0,128,False,0.0,6.01,184,7
2024-09-08,STR002,SKU0001,95,10,True,False,0,3,100,False,0.0,9.33,81,3
2024-09-08,STR002,SKU0002,165,60,True,False,1,4,195,False,0.0,7.07,178,4
2024-09-08,STR002,SKU0003,147,5,True,False,0,0,135,False,0.0,9.09,64,2
2024-09-08,STR002,SKU0004,119,3,True,False,0,0,102,False,0.0,9.52,138,8
2024-09-08,STR002,SKU0005,104,11,True,False,1,0,96,False,0.0,6.34,150,7
2024-09-09,STR001,SKU0001,144,0,False,False,0,10,123,False,0.0,10.63,99,3
2024-09-09,STR001,SKU0002,146,260,True,False,1,20,369,False,0.0,9.26,219,4
2024-09-09,STR001,SKU0003,166,0,False,False,0,0,153,False,0.0,10.5,79,2
2024-09-09,STR001,SKU0004,128,4,True,False,0,0,128,False,0.0,14.22,171,8
2024-09-09,STR001,SKU0005,128,16,True,False,0,0,130,False,0.0,6.28,184,7
2024-09-09,STR002,SKU0001,100,0,False,False,0,4,88,False,0.0,9.48,81,3
2024-09-09,STR002,SKU0002,195,0,False,False,0,4,144,False,0.0,5.96,178,4
2024-09-09,STR002,SKU0003,135,0,False,False,0,0,129,False,0.0,9.21,64,2
2024-09-09,STR002,SKU0004,102,6,True,False,0,0,103,False,0.0,8.58,138,8
2024-09-09,STR002,SKU0005,96,22,True,False,0,0,114,False,0.0,6.94,150,7
2024-09-10,STR001,SKU0001,123,0,False,False,0,3,118,False,0.0,10.07,99,3
2024-09-10,STR001,SKU0002,369,0,False,False,0,18,325,False,0.0,9.29,219,4
2024-09-10,STR001,SKU0003,153,0,False,False,0,0,135,False,0.0,9.45,79,2
2024-09-10,STR001,SKU0004,128,25,True,False,1,0,144,False,0.0,19.76,171,8
2024-09-10,STR001,SKU0005,130,10,True,False,0,0,121,False,0.0,6.23,184,7
2024-09-10,STR002,SKU0001,88,0,False,False,0,1,62,False,0.0,8.04,81,3
2024-09-10,STR002,SKU0002,144,54,True,False,0,6,176,False,0.0,6.52,178,4
2024-09-10,STR002,SKU0003,129,0,False,False,0,0,120,False,0.0,9.77,64,2
2024-09-10,STR002,SKU0004,103,23,True,False,0,0,123,False,0.0,10.37,138,8
2024-09-10,STR002,SKU0005,114,16,True,False,0,0,122,False,0.0,7.98,150,7
2024-09-11,STR001,SKU0001,118,0,False,False,0,6,104,False,0.0,9.45,99,3
2024-09-11,STR001,SKU0002,325,119,True,False,0,21,384,False,0.0,12.22,219,4
2024-09-11,STR001,SKU0003,135,4,True,False,0,0,119,False,0.0,7.57,79,2
2024-09-11,STR001,SKU0004,144,8,True,False,0,0,136,False,0.0,19.04,171,8
2024-09-11,STR001,SKU0005,121,57,True,False,0,0,155,False,0.0,7.53,184,7
2024-09-11,STR002,SKU0001,62,44,True,False,0,2,92,False,0.0,9.2,81,3
2024-09-11,STR002,SKU0002,176,0,True,False,0,4,140,False,0.0,5.27,178,4
2024-09-11,STR002,SKU0003,120,5,True,False,0,0,114,False,0.0,9.28,64,2
2024-09-11,STR002,SKU0004,123,2,True,False,0,0,123,False,0.0,11.96,138,8
2024-09-11,STR002,SKU0005,122,3,True,False,0,0,125,False,0.0,9.31,150,7
2024-09-12,STR001,SKU0001,104,42,True,False,0,8,130,False,0.0,14.0,99,3
2024-09-12,STR001,SKU0002,384,0,False,False,0,19,340,False,0.0,10.87,219,4
2024-09-12,STR001,SKU0003,119,0,False,False,0,0,98,False,0.0,6.07,79,2
2024-09-12,STR001,SKU0004,136,2,True,False,0,0,135,False,0.0,19.69,171,8
2024-09-12,STR001,SKU0005,155,28,True,False,0,0,159,False,0.0,7.57,184,7
2024-09-12,STR002,SKU0001,92,55,True,False,0,10,127,False,0.0,12.35,81,3
2024-09-12,STR002,SKU0002,140,83,True,False,1,7,184,False,0.0,6.41,178,4
2024-09-12,STR002,SKU0003,114,0,False,False,0,0,90,False,0.0,7.59,64,2
2024-09-12,STR002,SKU0004,123,26,True,False,0,0,149,False,0.0,18.62,138,8
2024-09-12,STR002,SKU0005,125,38,True,False,0,0,157,False,0.0,12.93,150,7
2024-09-13,STR001,SKU0001,130,0,False,False,0,11,104,False,0.0,12.13,99,3
2024-09-13,STR001,SKU0002,340,0,False,False,0,9,300,False,0.0,9.29,219,4
2024-09-13,STR001,SKU0003,98,0,False,False,0,0,71,False,0.0,4.44,79,2
2024-09-13,STR001,SKU0004,135,5,True,False,0,0,130,False,0.0,19.78,171,8
2024-09-13,STR001,SKU0005,159,0,True,False,0,0,152,False,0.0,7.29,184,7
2024-09-13,STR002,SKU0001,127,0,False,False,0,3,112,False,0.0,10.74,81,3
2024-09-13,STR002,SKU0002,184,0,False,False,0,4,175,False,0.0,5.98,178,4
2024-09-13,STR002,SKU0003,90,0,False,False,0,0,75,False,0.0,5.41,64,2
2024-09-13,STR002,SKU0004,149,0,False,False,0,0,145,False,0.0,21.15,138,8
2024-09-13,STR002,SKU0005,157,0,False,False,0,0,139,False,0.0,11.31,150,7
2024-09-14,STR001,SKU0001,104,0,False,False,0,2,96,False,0.0,10.03,99,3
2024-09-14,STR001,SKU0002,300,0,False,False,0,8,261,False,0.0,7.94,219,4
2024-09-14,STR001,SKU0003,71,109,True,False,0,1,155,False,0.0,8.68,79,2
2024-09-14,STR001,SKU0004,130,3,True,False,0,0,118,False,0.0,15.88,171,8
2024-09-14,STR001,SKU0005,152,10,True,False,0,0,139,False,0.0,7.26,184,7
2024-09-14,STR002,SKU0001,112,0,False,False,0,2,103,False,0.0,9.01,81,3
2024-09-14,STR002,SKU0002,175,102,True,False,0,12,233,False,0.0,8.91,178,4
2024-09-14,STR002,SKU0003,75,41,True,False,0,0,101,False,0.0,7.6,64,2
2024-09-14,STR002,SKU0004,145,0,False,False,0,0,127,False,0.0,22.79,138,8
2024-09-14,STR002,SKU0005,139,37,True,False,0,0,158,False,0.0,13.65,150,7
2024-09-15,STR001,SKU0001,96,19,True,False,1,2,111,False,0.0,13.17,99,3
2024-09-15,STR001,SKU0002,261,0,False,False,0,6,208,False,0.0,7.39,219,4
2024-09-15,STR001,SKU0003,155,0,False,False,0,0,141,False,0.0,7.37,79,2
2024-09-15,STR001,SKU0004,118,5,True,False,0,0,113,False,0.0,12.36,171,8
2024-09-15,STR001,SKU0005,139,39,True,False,0,0,170,False,0.0,8.44,184,7
2024-09-15,STR002,SKU0001,103,0,False,False,0,4,87,False,0.0,8.01,81,3
2024-09-15,STR002,SKU0002,233,0,False,False,0,9,198,False,0.0,7.37,178,4
2024-09-15,STR002,SKU0003,101,0,False,False,0,0,89,False,0.0,6.42,64,2
2024-09-15,STR002,SKU0004,127,2,True,False,0,0,127,False,0.0,17.1,138,8
2024-09-15,STR002,SKU0005,158,0,False,False,0,0,140,False,0.0,13.61,150,7
2024-09-16,STR001,SKU0001,111,1,True,False,0,5,85,False,0.0,11.67,99,3
2024-09-16,STR001,SKU0002,208,69,True,False,2,12,236,False,0.0,7.68,219,4
2024-09-16,STR001,SKU0003,141,0,False,False,0,0,121,False,0.0,6.18,79,2
2024-09-16,STR001,SKU0004,113,5,True,False,0,0,98,False,0.0,10.39,171,8
2024-09-16,STR001,SKU0005,170,12,True,False,0,0,167,False,0.0,9.91,184,7
2024-09-16,STR002,SKU0001,87,32,True,False,1,4,99,False,0.0,8.06,81,3
2024-09-16,STR002,SKU0002,198,5,True,False,0,3,173,False,0.0,6.41,178,4
2024-09-16,STR002,SKU0003,89,0,False,False,0,0,70,False,0.0,5.33,64,2
2024-09-16,STR002,SKU0004,127,0,True,False,0,0,120,False,0.0,24.71,138,8
2024-09-16,STR002,SKU0005,140,0,True,False,0,0,123,False,0.0,11.96,150,7
2024-09-17,STR001,SKU0001,85,49,True,False,0,7,105,False,0.0,11.85,99,3
2024-09-17,STR001,SKU0002,236,0,False,False,0,6,207,False,0.0,6.41,219,4
2024-09-17,STR001,SKU0003,121,22,True,False,0,0,115,False,0.0,5.59,79,2
2024-09-17,STR001,SKU0004,98,37,True,False,0,0,129,False,0.0,11.01,171,8
2024-09-17,STR001,SKU0005,167,35,True,False,0,0,183,False,0.0,10.76,184,7
2024-09-17,STR002,SKU0001,99,0,False,False,0,3,94,False,0.0,7.08,81,3
2024-09-17,STR002,SKU0002,173,108,True,False,1,13,224,False,0.0,9.28,178,4
2024-09-17,STR002,SKU0003,70,89,True,False,0,1,151,False,0.0,10.07,64,2
2024-09-17,STR002,SKU0004,120,4,True,False,0,0,112,False,0.0,21.78,138,8
2024-09-17,STR002,SKU0005,123,1,True,False,0,0,101,False,0.0,8.32,150,7
2024-09-18,STR001,SKU0001,105,0,False,False,0,3,85,False,0.0,7.26,99,3
2024-09-18,STR001,SKU0002,207,69,True,False,0,8,247,False,0.0,7.75,219,4
2024-09-18,STR001,SKU0003,115,0,False,False,0,0,86,False,0.0,3.91,79,2
2024-09-18,STR001,SKU0004,129,21,True,False,1,1,133,False,0.0,11.64,171,8
2024-09-18,STR001,SKU0005,183,0,True,False,0,0,174,False,0.0,10.24,184,7
2024-09-18,STR002,SKU0001,94,0,False,False,0,3,84,False,0.0,8.4,81,3
2024-09-18,STR002,SKU0002,224,0,False,False,0,4,188,False,0.0,6.71,178,4
2024-09-18,STR002,SKU0003,151,0,False,False,0,0,143,False,0.0,9.72,64,2
2024-09-18,STR002,SKU0004,112,4,True,False,0,0,99,False,0.0,15.4,138,8
2024-09-18,STR002,SKU0005,101,29,True,False,0,0,118,False,0.0,8.26,150,7
2024-09-19,STR001,SKU0001,85,98,True,False,0,11,159,False,0.0,12.23,99,3
2024-09-19,STR001,SKU0002,247,0,False,False,0,3,214,False,0.0,7.31,219,4
2024-09-19,STR001,SKU0003,86,0,False,False,0,0,62,False,0.0,2.66,79,2
2024-09-19,STR001,SKU0004,133,33,True,False,1,0,151,False,0.0,13.38,171,8
2024-09-19,STR001,SKU0005,174,0,True,False,0,0,165,False,0.0,11.0,184,7
2024-09-19,STR002,SKU0001,84,0,False,False,0,5,69,False,0.0,7.43,81,3
2024-09-19,STR002,SKU0002,188,0,False,False,0,3,166,False,0.0,5.93,178,4
2024-09-19,STR002,SKU0003,143,0,False,False,0,0,119,False,0.0,8.33,64,2
2024-09-19,STR002,SKU0004,99,2,True,False,0,0,85,False,0.0,9.92,138,8
2024-09-19,STR002,SKU0005,118,3,True,False,0,0,113,False,0.0,7.06,150,7
2024-09-20,STR001,SKU0001,159,1,True,False,0,14,132,False,0.0,9.62,99,3
2024-09-20,STR001,SKU0002,214,94,True,False,1,9,277,False,0.0,9.23,219,4
2024-09-20,STR001,SKU0003,62,83,True,False,0,1,127,False,0.0,5.36,79,2
2024-09-20,STR001,SKU0004,151,1,True,False,0,0,135,False,0.0,10.5,171,8
2024-09-20,STR001,SKU0005,165,1,True,False,0,0,155,False,0.0,12.06,184,7
2024-09-20,STR002,SKU0001,69,94,True,False,1,10,145,False,0.0,15.62,81,3
2024-09-20,STR002,SKU0002,166,35,True,False,0,4,182,False,0.0,6.92,178,4
2024-09-20,STR002,SKU0003,119,28,True,False,0,0,130,False,0.0,9.1,64,2
2024-09-20,STR002,SKU0004,85,40,True,False,0,0,113,False,0.0,10.41,138,8
2024-09-20,STR002,SKU0005,113,20,True,False,0,0,110,False,0.0,6.75,150,7
2024-09-21,STR001,SKU0001,132,0,False,False,0,4,113,False,0.0,8.33,99,3
2024-09-21,STR001,SKU0002,277,103,True,False,0,15,318,False,0.0,11.13,219,4
2024-09-21,STR001,SKU0003,127,0,False,False,0,1,97,False,0.0,4.35,79,2
2024-09-21,STR001,SKU0004,135,3,True,False,0,0,128,False,0.0,9.24,171,8
2024-09-21,STR001,SKU0005,155,43,True,False,0,0,174,False,0.0,12.96,184,7
2024-09-21,STR002,SKU0001,145,0,False,False,0,8,123,False,0.0,14.35,81,3
2024-09-21,STR002,SKU0002,182,99,True,False,0,14,232,False,0.0,8.37,178,4
2024-09-21,STR002,SKU0003,130,0,False,False,0,0,119,False,0.0,8.17,64,2
2024-09-21,STR002,SKU0004,113,0,True,False,0,0,103,False,0.0,8.58,138,8
2024-09-21,STR002,SKU0005,110,4,True,False,0,0,90,False,0.0,5.29,150,7
2024-09-22,STR001,SKU0001,113,0,False,False,0,1,104,False,0.0,7.0,99,3
2024-09-22,STR001,SKU0002,318,0,False,False,0,7,280,False,0.0,9.07,219,4
2024-09-22,STR001,SKU0003,97,0,False,False,0,0,77,False,0.0,3.35,79,2
2024-09-22,STR001,SKU0004,128,0,True,False,0,0,110,False,0.0,8.37,171,8
2024-09-22,STR001,SKU0005,174,2,True,False,0,0,162,False,0.0,11.94,184,7
2024-09-22,STR002,SKU0001,123,0,False,False,0,10,92,False,0.0,9.61,81,3
2024-09-22,STR002,SKU0002,232,0,False,False,0,10,186,False,0.0,6.61,178,4
2024-09-22,STR002,SKU0003,119,0,False,False,0,0,99,False,0.0,7.07,64,2
2024-09-22,STR002,SKU0004,103,7,True,False,0,1,86,False,0.0,7.92,138,8
2024-09-22,STR002,SKU0005,90,12,True,False,0,0,87,False,0.0,4.87,150,7
2024-09-23,STR001,SKU0001,104,0,False,False,0,2,87,False,0.0,5.49,99,3
2024-09-23,STR001,SKU0002,280,0,False,False,0,9,221,False,0.0,7.74,219,4
2024-09-23,STR001,SKU0003,77,52,True,False,0,0,98,False,0.0,4.11,79,2
2024-09-23,STR001,SKU0004,110,74,True,False,0,0,175,False,0.0,12.25,171,8
2024-09-23,STR001,SKU0005,162,1,True,False,0,0,148,False,0.0,10.26,184,7
2024-09-23,STR002,SKU0001,92,0,False,False,0,5,70,False,0.0,6.45,81,3
2024-09-23,STR002,SKU0002,186,0,False,False,0,6,168,False,0.0,5.68,178,4
2024-09-23,STR002,SKU0003,99,34,True,False,0,0,122,False,0.0,8.06,64,2
2024-09-23,STR002,SKU0004,86,10,True,False,0,0,68,False,0.0,4.91,138,8
2024-09-23,STR002,SKU0005,87,76,True,False,0,0,152,False,0.0,8.72,150,7
2024-09-24,STR001,SKU0001,87,29,True,False,0,6,88,False,0.0,5.92,99,3
2024-09-24,STR001,SKU0002,221,0,False,False,0,7,186,False,0.0,5.84,219,4
2024-09-24,STR001,SKU0003,98,0,False,False,0,0,80,False,0.0,3.15,79,2
2024-09-24,STR001,SKU0004,175,0,False,False,0,0,164,False,0.0,12.9,171,8
2024-09-24,STR001,SKU0005,148,12,True,False,0,0,128,False,0.0,8.87,184,7
2024-09-24,STR002,SKU0001,70,24,True,False,0,5,78,False,0.0,7.0,81,3
2024-09-24,STR002,SKU0002,168,82,True,False,0,6,227,False,0.0,8.28,178,4
2024-09-24,STR002,SKU0003,122,0,False,False,0,0,112,False,0.0,8.0,64,2
2024-09-24,STR002,SKU0004,68,27,True,False,0,0,93,False,0.0,5.52,138,8
2024-09-24,STR002,SKU0005,152,0,False,False,0,0,139,False,0.0,8.39,150,7
2024-09-25,STR001,SKU0001,88,60,True,False,1,7,125,False,0.0,8.41,99,3
2024-09-25,STR001,SKU0002,186,191,True,False,1,10,326,False,0.0,10.01,219,4
2024-09-25,STR001,SKU0003,80,0,False,False,0,0,47,False,0.0,1.96,79,2
2024-09-25,STR001,SKU0004,164,2,True,False,0,0,159,False,0.0,11.84,171,8
2024-09-25,STR001,SKU0005,128,33,True,False,0,0,150,False,0.0,9.21,184,7
2024-09-25,STR002,SKU0001,78,13,True,False,0,3,85,False,0.0,6.84,81,3
2024-09-25,STR002,SKU0002,227,0,False,False,0,0,210,False,0.0,8.86,178,4
2024-09-25,STR002,SKU0003,112,0,False,False,0,0,100,False,0.0,6.93,64,2
2024-09-25,STR002,SKU0004,93,20,True,False,0,0,109,False,0.0,7.06,138,8
2024-09-25,STR002,SKU0005,139,1,True,False,0,0,129,False,0.0,8.52,150,7
2024-09-26,STR001,SKU0001,125,0,False,False,0,3,102,False,0.0,7.0,99,3
2024-09-26,STR001,SKU0002,326,0,True,False,0,15,261,False,0.0,7.4,219,4
2024-09-26,STR001,SKU0003,47,83,True,False,0,0,105,False,0.0,4.27,79,2
2024-09-26,STR001,SKU0004,159,26,True,False,0,0,181,False,0.0,14.73,171,8
2024-09-26,STR001,SKU0005,150,48,True,False,0,0,185,False,0.0,11.16,184,7
2024-09-26,STR002,SKU0001,85,0,False,False,0,7,69,False,0.0,5.82,81,3
2024-09-26,STR002,SKU0002,210,3,True,False,0,2,194,False,0.0,8.99,178,4
2024-09-26,STR002,SKU0003,100,32,True,False,0,0,119,False,0.0,7.93,64,2
2024-09-26,STR002,SKU0004,109,40,True,False,0,0,143,False,0.0,10.54,138,8
2024-09-26,STR002,SKU0005,129,4,True,False,0,0,127,False,0.0,8.47,150,7
2024-09-27,STR001,SKU0001,102,0,False,False,0,2,74,False,0.0,4.75,99,3
2024-09-27,STR001,SKU0002,261,0,False,False,0,5,221,False,0.0,5.79,219,4
2024-09-27,STR001,SKU0003,105,0,False,False,0,0,90,False,0.0,3.64,79,2
2024-09-27,STR001,SKU0004,181,0,False,False,0,0,172,False,0.0,15.84,171,8
2024-09-27,STR001,SKU0005,185,0,False,False,0,0,176,False,0.0,10.27,184,7
2024-09-27,STR002,SKU0001,69,81,True,False,1,7,129,False,0.0,11.01,81,3
2024-09-27,STR002,SKU0002,194,0,False,False,0,3,170,False,0.0,7.99,178,4
2024-09-27,STR002,SKU0003,119,0,False,False,0,0,108,False,0.0,8.04,64,2
2024-09-27,STR002,SKU0004,143,0,False,False,0,0,137,False,0.0,11.28,138,8
2024-09-27,STR002,SKU0005,127,4,True,False,0,0,118,False,0.0,8.02,150,7
2024-09-28,STR001,SKU0001,74,57,True,False,1,0,117,False,0.0,6.77,99,3
2024-09-28,STR001,SKU0002,221,0,False,False,0,3,191,False,0.0,4.76,219,4
2024-09-28,STR001,SKU0003,90,0,False,False,0,0,76,False,0.0,3.11,79,2
2024-09-28,STR001,SKU0004,172,3,True,False,0,0,171,False,0.0,17.6,171,8
2024-09-28,STR001,SKU0005,176,3,True,False,0,0,163,False,0.0,9.67,184,7
2024-09-28,STR002,SKU0001,129,34,True,False,0,8,135,False,0.0,10.74,81,3
2024-09-28,STR002,SKU0002,170,109,True,False,0,2,170,False,0.0,7.68,178,4
2024-09-28,STR002,SKU0003,108,0,False,False,0,0,64,False,0.0,5.09,64,2
2024-09-28,STR002,SKU0004,137,4,True,False,0,0,135,False,0.0,11.96,138,8
2024-09-28,STR002,SKU0005,118,29,True,False,1,0,137,False,0.0,10.31,150,7
2024-09-29,STR001,SKU0001,117,0,False,False,0,0,102,False,0.0,6.0,99,3
2024-09-29,STR001,SKU0002,191,184,True,False,0,16,318,False,0.0,8.53,219,4
2024-09-29,STR001,SKU0003,76,51,True,False,0,0,110,False,0.0,4.94,79,2
2024-09-29,STR001,SKU0004,171,0,False,False,0,0,151,False,0.0,17.05,171,8
2024-09-29,STR001,SKU0005,163,35,True,False,0,0,186,False,0.0,11.84,184,7
2024-09-29,STR002,SKU0001,135,0,False,False,0,4,120,False,0.0,8.94,81,3
2024-09-29,STR002,SKU0002,170,109,True,False,0,4,182,False,0.0,5.61,178,4
2024-09-29,STR002,SKU0003,64,41,True,False,0,0,42,False,0.0,2.43,64,2
2024-09-29,STR002,SKU0004,135,2,True,False,0,0,124,False,0.0,11.57,138,8
2024-09-29,STR002,SKU0005,137,4,True,False,0,0,119,False,0.0,10.68,150,7
2024-09-30,STR001,SKU0001,102,0,False,False,0,2,85,False,0.0,4.72,99,3
2024-09-30,STR001,SKU0002,318,0,False,False,0,17,282,False,0.0,7.28,219,4
2024-09-30,STR001,SKU0003,110,0,False,False,0,0,91,False,0.0,4.16,79,2
2024-09-30,STR001,SKU0004,151,0,True,False,0,0,134,False,0.0,14.66,171,8
2024-09-30,STR001,SKU0005,186,0,False,False,0,0,177,False,0.0,11.47,184,7
2024-09-30,STR002,SKU0001,120,0,False,False,0,6,105,False,0.0,8.75,81,3
2024-09-30,STR002,SKU0002,182,0,False,False,0,2,116,False,0.0,2.86,178,4
2024-09-30,STR002,SKU0003,42,118,True,False,1,0,76,False,0.0,3.24,64,2
2024-09-30,STR002,SKU0004,124,0,True,False,0,0,116,False,0.0,12.49,138,8
2024-09-30,STR002,SKU0005,119,45,True,False,0,0,147,False,0.0,12.11,150,7
2024-10-01,STR001,SKU0001,85,0,True,True,0,1,74,False,0.0,4.11,99,3
2024-10-01,STR001,SKU0002,282,1,True,False,0,10,233,False,0.0,6.8,219,4
2024-10-01,STR001,SKU0003,91,0,False,False,0,0,68,False,0.0,3.38,79,2
2024-10-01,STR001,SKU0004,134,21,True,False,0,0,138,False,0.0,13.42,171,8
2024-10-01,STR001,SKU0005,177,1,True,False,0,0,166,False,0.0,11.39,184,7
2024-10-01,STR002,SKU0001,105,0,False,False,0,4,97,False,0.0,8.93,81,3
2024-10-01,STR002,SKU0002,116,137,True,False,1,3,235,False,0.0,4.9,178,4
2024-10-01,STR002,SKU0003,76,0,False,False,0,0,45,False,0.0,1.33,64,2
2024-10-01,STR002,SKU0004,116,3,True,False,0,0,109,False,0.0,16.96,138,8
2024-10-01,STR002,SKU0005,147,0,True,False,0,0,140,False,0.0,10.77,150,7
2024-10-02,STR001,SKU0001,74,112,True,False,1,12,163,False,0.0,10.01,99,3
2024-10-02,STR001,SKU0002,233,0,False,False,0,8,182,False,0.0,5.06,219,4
2024-10-02,STR001,SKU0003,68,44,True,False,0,0,94,False,0.0,4.51,79,2
2024-10-02,STR001,SKU0004,138,17,True,False,0,0,152,False,0.0,13.64,171,8
2024-10-02,STR001,SKU0005,166,4,True,False,0,0,158,False,0.0,13.49,184,7
2024-10-02,STR002,SKU0001,97,65,True,False,0,15,134,False,0.0,13.59,81,3
2024-10-02,STR002,SKU0002,235,0,False,False,0,8,203,False,0.0,4.27,178,4
2024-10-02,STR002,SKU0003,45,88,True,False,1,0,65,False,0.0,1.77,64,2
2024-10-02,STR002,SKU0004,109,14,True,False,0,0,114,False,0.0,15.06,138,8
2024-10-02,STR002,SKU0005,140,1,True,False,0,0,127,False,0.0,10.46,150,7
2024-10-03,STR001,SKU0001,163,30,False,False,0,13,168,False,0.0,10.79,99,3
2024-10-03,STR001,SKU0002,182,163,True,False,0,15,307,False,0.0,8.43,219,4
2024-10-03,STR001,SKU0003,94,0,False,False,0,1,85,False,0.0,4.54,79,2
2024-10-03,STR001,SKU0004,152,34,True,False,0,0,161,False,0.0,15.23,171,8
2024-10-03,STR001,SKU0005,158,43,True,False,0,0,177,False,0.0,14.93,184,7
2024-10-03,STR002,SKU0001,134,0,False,False,0,9,124,False,0.0,10.99,81,3
2024-10-03,STR002,SKU0002,203,0,False,False,0,0,178,False,0.0,3.66,178,4
2024-10-03,STR002,SKU0003,65,0,False,False,0,0,25,False,0.0,0.56,64,2
2024-10-03,STR002,SKU0004,114,4,True,False,0,0,113,False,0.0,13.64,138,8
2024-10-03,STR002,SKU0005,127,52,True,False,0,0,175,False,0.0,13.92,150,7
2024-10-04,STR001,SKU0001,168,0,False,False,0,11,138,False,0.0,9.56,99,3
2024-10-04,STR001,SKU0002,307,0,False,False,0,11,277,False,0.0,8.5,219,4
2024-10-04,STR001,SKU0003,85,0,False,False,0,0,66,False,0.0,4.05,79,2
2024-10-04,STR001,SKU0004,161,0,True,False,0,0,152,False,0.0,11.2,171,8
2024-10-04,STR001,SKU0005,177,3,True,False,0,0,153,False,0.0,11.39,184,7
2024-10-04,STR002,SKU0001,124,0,False,False,0,7,109,False,0.0,10.75,81,3
2024-10-04,STR002,SKU0002,178,0,False,False,0,4,158,False,0.0,3.18,178,4
2024-10-04,STR002,SKU0003,25,131,True,False,0,0,95,False,0.0,1.96,64,2
2024-10-04,STR002,SKU0004,113,13,True,False,0,0,115,False,0.0,14.12,138,8
2024-10-04,STR002,SKU0005,175,0,False,False,0,0,167,False,0.0,13.59,150,7
2024-10-05,STR001,SKU0001,138,0,False,False,0,3,118,False,0.0,8.79,99,3
2024-10-05,STR001,SKU0002,277,0,False,False,0,5,241,False,0.0,7.96,219,4
2024-10-05,STR001,SKU0003,66,80,True,False,0,0,127,False,0.0,7.53,79,2
2024-10-05,STR001,SKU0004,152,1,True,False,0,0,137,False,0.0,10.09,171,8
2024-10-05,STR001,SKU0005,153,30,True,False,0,0,156,False,0.0,9.75,184,7
2024-10-05,STR002,SKU0001,109,0,False,False,0,2,99,False,0.0,10.5,81,3
2024-10-05,STR002,SKU0002,158,95,True,False,1,10,213,False,0.0,4.35,178,4
2024-10-05,STR002,SKU0003,95,23,True,False,0,0,64,False,0.0,1.15,64,2
2024-10-05,STR002,SKU0004,115,0,True,True,0,0,103,False,0.0,11.63,138,8
2024-10-05,STR002,SKU0005,167,0,False,False,0,0,159,False,0.0,13.74,150,7
2024-10-06,STR001,SKU0001,118,49,True,False,1,13,144,False,0.0,10.29,99,3
2024-10-06,STR001,SKU0002,241,67,True,False,0,7,248,False,0.0,8.04,219,4
2024-10-06,STR001,SKU0003,127,0,False,False,0,0,97,False,0.0,5.52,79,2
2024-10-06,STR001,SKU0004,137,4,True,False,0,0,113,False,0.0,7.39,171,8
2024-10-06,STR001,SKU0005,156,3,True,False,0,0,134,False,0.0,7.63,184,7
2024-10-06,STR002,SKU0001,99,0,True,False,0,5,89,False,0.0,11.54,81,3
2024-10-06,STR002,SKU0002,213,3,True,False,0,3,164,False,0.0,4.33,178,4
2024-10-06,STR002,SKU0003,64,0,False,False,0,0,0,True,2.8,0.0,64,2
2024-10-06,STR002,SKU0004,103,29,True,False,0,0,121,False,0.0,12.46,138,8
2024-10-06,STR002,SKU0005,159,1,True,False,0,0,149,False,0.0,13.04,150,7
2024-10-07,STR001,SKU0001,144,0,False,False,0,7,127,False,0.0,9.66,99,3
2024-10-07,STR001,SKU0002,248,0,False,False,0,6,197,False,0.0,6.05,219,4
2024-10-07,STR001,SKU0003,97,0,False,False,0,0,82,False,0.0,4.22,79,2
2024-10-07,STR001,SKU0004,113,25,True,False,1,0,130,False,0.0,7.91,171,8
2024-10-07,STR001,SKU0005,134,63,True,False,0,0,172,False,0.0,8.85,184,7
2024-10-07,STR002,SKU0001,89,0,False,False,0,8,73,False,0.0,10.65,81,3
2024-10-07,STR002,SKU0002,164,140,True,False,1,13,262,False,0.0,8.3,178,4
2024-10-07,STR002,SKU0003,0,158,True,False,0,0,109,False,0.0,1.91,64,2
2024-10-07,STR002,SKU0004,121,5,True,False,0,0,118,False,0.0,12.52,138,8
2024-10-07,STR002,SKU0005,149,4,True,False,0,0,131,False,0.0,13.29,150,7
2024-10-08,STR001,SKU0001,127,0,False,False,0,3,111,False,0.0,8.93,99,3
2024-10-08,STR001,SKU0002,197,50,True,False,0,7,195,False,0.0,5.37,219,4
2024-10-08,STR001,SKU0003,82,77,True,False,0,0,144,False,0.0,7.64,79,2
2024-10-08,STR001,SKU0004,130,8,True,False,0,0,114,False,0.0,7.6,171,8
2024-10-08,STR001,SKU0005,172,48,True,False,0,0,207,False,0.0,9.53,184,7
2024-10-08,STR002,SKU0001,73,77,True,False,0,17,108,False,0.0,16.09,81,3
2024-10-08,STR002,SKU0002,262,0,False,False,0,12,243,False,0.0,9.19,178,4
2024-10-08,STR002,SKU0003,109,11,True,False,0,0,51,False,0.0,0.98,64,2
2024-10-08,STR002,SKU0004,118,59,True,False,0,0,170,False,0.0,18.03,138,8
2024-10-08,STR002,SKU0005,131,34,True,False,0,0,147,False,0.0,13.91,150,7
2024-10-09,STR001,SKU0001,111,0,False,False,0,2,94,False,0.0,7.31,99,3
2024-10-09,STR001,SKU0002,195,85,True,False,0,8,242,False,0.0,6.54,219,4
2024-10-09,STR001,SKU0003,144,0,False,False,0,0,132,False,0.0,7.45,79,2
2024-10-09,STR001,SKU0004,114,39,True,False,0,0,147,False,0.0,9.19,171,8
2024-10-09,STR001,SKU0005,207,0,False,False,0,0,194,False,0.0,8.88,184,7
2024-10-09,STR002,SKU0001,108,0,False,False,0,1,105,False,0.0,10.81,81,3
2024-10-09,STR002,SKU0002,243,0,False,False,0,8,215,False,0.0,8.46,178,4
2024-10-09,STR002,SKU0003,51,53,True,False,0,0,49,False,0.0,0.85,64,2
2024-10-09,STR002,SKU0004,170,0,False,False,0,0,162,False,0.0,18.0,138,8
2024-10-09,STR002,SKU0005,147,5,True,False,0,0,139,False,0.0,11.45,150,7
2024-10-10,STR001,SKU0001,94,18,True,False,0,7,97,False,0.0,7.15,99,3
2024-10-10,STR001,SKU0002,242,0,False,False,0,10,206,False,0.0,5.86,219,4
2024-10-10,STR001,SKU0003,132,0,False,False,0,0,115,False,0.0,6.82,79,2
2024-10-10,STR001,SKU0004,147,1,True,False,0,0,124,False,0.0,7.55,171,8
2024-10-10,STR001,SKU0005,194,0,False,False,0,0,188,False,0.0,8.55,184,7
2024-10-10,STR002,SKU0001,105,32,True,False,0,2,130,False,0.0,15.96,81,3
2024-10-10,STR002,SKU0002,215,0,False,False,0,8,194,False,0.0,7.8,178,4
2024-10-10,STR002,SKU0003,49,98,True,False,0,0,116,False,0.0,2.07,64,2
2024-10-10,STR002,SKU0004,162,0,False,False,0,0,158,False,0.0,17.84,138,8
2024-10-10,STR002,SKU0005,139,25,True,False,0,0,141,False,0.0,11.75,150,7
2024-10-11,STR001,SKU0001,97,105,True,False,0,6,192,False,0.0,14.77,99,3
2024-10-11,STR001,SKU0002,206,173,True,False,0,18,326,False,0.0,9.16,219,4
2024-10-11,STR001,SKU0003,115,80,True,False,0,0,184,False,0.0,10.14,79,2
2024-10-11,STR001,SKU0004,124,0,True,True,0,0,108,False,0.0,6.63,171,8
2024-10-11,STR001,SKU0005,188,0,False,False,0,0,176,False,0.0,9.06,184,7
2024-10-11,STR002,SKU0001,130,0,False,False,0,6,116,False,0.0,13.31,81,3
2024-10-11,STR002,SKU0002,194,60,True,False,0,9,235,False,0.0,10.15,178,4
2024-10-11,STR002,SKU0003,116,0,True,False,0,0,56,False,0.0,1.02,64,2
2024-10-11,STR002,SKU0004,158,0,False,False,0,0,147,False,0.0,16.87,138,8
2024-10-11,STR002,SKU0005,141,21,True,False,0,0,153,False,0.0,10.4,150,7
2024-10-12,STR001,SKU0001,192,0,False,False,0,7,168,False,0.0,15.47,99,3
2024-10-12,STR001,SKU0002,326,0,False,False,0,9,282,False,0.0,7.45,219,4
2024-10-12,STR001,SKU0003,184,0,False,False,0,0,169,False,0.0,9.94,79,2
2024-10-12,STR001,SKU0004,108,46,True,False,0,0,135,False,0.0,7.81,171,8
2024-10-12,STR001,SKU0005,176,43,True,False,0,0,205,False,0.0,11.86,184,7
2024-10-12,STR002,SKU0001,116,0,False,False,0,5,107,False,0.0,12.28,81,3
2024-10-12,STR002,SKU0002,235,0,False,False,0,7,192,False,0.0,8.62,178,4
2024-10-12,STR002,SKU0003,56,37,True,False,1,0,85,False,0.0,1.56,64,2
2024-10-12,STR002,SKU0004,147,0,False,False,0,0,135,False,0.0,15.49,138,8
2024-10-12,STR002,SKU0005,153,0,False,False,0,0,134,False,0.0,9.02,150,7
2024-10-13,STR001,SKU0001,168,0,False,False,0,6,150,False,0.0,13.82,99,3
2024-10-13,STR001,SKU0002,282,0,False,False,0,6,230,False,0.0,5.99,219,4
2024-10-13,STR001,SKU0003,169,0,False,False,0,0,157,False,0.0,9.56,79,2
2024-10-13,STR001,SKU0004,135,35,True,False,0,0,149,False,0.0,8.41,171,8
2024-10-13,STR001,SKU0005,205,0,False,False,0,0,181,False,0.0,11.73,184,7
2024-10-13,STR002,SKU0001,107,0,False,False,0,0,96,False,0.0,11.79,81,3
2024-10-13,STR002,SKU0002,192,0,False,False,0,8,148,False,0.0,6.36,178,4
2024-10-13,STR002,SKU0003,85,0,False,False,0,0,78,False,0.0,1.63,64,2
2024-10-13,STR002,SKU0004,135,0,True,False,0,0,129,False,0.0,14.8,138,8
2024-10-13,STR002,SKU0005,134,30,True,False,0,0,144,False,0.0,8.77,150,7
2024-10-14,STR001,SKU0001,150,36,True,False,0,11,164,False,0.0,14.53,99,3
2024-10-14,STR001,SKU0002,230,0,False,False,0,5,155,False,0.0,4.14,219,4
2024-10-14,STR001,SKU0003,157,0,True,False,0,0,141,False,0.0,10.18,79,2
2024-10-14,STR001,SKU0004,149,0,True,True,0,0,140,False,0.0,8.38,171,8
2024-10-14,STR001,SKU0005,181,4,True,False,0,0,170,False,0.0,11.12,184,7
2024-10-14,STR002,SKU0001,96,13,True,False,0,3,100,False,0.0,11.11,81,3
2024-10-14,STR002,SKU0002,148,48,True,False,1,8,163,False,0.0,7.61,178,4
2024-10-14,STR002,SKU0003,78,54,True,False,0,0,120,False,0.0,3.02,64,2
2024-10-14,STR002,SKU0004,129,22,True,False,0,0,142,False,0.0,17.75,138,8
2024-10-14,STR002,SKU0005,144,0,True,False,0,0,132,False,0.0,7.45,150,7
2024-10-15,STR001,SKU0001,164,0,False,False,0,10,140,False,0.0,12.25,99,3
2024-10-15,STR001,SKU0002,155,220,True,False,4,10,326,False,0.0,7.95,219,4
2024-10-15,STR001,SKU0003,141,0,False,False,0,0,130,False,0.0,9.29,79,2
2024-10-15,STR001,SKU0004,140,30,True,False,0,0,163,False,0.0,9.59,171,8
2024-10-15,STR001,SKU0005,170,0,True,False,0,0,153,False,0.0,11.04,184,7
2024-10-15,STR002,SKU0001,100,0,False,False,0,5,91,False,0.0,10.44,81,3
2024-10-15,STR002,SKU0002,163,115,True,False,1,18,240,False,0.0,11.51,178,4
2024-10-15,STR002,SKU0003,120,0,False,False,0,0,100,False,0.0,2.9,64,2
2024-10-15,STR002,SKU0004,142,0,False,False,0,0,126,False,0.0,15.47,138,8
2024-10-15,STR002,SKU0005,132,3,True,False,0,0,123,False,0.0,7.55,150,7
2024-10-16,STR001,SKU0001,140,0,False,False,0,5,96,False,0.0,8.3,99,3
2024-10-16,STR001,SKU0002,326,5,True,False,0,6,284,False,0.0,7.18,219,4
2024-10-16,STR001,SKU0003,130,0,False,False,0,0,111,False,0.0,8.27,79,2
2024-10-16,STR001,SKU0004,163,48,True,False,0,0,205,False,0.0,14.07,171,8
2024-10-16,STR001,SKU0005,153,7,True,False,0,0,153,False,0.0,10.6,184,7
2024-10-16,STR002,SKU0001,91,0,False,False,0,2,81,False,0.0,14.18,81,3
2024-10-16,STR002,SKU0002,240,36,True,False,0,13,227,False,0.0,10.06,178,4
2024-10-16,STR002,SKU0003,100,0,False,False,0,0,94,False,0.0,3.43,64,2
2024-10-16,STR002,SKU0004,126,3,True,False,0,0,123,False,0.0,13.05,138,8
2024-10-16,STR002,SKU0005,123,39,True,False,0,0,139,False,0.0,9.01,150,7
2024-10-17,STR001,SKU0001,96,51,True,False,0,3,121,False,0.0,8.07,99,3
2024-10-17,STR001,SKU0002,284,0,False,False,0,2,249,False,0.0,6.05,219,4
2024-10-17,STR001,SKU0003,111,18,True,False,0,0,109,False,0.0,7.55,79,2
2024-10-17,STR001,SKU0004,205,0,False,False,0,0,192,False,0.0,13.18,171,8
2024-10-17,STR001,SKU0005,153,5,True,False,0,0,151,False,0.0,11.13,184,7
2024-10-17,STR002,SKU0001,81,0,False,False,0,1,70,False,0.0,10.65,81,3
2024-10-17,STR002,SKU0002,227,0,False,False,0,4,190,False,0.0,7.64,178,4
2024-10-17,STR002,SKU0003,94,10,True,False,0,0,89,False,0.0,4.36,64,2
2024-10-17,STR002,SKU0004,123,26,True,False,1,0,132,False,0.0,14.44,138,8
2024-10-17,STR002,SKU0005,139,7,True,False,0,0,139,False,0.0,8.25,150,7
2024-10-18,STR001,SKU0001,121,30,True,False,0,6,122,False,0.0,7.12,99,3
2024-10-18,STR001,SKU0002,249,0,False,False,0,5,169,False,0.0,4.01,219,4
2024-10-18,STR001,SKU0003,109,0,False,False,0,0,81,False,0.0,5.45,79,2
2024-10-18,STR001,SKU0004,192,0,False,False,0,0,178,False,0.0,13.69,171,8
2024-10-18,STR001,SKU0005,151,29,True,False,0,0,154,False,0.0,11.23,184,7
2024-10-18,STR002,SKU0001,70,91,True,False,0,12,141,False,0.0,19.35,81,3
2024-10-18,STR002,SKU0002,190,0,False,False,0,7,164,False,0.0,5.92,178,4
2024-10-18,STR002,SKU0003,89,0,False,False,0,0,70,False,0.0,3.86,64,2
2024-10-18,STR002,SKU0004,132,5,True,False,0,0,128,False,0.0,11.79,138,8
2024-10-18,STR002,SKU0005,139,3,True,False,0,0,128,False,0.0,8.78,150,7
2024-10-19,STR001,SKU0001,122,0,False,False,0,8,96,False,0.0,4.83,99,3
2024-10-19,STR001,SKU0002,169,174,True,False,1,8,275,False,0.0,5.75,219,4
2024-10-19,STR001,SKU0003,81,0,False,False,0,0,60,False,0.0,3.47,79,2
2024-10-19,STR001,SKU0004,178,0,False,False,0,0,165,False,0.0,12.98,171,8
2024-10-19,STR001,SKU0005,154,3,True,False,0,1,144,False,0.0,9.16,184,7
2024-10-19,STR002,SKU0001,141,0,False,False,0,9,109,False,0.0,14.96,81,3
2024-10-19,STR002,SKU0002,164,8,True,False,0,2,142,False,0.0,4.9,178,4
2024-10-19,STR002,SKU0003,70,0,False,False,0,0,44,False,0.0,3.58,64,2
2024-10-19,STR002,SKU0004,128,4,True,False,0,0,109,False,0.0,10.31,138,8
2024-10-19,STR002,SKU0005,128,5,True,False,0,0,125,False,0.0,8.18,150,7
2024-10-20,STR001,SKU0001,96,19,True,False,0,2,92,False,0.0,4.6,99,3
2024-10-20,STR001,SKU0002,275,0,False,False,0,5,208,False,0.0,4.06,219,4
2024-10-20,STR001,SKU0003,60,65,True,False,1,1,99,False,0.0,5.46,79,2
2024-10-20,STR001,SKU0004,165,5,True,False,0,0,160,False,0.0,13.49,171,8
2024-10-20,STR001,SKU0005,144,2,True,False,0,0,131,False,0.0,8.49,184,7
2024-10-20,STR002,SKU0001,109,0,False,False,0,2,98,False,0.0,9.8,81,3
2024-10-20,STR002,SKU0002,142,85,True,False,0,4,209,False,0.0,7.5,178,4
2024-10-20,STR002,SKU0003,44,115,True,False,1,1,139,False,0.0,9.27,64,2
2024-10-20,STR002,SKU0004,109,29,True,False,0,0,132,False,0.0,10.87,138,8
2024-10-20,STR002,SKU0005,125,3,True,False,0,0,121,False,0.0,8.82,150,7
2024-10-21,STR001,SKU0001,92,94,True,False,1,5,163,False,0.0,7.66,99,3
2024-10-21,STR001,SKU0002,208,72,True,False,0,3,225,False,0.0,4.2,219,4
2024-10-21,STR001,SKU0003,99,0,False,False,0,0,83,False,0.0,4.18,79,2
2024-10-21,STR001,SKU0004,160,5,True,False,0,0,151,False,0.0,14.68,171,8
2024-10-21,STR001,SKU0005,131,33,True,False,0,0,134,False,0.0,9.47,184,7
2024-10-21,STR002,SKU0001,98,0,False,False,0,1,93,False,0.0,9.57,81,3
2024-10-21,STR002,SKU0002,209,1,True,False,0,6,183,False,0.0,7.4,178,4
2024-10-21,STR002,SKU0003,139,0,False,False,0,0,122,False,0.0,7.36,64,2
2024-10-21,STR002,SKU0004,132,15,True,False,0,0,137,False,0.0,11.28,138,8
2024-10-21,STR002,SKU0005,121,58,True,False,0,1,170,False,0.0,14.34,150,7
2024-10-22,STR001,SKU0001,163,0,True,True,0,8,149,False,0.0,6.73,99,3
2024-10-22,STR001,SKU0002,225,0,False,False,0,1,197,False,0.0,3.86,219,4
2024-10-22,STR001,SKU0003,83,0,False,False,0,0,57,False,0.0,2.87,79,2
2024-10-22,STR001,SKU0004,151,0,True,False,0,0,150,False,0.0,13.64,171,8
2024-10-22,STR001,SKU0005,134,5,True,False,0,0,116,False,0.0,7.12,184,7
2024-10-22,STR002,SKU0001,93,57,True,False,0,6,131,False,0.0,13.89,81,3
2024-10-22,STR002,SKU0002,183,0,False,False,0,4,153,False,0.0,6.3,178,4
2024-10-22,STR002,SKU0003,122,0,False,False,0,0,109,False,0.0,6.31,64,2
2024-10-22,STR002,SKU0004,137,13,True,False,0,0,143,False,0.0,11.64,138,8
2024-10-22,STR002,SKU0005,170,5,True,False,0,0,157,False,0.0,13.91,150,7
2024-10-23,STR001,SKU0001,149,0,False,False,0,6,131,False,0.0,6.24,99,3
2024-10-23,STR001,SKU0002,197,116,True,False,1,11,257,False,0.0,5.15,219,4
2024-10-23,STR001,SKU0003,57,70,True,False,0,0,101,False,0.0,4.59,79,2
2024-10-23,STR001,SKU0004,150,4,True,False,0,0,148,False,0.0,14.59,171,8
2024-10-23,STR001,SKU0005,116,105,True,False,2,0,211,False,0.0,12.31,184,7
2024-10-23,STR002,SKU0001,131,0,False,False,0,14,112,False,0.0,10.45,81,3
2024-10-23,STR002,SKU0002,153,48,True,False,0,6,177,False,0.0,7.0,178,4
2024-10-23,STR002,SKU0003,109,10,True,False,0,0,70,False,0.0,4.3,64,2
2024-10-23,STR002,SKU0004,143,0,False,False,0,0,138,False,0.0,12.55,138,8
2024-10-23,STR002,SKU0005,157,0,False,False,0,0,139,False,0.0,11.45,150,7
2024-10-24,STR001,SKU0001,131,0,False,False,0,8,117,False,0.0,6.82,99,3
2024-10-24,STR001,SKU0002,257,0,False,False,0,10,188,False,0.0,3.74,219,4
2024-10-24,STR001,SKU0003,101,0,False,False,0,0,87,False,0.0,3.78,79,2
2024-10-24,STR001,SKU0004,148,34,True,False,0,0,170,False,0.0,16.76,171,8
2024-10-24,STR001,SKU0005,211,0,False,False,0,0,197,False,0.0,11.4,184,7
2024-10-24,STR002,SKU0001,112,0,False,False,0,7,97,False,0.0,9.43,81,3
2024-10-24,STR002,SKU0002,177,77,True,False,0,9,231,False,0.0,10.17,178,4
2024-10-24,STR002,SKU0003,70,0,False,False,0,0,28,False,0.0,1.25,64,2
2024-10-24,STR002,SKU0004,138,0,False,False,0,0,126,False,0.0,11.61,138,8
2024-10-24,STR002,SKU0005,139,26,True,False,0,0,157,False,0.0,13.74,150,7
2024-10-25,STR001,SKU0001,117,0,False,False,0,5,103,False,0.0,7.0,99,3
2024-10-25,STR001,SKU0002,188,121,True,False,1,5,260,False,0.0,4.81,219,4
2024-10-25,STR001,SKU0003,87,0,False,False,0,0,72,False,0.0,3.25,79,2
2024-10-25,STR001,SKU0004,170,3,True,False,0,0,168,False,0.0,16.8,171,8
2024-10-25,STR001,SKU0005,197,0,False,False,0,0,189,False,0.0,10.34,184,7
2024-10-25,STR002,SKU0001,97,0,False,False,0,5,90,False,0.0,9.0,81,3
2024-10-25,STR002,SKU0002,231,0,False,False,0,5,196,False,0.0,9.8,178,4
2024-10-25,STR002,SKU0003,28,73,True,False,0,0,58,False,0.0,2.21,64,2
2024-10-25,STR002,SKU0004,126,0,True,True,0,0,113,False,0.0,10.99,138,8
2024-10-25,STR002,SKU0005,157,0,False,False,0,0,138,False,0.0,11.93,150,7
2024-10-26,STR001,SKU0001,103,44,True,False,0,3,136,False,0.0,10.7,99,3
2024-10-26,STR001,SKU0002,260,15,True,False,1,7,195,False,0.0,3.95,219,4
2024-10-26,STR001,SKU0003,72,71,True,False,0,0,122,False,0.0,6.01,79,2
2024-10-26,STR001,SKU0004,168,16,True,False,0,0,177,False,0.0,20.31,171,8
2024-10-26,STR001,SKU0005,189,0,False,False,0,0,169,False,0.0,10.75,184,7
2024-10-26,STR002,SKU0001,90,16,True,False,0,4,86,False,0.0,9.41,81,3
2024-10-26,STR002,SKU0002,196,1,True,False,0,1,171,False,0.0,7.93,178,4
2024-10-26,STR002,SKU0003,58,57,True,False,0,0,92,False,0.0,3.1,64,2
2024-10-26,STR002,SKU0004,113,1,True,False,0,0,106,False,0.0,9.76,138,8
2024-10-26,STR002,SKU0005,138,22,True,False,0,0,133,False,0.0,10.83,150,7
2024-10-27,STR001,SKU0001,136,0,False,False,0,5,95,False,0.0,8.42,99,3
2024-10-27,STR001,SKU0002,195,50,True,False,0,2,191,False,0.0,3.72,219,4
2024-10-27,STR001,SKU0003,122,0,False,False,0,0,105,False,0.0,5.18,79,2
2024-10-27,STR001,SKU0004,177,0,False,False,0,0,151,False,0.0,19.22,171,8
2024-10-27,STR001,SKU0005,169,5,True,False,0,0,150,False,0.0,8.9,184,7
2024-10-27,STR002,SKU0001,86,0,False,False,0,1,73,False,0.0,8.96,81,3
2024-10-27,STR002,SKU0002,171,30,True,False,0,7,150,False,0.0,7.09,178,4
2024-10-27,STR002,SKU0003,92,0,False,False,0,0,38,False,0.0,1.3,64,2
2024-10-27,STR002,SKU0004,106,5,True,False,0,0,89,False,0.0,10.21,138,8
2024-10-27,STR002,SKU0005,133,5,True,False,0,0,110,False,0.0,7.33,150,7
2024-10-28,STR001,SKU0001,95,91,True,False,1,12,166,False,0.0,12.36,99,3
2024-10-28,STR001,SKU0002,191,118,True,False,3,10,274,False,0.0,5.5,219,4
2024-10-28,STR001,SKU0003,105,0,False,False,0,0,91,False,0.0,4.72,79,2
2024-10-28,STR001,SKU0004,151,0,True,False,0,0,145,False,0.0,14.3,171,8
2024-10-28,STR001,SKU0005,150,68,True,False,0,0,208,False,0.0,11.46,184,7
2024-10-28,STR002,SKU0001,73,90,True,False,1,11,144,False,0.0,16.8,81,3
2024-10-28,STR002,SKU0002,150,101,True,False,0,6,225,False,0.0,8.85,178,4
2024-10-28,STR002,SKU0003,38,104,True,False,1,0,106,False,0.0,3.08,64,2
2024-10-28,STR002,SKU0004,89,33,True,False,0,0,116,False,0.0,10.55,138,8
2024-10-28,STR002,SKU0005,110,54,True,False,0,0,152,False,0.0,8.44,150,7
2024-10-29,STR001,SKU0001,166,0,False,False,0,13,149,False,0.0,12.42,99,3
2024-10-29,STR001,SKU0002,274,0,False,False,0,7,253,False,0.0,5.55,219,4
2024-10-29,STR001,SKU0003,91,89,True,False,0,0,160,False,0.0,8.42,79,2
2024-10-29,STR001,SKU0004,145,3,True,False,0,0,132,False,0.0,14.67,171,8
2024-10-29,STR001,SKU0005,208,0,False,False,0,0,191,False,0.0,12.5,184,7
2024-10-29,STR002,SKU0001,144,0,False,False,0,8,128,False,0.0,14.22,81,3
2024-10-29,STR002,SKU0002,225,0,False,False,0,9,164,False,0.0,6.49,178,4
2024-10-29,STR002,SKU0003,106,0,True,False,0,0,91,False,0.0,2.46,64,2
2024-10-29,STR002,SKU0004,116,23,True,False,0,1,133,False,0.0,12.75,138,8
2024-10-29,STR002,SKU0005,152,0,False,False,0,0,147,False,0.0,7.92,150,7
2024-10-30,STR001,SKU0001,149,51,True,False,0,12,171,False,0.0,14.6,99,3
2024-10-30,STR001,SKU0002,253,0,False,False,0,7,224,False,0.0,5.12,219,4
2024-10-30,STR001,SKU0003,160,0,False,False,0,0,144,False,0.0,7.94,79,2
2024-10-30,STR001,SKU0004,132,50,True,False,0,0,172,False,0.0,15.44,171,8
2024-10-30,STR001,SKU0005,191,30,True,False,0,0,204,False,0.0,14.14,184,7
2024-10-30,STR002,SKU0001,128,5,True,False,0,3,119,False,0.0,14.36,81,3
2024-10-30,STR002,SKU0002,164,117,True,False,2,6,265,False,0.0,9.14,178,4
2024-10-30,STR002,SKU0003,91,0,False,False,0,0,84,False,0.0,2.25,64,2
2024-10-30,STR002,SKU0004,133,6,True,False,0,0,125,False,0.0,12.32,138,8
2024-10-30,STR002,SKU0005,147,2,True,False,0,0,134,False,0.0,8.02,150,7
2024-10-31,STR001,SKU0001,171,0,False,False,0,10,145,False,0.0,11.67,99,3
2024-10-31,STR001,SKU0002,224,152,True,False,0,21,324,False,0.0,7.99,219,4
2024-10-31,STR001,SKU0003,144,0,False,False,0,0,130,False,0.0,7.78,79,2
2024-10-31,STR001,SKU0004,172,0,False,False,0,0,165,False,0.0,14.09,171,8
2024-10-31,STR001,SKU0005,204,0,False,False,0,0,185,False,0.0,11.77,184,7
2024-10-31,STR002,SKU0001,119,0,False,False,0,9,103,False,0.0,11.27,81,3
2024-10-31,STR002,SKU0002,265,1,True,False,0,13,234,False,0.0,8.49,178,4
2024-10-31,STR002,SKU0003,84,0,False,False,0,0,73,False,0.0,2.33,64,2
2024-10-31,STR002,SKU0004,125,1,True,False,0,0,114,False,0.0,9.98,138,8
2024-10-31,STR002,SKU0005,134,4,True,False,0,0,132,False,0.0,8.11,150,7
2024-11-01,STR001,SKU0001,145,0,False,False,0,5,130,False,0.0,9.38,99,3
2024-11-01,STR001,SKU0002,324,0,False,False,0,11,275,False,0.0,7.52,219,4
2024-11-01,STR001,SKU0003,130,46,True,False,0,0,160,False,0.0,9.57,79,2
2024-11-01,STR001,SKU0004,165,0,True,False,0,0,146,False,0.0,13.27,171,8
2024-11-01,STR001,SKU0005,185,0,False,False,0,0,180,False,0.0,10.96,184,7
2024-11-01,STR002,SKU0001,103,0,False,False,0,3,94,False,0.0,10.44,81,3
2024-11-01,STR002,SKU0002,234,0,False,False,0,4,213,False,0.0,7.53,178,4
2024-11-01,STR002,SKU0003,73,30,True,False,0,0,88,False,0.0,3.28,64,2
2024-11-01,STR002,SKU0004,114,25,True,False,0,0,126,False,0.0,11.02,138,8
2024-11-01,STR002,SKU0005,132,43,True,False,0,0,164,False,0.0,10.25,150,7
2024-11-02,STR001,SKU0001,130,0,False,False,0,4,107,False,0.0,7.64,99,3
2024-11-02,STR001,SKU0002,275,0,False,False,0,8,233,False,0.0,6.5,219,4
2024-11-02,STR001,SKU0003,160,0,False,False,0,0,144,False,0.0,8.54,79,2
2024-11-02,STR001,SKU0004,146,7,True,False,0,0,145,False,0.0,11.15,171,8
2024-11-02,STR001,SKU0005,180,5,True,False,0,0,157,False,0.0,9.81,184,7
2024-11-02,STR002,SKU0001,94,0,False,False,0,2,78,False,0.0,8.15,81,3
2024-11-02,STR002,SKU0002,213,0,False,False,0,5,178,False,0.0,6.74,178,4
2024-11-02,STR002,SKU0003,88,0,False,False,0,0,71,False,0.0,3.11,64,2
2024-11-02,STR002,SKU0004,126,1,True,False,0,0,101,False,0.0,8.84,138,8
2024-11-02,STR002,SKU0005,164,0,False,False,0,0,153,False,0.0,10.3,150,7
2024-11-03,STR001,SKU0001,107,0,True,True,0,3,81,False,0.0,5.2,99,3
2024-11-03,STR001,SKU0002,233,0,False,False,0,5,206,False,0.0,6.77,219,4
2024-11-03,STR001,SKU0003,144,0,False,False,0,0,114,False,0.0,7.06,79,2
2024-11-03,STR001,SKU0004,145,21,True,False,0,0,150,False,0.0,11.41,171,8
2024-11-03,STR001,SKU0005,157,6,True,False,0,0,143,False,0.0,8.34,184,7
2024-11-03,STR002,SKU0001,78,71,True,False,0,5,135,False,0.0,14.54,81,3
2024-11-03,STR002,SKU0002,178,0,False,False,0,1,156,False,0.0,5.75,178,4
2024-11-03,STR002,SKU0003,71,0,False,False,0,1,63,False,0.0,2.86,64,2
2024-11-03,STR002,SKU0004,101,0,True,False,0,0,91,False,0.0,6.5,138,8
2024-11-03,STR002,SKU0005,153,0,False,False,0,0,142,False,0.0,11.3,150,7
2024-11-04,STR001,SKU0001,81,35,True,False,0,6,103,False,0.0,7.51,99,3
2024-11-04,STR001,SKU0002,206,0,True,True,0,4,176,False,0.0,6.73,219,4
2024-11-04,STR001,SKU0003,114,13,True,False,1,0,115,False,0.0,6.39,79,2
2024-11-04,STR001,SKU0004,150,4,True,False,0,0,130,False,0.0,11.1,171,8
2024-11-04,STR001,SKU0005,143,1,True,False,0,0,127,False,0.0,7.66,184,7
2024-11-04,STR002,SKU0001,135,0,False,False,0,11,105,False,0.0,11.85,81,3
2024-11-04,STR002,SKU0002,156,151,True,False,1,8,282,False,0.0,11.82,178,4
2024-11-04,STR002,SKU0003,63,94,True,False,0,0,140,False,0.0,9.16,64,2
2024-11-04,STR002,SKU0004,91,5,True,False,0,0,87,False,0.0,7.08,138,8
2024-11-04,STR002,SKU0005,142,5,True,False,0,0,145,False,0.0,14.3,150,7
2024-11-05,STR001,SKU0001,103,19,False,False,0,5,87,False,0.0,6.34,99,3
2024-11-05,STR001,SKU0002,176,165,True,False,2,16,286,False,0.0,10.71,219,4
2024-11-05,STR001,SKU0003,115,0,False,False,0,0,101,False,0.0,5.75,79,2
2024-11-05,STR001,SKU0004,130,1,True,False,0,0,113,False,0.0,7.91,171,8
2024-11-05,STR001,SKU0005,127,74,True,False,1,0,181,False,0.0,10.3,184,7
2024-11-05,STR002,SKU0001,105,0,False,False,0,4,92,False,0.0,8.7,81,3
2024-11-05,STR002,SKU0002,282,5,True,False,0,10,267,False,0.0,11.47,178,4
2024-11-05,STR002,SKU0003,140,0,False,False,0,0,122,False,0.0,9.6,64,2
2024-11-05,STR002,SKU0004,87,63,True,False,0,0,144,False,0.0,11.33,138,8
2024-11-05,STR002,SKU0005,145,2,True,False,0,0,128,False,0.0,14.69,150,7
2024-11-06,STR001,SKU0001,87,94,True,False,0,4,169,False,0.0,9.7,99,3
2024-11-06,STR001,SKU0002,286,0,False,False,0,10,244,False,0.0,8.13,219,4
2024-11-06,STR001,SKU0003,101,0,False,False,0,0,87,False,0.0,5.21,79,2
2024-11-06,STR001,SKU0004,113,3,True,False,0,0,91,False,0.0,6.25,171,8
2024-11-06,STR001,SKU0005,181,0,True,False,0,0,166,False,0.0,9.3,184,7
2024-11-06,STR002,SKU0001,92,0,False,False,0,0,90,False,0.0,8.4,81,3
2024-11-06,STR002,SKU0002,267,0,False,False,0,15,235,False,0.0,13.6,178,4
2024-11-06,STR002,SKU0003,122,0,False,False,0,0,105,False,0.0,7.99,64,2
2024-11-06,STR002,SKU0004,144,0,False,False,0,0,115,False,0.0,8.94,138,8
2024-11-06,STR002,SKU0005,128,2,True,False,0,0,124,False,0.0,11.57,150,7
2024-11-07,STR001,SKU0001,169,13,True,False,0,16,159,False,0.0,9.85,99,3
2024-11-07,STR001,SKU0002,244,0,False,False,0,3,219,False,0.0,6.97,219,4
2024-11-07,STR001,SKU0003,87,58,True,False,0,0,132,False,0.0,8.03,79,2
2024-11-07,STR001,SKU0004,91,13,True,False,0,0,83,False,0.0,4.97,171,8
2024-11-07,STR001,SKU0005,166,4,True,False,0,0,161,False,0.0,9.16,184,7
2024-11-07,STR002,SKU0001,90,58,True,False,0,5,140,False,0.0,14.85,81,3
2024-11-07,STR002,SKU0002,235,0,False,False,0,11,206,False,0.0,11.09,178,4
2024-11-07,STR002,SKU0003,105,51,True,False,0,0,146,False,0.0,10.02,64,2
2024-11-07,STR002,SKU0004,115,2,True,False,0,0,100,False,0.0,6.67,138,8
2024-11-07,STR002,SKU0005,124,4,True,False,0,0,118,False,0.0,12.52,150,7
2024-11-08,STR001,SKU0001,159,0,False,False,0,5,144,False,0.0,9.69,99,3
2024-11-08,STR001,SKU0002,219,0,False,False,0,8,181,False,0.0,6.0,219,4
2024-11-08,STR001,SKU0003,132,0,False,False,0,0,124,False,0.0,7.61,79,2
2024-11-08,STR001,SKU0004,83,70,True,False,0,0,143,False,0.0,7.64,171,8
2024-11-08,STR001,SKU0005,161,3,True,False,0,0,152,False,0.0,9.42,184,7
2024-11-08,STR002,SKU0001,140,0,False,False,0,3,119,False,0.0,13.44,81,3
2024-11-08,STR002,SKU0002,206,0,False,False,0,4,167,False,0.0,9.06,178,4
2024-11-08,STR002,SKU0003,146,0,False,False,0,0,134,False,0.0,9.29,64,2
2024-11-08,STR002,SKU0004,100,13,True,False,0,0,107,False,0.0,6.81,138,8
2024-11-08,STR002,SKU0005,118,30,True,False,0,0,127,False,0.0,12.7,150,7
2024-11-09,STR001,SKU0001,144,0,False,False,0,6,111,False,0.0,7.47,99,3
2024-11-09,STR001,SKU0002,181,33,True,False,0,7,157,False,0.0,5.41,219,4
2024-11-09,STR001,SKU0003,124,0,False,False,0,0,113,False,0.0,7.46,79,2
2024-11-09,STR001,SKU0004,143,1,True,False,0,0,130,False,0.0,7.46,171,8
2024-11-09,STR001,SKU0005,152,31,True,False,0,0,170,False,0.0,9.92,184,7
2024-11-09,STR002,SKU0001,119,0,False,False,0,0,90,False,0.0,8.51,81,3
2024-11-09,STR002,SKU0002,167,31,True,False,0,10,153,False,0.0,7.29,178,4
2024-11-09,STR002,SKU0003,134,0,False,False,0,0,127,False,0.0,9.07,64,2
2024-11-09,STR002,SKU0004,107,29,True,False,0,0,124,False,0.0,8.43,138,8
2024-11-09,STR002,SKU0005,127,6,True,False,0,0,109,False,0.0,9.54,150,7
2024-11-10,STR001,SKU0001,111,0,False,False,0,3,97,False,0.0,6.06,99,3
2024-11-10,STR001,SKU0002,157,87,True,False,0,3,215,False,0.0,6.87,219,4
2024-11-10,STR001,SKU0003,113,82,True,False,0,0,182,False,0.0,12.61,79,2
2024-11-10,STR001,SKU0004,130,40,True,False,0,0,159,False,0.0,8.7,171,8
2024-11-10,STR001,SKU0005,170,9,True,False,0,0,165,False,0.0,11.0,184,7
2024-11-10,STR002,SKU0001,90,0,False,False,0,0,68,False,0.0,5.35,81,3
2024-11-10,STR002,SKU0002,153,21,True,False,0,6,126,False,0.0,5.8,178,4
2024-11-10,STR002,SKU0003,127,19,True,False,0,0,133,False,0.0,10.58,64,2
2024-11-10,STR002,SKU0004,124,24,True,False,0,0,127,False,0.0,9.99,138,8
2024-11-10,STR002,SKU0005,109,24,True,False,0,0,115,False,0.0,8.66,150,7
2024-11-11,STR001,SKU0001,97,19,True,False,0,4,105,False,0.0,7.35,99,3
2024-11-11,STR001,SKU0002,215,164,True,False,1,16,313,False,0.0,9.83,219,4
2024-11-11,STR001,SKU0003,182,0,False,False,0,0,166,False,0.0,13.83,79,2
2024-11-11,STR001,SKU0004,159,1,True,False,0,0,138,False,0.0,7.85,171,8
2024-11-11,STR001,SKU0005,165,0,True,True,0,0,161,False,0.0,11.38,184,7
2024-11-11,STR002,SKU0001,68,84,True,False,0,1,125,False,0.0,8.58,81,3
2024-11-11,STR002,SKU0002,126,182,True,False,0,11,276,False,0.0,11.17,178,4
2024-11-11,STR002,SKU0003,133,0,False,False,0,0,122,False,0.0,9.09,64,2
2024-11-11,STR002,SKU0004,127,4,True,False,0,0,118,False,0.0,8.26,138,8
2024-11-11,STR002,SKU0005,115,16,True,False,0,0,121,False,0.0,8.47,150,7
2024-11-12,STR001,SKU0001,105,0,False,False,0,4,98,False,0.0,6.86,99,3
2024-11-12,STR001,SKU0002,313,0,False,False,0,10,262,False,0.0,7.46,219,4
2024-11-12,STR001,SKU0003,166,0,False,False,0,0,143,False,0.0,11.25,79,2
2024-11-12,STR001,SKU0004,138,29,True,False,0,0,160,False,0.0,9.26,171,8
2024-11-12,STR001,SKU0005,161,0,True,False,0,0,152,False,0.0,12.37,184,7
2024-11-12,STR002,SKU0001,125,0,False,False,0,2,60,False,0.0,3.85,81,3
2024-11-12,STR002,SKU0002,276,0,False,False,0,9,259,False,0.0,10.19,178,4
2024-11-12,STR002,SKU0003,122,0,False,False,0,0,113,False,0.0,8.99,64,2
2024-11-12,STR002,SKU0004,118,3,True,False,0,0,115,False,0.0,7.74,138,8
2024-11-12,STR002,SKU0005,121,26,True,False,0,0,126,False,0.0,8.17,150,7
2024-11-13,STR001,SKU0001,98,67,True,False,0,11,125,False,0.0,11.99,99,3
2024-11-13,STR001,SKU0002,262,0,False,False,0,5,235,False,0.0,6.58,219,4
2024-11-13,STR001,SKU0003,143,50,True,False,0,0,166,False,0.0,11.86,79,2
2024-11-13,STR001,SKU0004,160,27,True,False,0,0,182,False,0.0,11.58,171,8
2024-11-13,STR001,SKU0005,152,2,True,False,0,0,140,False,0.0,12.89,184,7
2024-11-13,STR002,SKU0001,60,89,True,False,1,1,121,False,0.0,5.2,81,3
2024-11-13,STR002,SKU0002,259,0,False,False,0,10,237,False,0.0,9.43,178,4
2024-11-13,STR002,SKU0003,113,21,True,False,0,0,121,False,0.0,10.72,64,2
2024-11-13,STR002,SKU0004,115,7,True,False,0,0,115,False,0.0,7.74,138,8
2024-11-13,STR002,SKU0005,126,2,True,False,0,0,118,False,0.0,7.51,150,7
2024-11-14,STR001,SKU0001,125,0,False,False,0,0,111,False,0.0,8.27,99,3
2024-11-14,STR001,SKU0002,235,0,False,False,0,9,200,False,0.0,5.83,219,4
2024-11-14,STR001,SKU0003,166,0,False,False,0,0,125,False,0.0,7.88,79,2
2024-11-14,STR001,SKU0004,182,0,False,False,0,0,161,False,0.0,12.52,171,8
2024-11-14,STR001,SKU0005,140,106,True,False,0,0,233,False,0.0,21.75,184,7
2024-11-14,STR002,SKU0001,121,0,False,False,0,0,100,False,0.0,3.74,81,3
2024-11-14,STR002,SKU0002,237,0,False,False,0,10,204,False,0.0,8.35,178,4
2024-11-14,STR002,SKU0003,121,0,False,False,0,0,102,False,0.0,9.52,64,2
2024-11-14,STR002,SKU0004,115,10,True,False,0,0,121,False,0.0,10.33,138,8
2024-11-14,STR002,SKU0005,118,13,True,False,0,0,127,False,0.0,7.8,150,7
2024-11-15,STR001,SKU0001,111,75,True,False,0,4,161,False,0.0,11.16,99,3
2024-11-15,STR001,SKU0002,200,111,True,False,1,11,268,False,0.0,7.69,219,4
2024-11-15,STR001,SKU0003,125,0,False,False,0,0,99,False,0.0,4.99,79,2
2024-11-15,STR001,SKU0004,161,3,True,False,0,0,146,False,0.0,11.36,171,8
2024-11-15,STR001,SKU0005,233,1,True,False,0,0,217,False,0.0,19.23,184,7
2024-11-15,STR002,SKU0001,100,52,True,False,0,0,77,False,0.0,2.63,81,3
2024-11-15,STR002,SKU0002,204,4,True,False,0,6,190,False,0.0,7.56,178,4
2024-11-15,STR002,SKU0003,102,0,False,False,0,0,84,False,0.0,7.0,64,2
2024-11-15,STR002,SKU0004,121,5,True,False,0,0,113,False,0.0,11.46,138,8
2024-11-15,STR002,SKU0005,127,34,True,False,0,0,155,False,0.0,10.05,150,7
2024-11-16,STR001,SKU0001,161,0,False,False,0,1,115,False,0.0,7.19,99,3
2024-11-16,STR001,SKU0002,268,0,False,False,0,9,225,False,0.0,6.43,219,4
2024-11-16,STR001,SKU0003,99,97,True,False,0,0,167,False,0.0,7.45,79,2
2024-11-16,STR001,SKU0004,146,0,True,False,0,0,133,False,0.0,9.5,171,8
2024-11-16,STR001,SKU0005,217,0,False,False,0,0,208,False,0.0,17.33,184,7
2024-11-16,STR002,SKU0001,77,29,True,False,0,2,61,False,0.0,1.63,81,3
2024-11-16,STR002,SKU0002,190,0,False,False,0,4,158,False,0.0,7.23,178,4
2024-11-16,STR002,SKU0003,84,50,True,False,0,0,121,False,0.0,9.41,64,2
2024-11-16,STR002,SKU0004,113,5,True,False,0,0,110,False,0.0,10.13,138,8
2024-11-16,STR002,SKU0005,155,0,False,False,0,0,142,False,0.0,10.69,150,7
2024-11-17,STR001,SKU0001,115,0,False,False,0,0,87,False,0.0,4.68,99,3
2024-11-17,STR001,SKU0002,225,0,False,False,0,3,201,False,0.0,6.14,219,4
2024-11-17,STR001,SKU0003,167,0,False,False,0,0,119,False,0.0,4.76,79,2
2024-11-17,STR001,SKU0004,133,52,True,False,0,0,168,False,0.0,12.12,171,8
2024-11-17,STR001,SKU0005,208,0,False,False,0,0,195,False,0.0,17.06,184,7
2024-11-17,STR002,SKU0001,61,72,True,False,1,2,76,False,0.0,1.93,81,3
2024-11-17,STR002,SKU0002,158,16,True,False,0,4,140,False,0.0,6.71,178,4
2024-11-17,STR002,SKU0003,121,0,False,False,0,0,117,False,0.0,8.53,64,2
2024-11-17,STR002,SKU0004,110,5,True,False,0,0,111,False,0.0,10.79,138,8
2024-11-17,STR002,SKU0005,142,5,True,False,0,0,146,False,0.0,12.46,150,7
2024-11-18,STR001,SKU0001,87,95,True,False,0,2,127,False,0.0,6.05,99,3
2024-11-18,STR001,SKU0002,201,42,True,False,0,9,196,False,0.0,6.12,219,4
2024-11-18,STR001,SKU0003,119,0,False,False,0,0,95,False,0.0,3.17,79,2
2024-11-18,STR001,SKU0004,168,0,True,False,0,0,161,False,0.0,10.94,171,8
2024-11-18,STR001,SKU0005,195,0,False,False,0,1,188,False,0.0,16.66,184,7
2024-11-18,STR002,SKU0001,76,73,True,False,0,1,118,False,0.0,2.68,81,3
2024-11-18,STR002,SKU0002,140,167,True,False,0,18,280,False,0.0,14.63,178,4
2024-11-18,STR002,SKU0003,117,0,False,False,0,0,97,False,0.0,7.8,64,2
2024-11-18,STR002,SKU0004,111,4,True,False,0,1,105,False,0.0,13.36,138,8
2024-11-18,STR002,SKU0005,146,4,True,False,0,0,138,False,0.0,14.86,150,7
2024-11-19,STR001,SKU0001,127,5,True,False,0,0,110,False,0.0,3.99,99,3
2024-11-19,STR001,SKU0002,196,16,True,False,0,7,171,False,0.0,5.62,219,4
2024-11-19,STR001,SKU0003,95,50,True,False,1,0,108,False,0.0,3.47,79,2
2024-11-19,STR001,SKU0004,161,0,True,False,0,0,134,False,0.0,10.66,171,8
2024-11-19,STR001,SKU0005,188,0,False,False,0,0,182,False,0.0,15.73,184,7
2024-11-19,STR002,SKU0001,118,4,True,False,0,1,70,False,0.0,1.57,81,3
2024-11-19,STR002,SKU0002,280,0,False,False,0,6,256,False,0.0,14.69,178,4
2024-11-19,STR002,SKU0003,97,1,True,False,0,0,80,False,0.0,5.83,64,2
2024-11-19,STR002,SKU0004,105,0,True,True,0,0,95,False,0.0,13.04,138,8
2024-11-19,STR002,SKU0005,138,1,True,False,0,1,128,False,0.0,13.37,150,7
2024-11-20,STR001,SKU0001,110,0,False,False,0,0,81,False,0.0,2.67,99,3
2024-11-20,STR001,SKU0002,171,175,True,False,2,13,306,False,0.0,10.4,219,4
2024-11-20,STR001,SKU0003,108,0,False,False,0,0,70,False,0.0,2.12,79,2
2024-11-20,STR001,SKU0004,134,18,True,False,0,0,130,False,0.0,8.43,171,8
2024-11-20,STR001,SKU0005,182,0,True,False,0,0,159,False,0.0,14.27,184,7
2024-11-20,STR002,SKU0001,70,63,True,False,0,0,107,False,0.0,2.5,81,3
2024-11-20,STR002,SKU0002,256,20,True,False,0,9,241,False,0.0,12.78,178,4
2024-11-20,STR002,SKU0003,80,0,False,False,0,0,72,False,0.0,4.8,64,2
2024-11-20,STR002,SKU0004,95,35,True,False,0,0,121,False,0.0,15.4,138,8
2024-11-20,STR002,SKU0005,128,4,True,False,0,0,121,False,0.0,15.12,150,7
2024-11-21,STR001,SKU0001,81,49,True,False,0,0,120,False,0.0,3.96,99,3
2024-11-21,STR001,SKU0002,306,0,False,False,0,11,262,False,0.0,8.78,219,4
2024-11-21,STR001,SKU0003,70,55,True,False,0,0,97,False,0.0,2.81,79,2
2024-11-21,STR001,SKU0004,130,4,True,False,0,0,125,False,0.0,7.0,171,8
2024-11-21,STR001,SKU0005,159,2,True,False,0,0,151,False,0.0,12.15,184,7
2024-11-21,STR002,SKU0001,107,0,False,False,0,0,74,False,0.0,1.73,81,3
2024-11-21,STR002,SKU0002,241,0,False,False,0,7,199,False,0.0,9.54,178,4
2024-11-21,STR002,SKU0003,72,0,False,False,0,0,62,False,0.0,4.34,64,2
2024-11-21,STR002,SKU0004,121,0,True,False,0,0,110,False,0.0,13.51,138,8
2024-11-21,STR002,SKU0005,121,0,True,True,0,0,105,False,0.0,12.89,150,7
2024-11-22,STR001,SKU0001,120,0,False,False,0,1,75,False,0.0,2.52,99,3
2024-11-22,STR001,SKU0002,262,0,False,False,0,7,206,False,0.0,6.68,219,4
2024-11-22,STR001,SKU0003,97,12,True,False,0,0,73,False,0.0,2.23,79,2
2024-11-22,STR001,SKU0004,125,4,True,False,0,0,116,False,0.0,7.19,171,8
2024-11-22,STR001,SKU0005,151,70,True,False,0,0,210,False,0.0,17.5,184,7
2024-11-22,STR002,SKU0001,74,31,True,False,0,0,89,False,0.0,2.0,81,3
2024-11-22,STR002,SKU0002,199,0,False,False,0,1,178,False,0.0,7.89,178,4
2024-11-22,STR002,SKU0003,62,85,True,False,0,0,137,False,0.0,10.54,64,2
2024-11-22,STR002,SKU0004,110,25,True,False,0,0,126,False,0.0,13.78,138,8
2024-11-22,STR002,SKU0005,105,25,True,False,0,0,117,False,0.0,11.87,150,7
2024-11-23,STR001,SKU0001,75,75,True,False,1,0,122,False,0.0,3.7,99,3
2024-11-23,STR001,SKU0002,206,7,True,False,0,3,156,False,0.0,4.67,219,4
2024-11-23,STR001,SKU0003,73,86,True,False,0,0,112,False,0.0,3.28,79,2
2024-11-23,STR001,SKU0004,116,4,True,False,0,0,112,False,0.0,7.26,171,8
2024-11-23,STR001,SKU0005,210,11,True,False,0,0,214,False,0.0,19.21,184,7
2024-11-23,STR002,SKU0001,89,18,True,False,1,0,77,False,0.0,2.13,81,3
2024-11-23,STR002,SKU0002,178,0,False,False,0,2,137,False,0.0,5.78,178,4
2024-11-23,STR002,SKU0003,137,0,False,False,0,0,126,False,0.0,10.63,64,2
2024-11-23,STR002,SKU0004,126,2,True,False,0,0,106,False,0.0,12.37,138,8
2024-11-23,STR002,SKU0005,117,94,True,False,1,0,192,False,0.0,17.68,150,7
2024-11-24,STR001,SKU0001,122,0,False,False,0,3,105,False,0.0,3.45,99,3
2024-11-24,STR001,SKU0002,156,190,True,False,1,14,315,False,0.0,8.68,219,4
2024-11-24,STR001,SKU0003,112,0,False,False,0,0,87,False,0.0,2.37,79,2
2024-11-24,STR001,SKU0004,112,74,True,False,0,0,172,False,0.0,11.69,171,8
2024-11-24,STR001,SKU0005,214,0,False,False,0,0,182,False,0.0,16.76,184,7
2024-11-24,STR002,SKU0001,77,87,True,False,0,8,150,False,0.0,4.39,81,3
2024-11-24,STR002,SKU0002,137,142,True,False,1,7,238,False,0.0,9.41,178,4
2024-11-24,STR002,SKU0003,126,0,False,False,0,0,107,False,0.0,9.25,64,2
2024-11-24,STR002,SKU0004,106,2,True,False,0,0,76,False,0.0,7.19,138,8
2024-11-24,STR002,SKU0005,192,0,False,False,0,0,186,False,0.0,16.07,150,7
2024-11-25,STR001,SKU0001,105,0,False,False,0,0,40,False,0.0,1.41,99,3
2024-11-25,STR001,SKU0002,315,4,True,False,0,12,277,False,0.0,7.79,219,4
2024-11-25,STR001,SKU0003,87,57,True,False,0,0,134,False,0.0,4.01,79,2
2024-11-25,STR001,SKU0004,172,0,False,False,0,0,166,False,0.0,11.62,171,8
2024-11-25,STR001,SKU0005,182,4,True,False,0,0,166,False,0.0,12.23,184,7
2024-11-25,STR002,SKU0001,150,0,False,False,0,8,139,False,0.0,5.09,81,3
2024-11-25,STR002,SKU0002,238,3,True,False,0,6,207,False,0.0,8.05,178,4
2024-11-25,STR002,SKU0003,107,12,True,False,0,0,104,False,0.0,7.58,64,2
2024-11-25,STR002,SKU0004,76,58,True,False,0,0,106,False,0.0,7.27,138,8
2024-11-25,STR002,SKU0005,186,0,False,False,0,0,170,False,0.0,13.84,150,7
2024-11-26,STR001,SKU0001,40,91,True,False,1,1,110,False,0.0,3.65,99,3
2024-11-26,STR001,SKU0002,277,0,False,False,0,13,232,False,0.0,6.74,219,4
2024-11-26,STR001,SKU0003,134,0,False,False,0,0,118,False,0.0,3.75,79,2
2024-11-26,STR001,SKU0004,166,1,True,False,0,0,144,False,0.0,10.18,171,8
2024-11-26,STR001,SKU0005,166,15,True,False,0,0,167,False,0.0,10.72,184,7
2024-11-26,STR002,SKU0001,139,0,False,False,0,10,120,False,0.0,5.12,81,3
2024-11-26,STR002,SKU0002,207,0,False,False,0,9,167,False,0.0,5.87,178,4
2024-11-26,STR002,SKU0003,104,0,False,False,0,0,100,False,0.0,7.69,64,2
2024-11-26,STR002,SKU0004,106,6,True,False,0,0,105,False,0.0,6.07,138,8
2024-11-26,STR002,SKU0005,170,0,False,False,0,0,141,False,0.0,10.97,150,7
2024-11-27,STR001,SKU0001,110,38,True,False,0,1,125,False,0.0,4.21,99,3
2024-11-27,STR001,SKU0002,232,0,False,False,0,4,184,False,0.0,5.39,219,4
2024-11-27,STR001,SKU0003,118,0,False,False,0,0,95,False,0.0,3.32,79,2
2024-11-27,STR001,SKU0004,144,5,True,False,0,0,140,False,0.0,10.32,171,8
2024-11-27,STR001,SKU0005,167,16,True,False,0,0,169,False,0.0,10.11,184,7
2024-11-27,STR002,SKU0001,120,3,True,False,0,6,112,False,0.0,6.43,81,3
2024-11-27,STR002,SKU0002,167,59,True,False,0,9,210,False,0.0,6.93,178,4
2024-11-27,STR002,SKU0003,100,0,False,False,0,0,83,False,0.0,7.55,64,2
2024-11-27,STR002,SKU0004,105,7,True,False,0,0,103,False,0.0,6.11,138,8
2024-11-27,STR002,SKU0005,141,8,True,False,0,0,136,False,0.0,8.73,150,7
2024-11-28,STR001,SKU0001,125,0,False,False,0,0,101,False,0.0,3.52,99,3
2024-11-28,STR001,SKU0002,184,162,True,False,0,12,306,False,0.0,8.3,219,4
2024-11-28,STR001,SKU0003,95,50,True,False,0,0,118,False,0.0,4.46,79,2
2024-11-28,STR001,SKU0004,140,42,True,False,0,0,175,False,0.0,14.94,171,8
2024-11-28,STR001,SKU0005,169,30,True,False,0,0,174,False,0.0,11.28,184,7
2024-11-28,STR002,SKU0001,112,0,False,False,0,10,99,False,0.0,6.86,81,3
2024-11-28,STR002,SKU0002,210,0,False,False,0,9,186,False,0.0,6.75,178,4
2024-11-28,STR002,SKU0003,83,59,True,False,0,0,129,False,0.0,10.5,64,2
2024-11-28,STR002,SKU0004,103,3,True,False,0,0,97,False,0.0,5.75,138,8
2024-11-28,STR002,SKU0005,136,4,True,False,0,0,128,False,0.0,8.07,150,7
2024-11-29,STR001,SKU0001,101,0,False,False,0,0,87,False,0.0,2.83,99,3
2024-11-29,STR001,SKU0002,306,0,False,False,0,10,282,False,0.0,7.8,219,4
2024-11-29,STR001,SKU0003,118,0,False,False,0,0,107,False,0.0,4.07,79,2
2024-11-29,STR001,SKU0004,175,0,False,False,0,0,165,False,0.0,14.44,171,8
2024-11-29,STR001,SKU0005,174,26,True,False,0,0,190,False,0.0,10.81,184,7
2024-11-29,STR002,SKU0001,99,0,False,False,0,3,88,False,0.0,8.68,81,3
2024-11-29,STR002,SKU0002,186,0,False,False,0,4,159,False,0.0,6.43,178,4
2024-11-29,STR002,SKU0003,129,0,False,False,0,0,101,False,0.0,7.94,64,2
2024-11-29,STR002,SKU0004,97,15,True,False,0,0,109,False,0.0,6.58,138,8
2024-11-29,STR002,SKU0005,128,7,True,False,0,0,128,False,0.0,8.37,150,7
2024-11-30,STR001,SKU0001,87,94,True,False,0,3,129,False,0.0,4.88,99,3
2024-11-30,STR001,SKU0002,282,27,True,False,0,12,239,False,0.0,7.67,219,4
2024-11-30,STR001,SKU0003,107,0,False,False,0,0,85,False,0.0,3.74,79,2
2024-11-30,STR001,SKU0004,165,0,True,True,0,0,140,False,0.0,12.73,171,8
2024-11-30,STR001,SKU0005,190,0,False,False,0,0,173,False,0.0,9.93,184,7
2024-11-30,STR002,SKU0001,88,0,False,False,0,6,77,False,0.0,8.56,81,3
2024-11-30,STR002,SKU0002,159,93,True,False,1,4,217,False,0.0,8.63,178,4
2024-11-30,STR002,SKU0003,101,0,False,False,0,0,73,False,0.0,4.78,64,2
2024-11-30,STR002,SKU0004,109,5,True,False,0,0,89,False,0.0,5.66,138,8
2024-11-30,STR002,SKU0005,128,17,True,False,0,0,117,False,0.0,8.11,150,7
2024-12-01,STR001,SKU0001,129,72,True,False,1,5,188,False,0.0,6.36,99,3
2024-12-01,STR001,SKU0002,239,0,False,False,0,4,203,False,0.0,6.4,219,4
2024-12-01,STR001,SKU0003,85,77,True,False,0,0,93,False,0.0,4.86,79,2
2024-12-01,STR001,SKU0004,140,30,True,False,0,0,132,False,0.0,9.83,171,8
2024-12-01,STR001,SKU0005,173,0,True,False,0,0,137,False,0.0,7.27,184,7
2024-12-01,STR002,SKU0001,77,42,True,False,1,8,103,False,0.0,18.49,81,3
2024-12-01,STR002,SKU0002,217,0,False,False,0,3,192,False,0.0,8.05,178,4
2024-12-01,STR002,SKU0003,73,74,True,False,0,0,82,False,0.0,4.63,64,2
2024-12-01,STR002,SKU0004,89,59,True,False,0,0,55,False,0.0,3.41,138,8
2024-12-01,STR002,SKU0005,117,44,True,False,0,0,153,False,0.0,9.65,150,7
2024-12-02,STR001,SKU0001,188,0,False,False,0,6,179,False,0.0,6.26,99,3
2024-12-02,STR001,SKU0002,203,6,True,False,0,4,190,False,0.0,5.59,219,4
2024-12-02,STR001,SKU0003,93,0,False,False,0,0,51,False,0.0,2.01,79,2
2024-12-02,STR001,SKU0004,132,19,True,False,0,0,121,False,0.0,7.18,171,8
2024-12-02,STR001,SKU0005,137,0,True,False,0,0,117,False,0.0,6.02,184,7
2024-12-02,STR002,SKU0001,103,0,False,False,0,2,94,False,0.0,16.45,81,3
2024-12-02,STR002,SKU0002,192,0,False,False,0,5,169,False,0.0,7.58,178,4
2024-12-02,STR002,SKU0003,82,0,False,False,0,0,52,False,0.0,2.14,64,2
2024-12-02,STR002,SKU0004,55,42,True,False,0,0,0,True,4.9,0.0,138,8
2024-12-02,STR002,SKU0005,153,0,False,False,0,0,140,False,0.0,8.67,150,7
2024-12-03,STR001,SKU0001,179,0,False,False,0,15,160,False,0.0,8.12,99,3
2024-12-03,STR001,SKU0002,190,22,True,False,0,2,173,False,0.0,5.43,219,4
2024-12-03,STR001,SKU0003,51,147,True,False,0,0,142,False,0.0,4.73,79,2
2024-12-03,STR001,SKU0004,121,46,True,False,0,0,149,False,0.0,7.35,171,8
2024-12-03,STR001,SKU0005,117,8,True,False,0,0,120,False,0.0,6.18,184,7
2024-12-03,STR002,SKU0001,94,0,False,False,0,3,83,False,0.0,13.2,81,3
2024-12-03,STR002,SKU0002,169,57,True,False,0,4,198,False,0.0,9.49,178,4
2024-12-03,STR002,SKU0003,52,77,True,False,0,0,91,False,0.0,3.44,64,2
2024-12-03,STR002,SKU0004,0,111,True,False,1,0,75,False,0.0,2.16,138,8
2024-12-03,STR002,SKU0005,140,3,True,False,0,0,129,False,0.0,8.21,150,7
2024-12-04,STR001,SKU0001,160,0,False,False,0,11,143,False,0.0,8.14,99,3
2024-12-04,STR001,SKU0002,173,39,True,False,0,1,168,False,0.0,5.16,219,4
2024-12-04,STR001,SKU0003,142,5,True,False,0,0,87,False,0.0,2.44,79,2
2024-12-04,STR001,SKU0004,149,1,True,False,0,0,127,False,0.0,6.49,171,8
2024-12-04,STR001,SKU0005,120,62,True,False,0,0,178,False,0.0,9.81,184,7
2024-12-04,STR002,SKU0001,83,0,False,False,0,2,77,False,0.0,12.53,81,3
2024-12-04,STR002,SKU0002,198,0,False,False,0,11,167,False,0.0,8.41,178,4
2024-12-04,STR002,SKU0003,91,70,True,False,0,0,119,False,0.0,3.8,64,2
2024-12-04,STR002,SKU0004,75,0,True,True,0,0,57,False,0.0,1.47,138,8
2024-12-04,STR002,SKU0005,129,50,True,False,0,0,169,False,0.0,12.45,150,7
2024-12-05,STR001,SKU0001,143,57,True,False,0,22,172,False,0.0,11.25,99,3
2024-12-05,STR001,SKU0002,168,108,True,False,1,10,234,False,0.0,7.22,219,4
2024-12-05,STR001,SKU0003,87,0,False,False,0,0,55,False,0.0,1.34,79,2
2024-12-05,STR001,SKU0004,127,3,True,False,0,0,73,False,0.0,3.38,171,8
2024-12-05,STR001,SKU0005,178,38,True,False,0,0,208,False,0.0,12.44,184,7
2024-12-05,STR002,SKU0001,77,88,True,False,0,12,150,False,0.0,25.0,81,3
2024-12-05,STR002,SKU0002,167,29,True,False,1,6,171,False,0.0,7.88,178,4
2024-12-05,STR002,SKU0003,119,0,False,False,0,0,61,False,0.0,1.75,64,2
2024-12-05,STR002,SKU0004,57,87,True,False,0,0,98,False,0.0,2.45,138,8
2024-12-05,STR002,SKU0005,169,0,False,False,0,0,162,False,0.0,12.33,150,7
2024-12-06,STR001,SKU0001,172,0,False,False,0,17,143,False,0.0,11.25,99,3
2024-12-06,STR001,SKU0002,234,0,False,False,0,4,209,False,0.0,6.36,219,4
2024-12-06,STR001,SKU0003,55,56,True,False,0,0,31,False,0.0,0.74,79,2
2024-12-06,STR001,SKU0004,73,66,True,False,0,0,100,False,0.0,3.48,171,8
2024-12-06,STR001,SKU0005,208,0,False,False,0,0,185,False,0.0,12.95,184,7
2024-12-06,STR002,SKU0001,150,0,False,False,0,11,131,False,0.0,21.83,81,3
2024-12-06,STR002,SKU0002,171,105,True,False,0,13,230,False,0.0,10.39,178,4
2024-12-06,STR002,SKU0003,61,72,True,False,0,0,77,False,0.0,1.87,64,2
2024-12-06,STR002,SKU0004,98,11,True,False,0,0,78,False,0.0,1.72,138,8
2024-12-06,STR002,SKU0005,162,0,False,False,0,0,157,False,0.0,12.63,150,7
2024-12-07,STR001,SKU0001,143,0,False,False,0,6,125,False,0.0,10.06,99,3
2024-12-07,STR001,SKU0002,209,167,True,False,0,22,331,False,0.0,9.78,219,4
2024-12-07,STR001,SKU0003,31,165,True,False,1,0,141,False,0.0,2.73,79,2
2024-12-07,STR001,SKU0004,100,5,True,False,0,0,72,False,0.0,2.19,171,8
2024-12-07,STR001,SKU0005,185,0,False,False,0,0,169,False,0.0,10.47,184,7
2024-12-07,STR002,SKU0001,131,0,False,False,0,6,125,False,0.0,20.83,81,3
2024-12-07,STR002,SKU0002,230,0,False,False,0,5,198,False,0.0,8.4,178,4
2024-12-07,STR002,SKU0003,77,13,True,False,0,0,70,False,0.0,1.55,64,2
2024-12-07,STR002,SKU0004,78,0,True,True,0,0,46,False,0.0,0.93,138,8
2024-12-07,STR002,SKU0005,157,0,False,False,0,0,148,False,0.0,12.19,150,7
2024-12-08,STR001,SKU0001,125,0,False,False,0,1,106,False,0.0,14.84,99,3
2024-12-08,STR001,SKU0002,331,0,False,False,0,13,289,False,0.0,10.01,219,4
2024-12-08,STR001,SKU0003,141,0,False,False,0,0,61,False,0.0,1.09,79,2
2024-12-08,STR001,SKU0004,72,79,True,False,0,0,117,False,0.0,3.44,171,8
2024-12-08,STR001,SKU0005,169,52,True,False,0,0,202,False,0.0,12.62,184,7
2024-12-08,STR002,SKU0001,125,0,False,False,0,10,103,False,0.0,19.49,81,3
2024-12-08,STR002,SKU0002,198,0,False,False,0,1,166,False,0.0,7.17,178,4
2024-12-08,STR002,SKU0003,70,0,False,False,0,0,41,False,0.0,0.93,64,2
2024-12-08,STR002,SKU0004,46,101,True,False,0,0,126,False,0.0,2.51,138,8
2024-12-08,STR002,SKU0005,148,2,True,False,0,1,134,False,0.0,14.21,150,7
2024-12-09,STR001,SKU0001,106,28,True,False,0,8,118,False,0.0,13.54,99,3
2024-12-09,STR001,SKU0002,289,0,False,False,0,8,250,False,0.0,8.79,219,4
2024-12-09,STR001,SKU0003,61,102,True,False,0,0,119,False,0.0,2.06,79,2
2024-12-09,STR001,SKU0004,117,54,True,False,0,0,99,False,0.0,2.96,171,8
2024-12-09,STR001,SKU0005,202,3,True,False,0,0,181,False,0.0,13.34,184,7
2024-12-09,STR002,SKU0001,103,5,True,False,1,9,93,False,0.0,15.5,81,3
2024-12-09,STR002,SKU0002,166,110,True,False,1,9,246,False,0.0,10.07,178,4
2024-12-09,STR002,SKU0003,41,75,True,False,0,0,91,False,0.0,2.33,64,2
2024-12-09,STR002,SKU0004,126,2,True,False,0,0,82,False,0.0,2.05,138,8
2024-12-09,STR002,SKU0005,134,45,True,False,0,0,153,False,0.0,14.67,150,7
2024-12-10,STR001,SKU0001,118,0,False,False,0,2,114,False,0.0,12.09,99,3
2024-12-10,STR001,SKU0002,250,3,True,False,0,7,220,False,0.0,7.16,219,4
2024-12-10,STR001,SKU0003,119,6,True,False,0,0,83,False,0.0,1.43,79,2
2024-12-10,STR001,SKU0004,99,2,True,False,0,0,59,False,0.0,1.5,171,8
2024-12-10,STR001,SKU0005,181,40,True,False,0,1,207,False,0.0,14.64,184,7
2024-12-10,STR002,SKU0001,93,0,False,False,0,0,76,False,0.0,13.3,81,3
2024-12-10,STR002,SKU0002,246,4,True,False,0,5,219,False,0.0,8.86,178,4
2024-12-10,STR002,SKU0003,91,40,True,False,0,0,112,False,0.0,2.93,64,2
2024-12-10,STR002,SKU0004,82,75,True,False,0,0,111,False,0.0,3.39,138,8
2024-12-10,STR002,SKU0005,153,0,False,False,0,0,143,False,0.0,11.64,150,7
2024-12-11,STR001,SKU0001,114,0,False,False,0,4,85,False,0.0,9.3,99,3
2024-12-11,STR001,SKU0002,220,0,False,False,0,6,185,False,0.0,6.35,219,4
2024-12-11,STR001,SKU0003,83,0,False,False,0,0,41,False,0.0,0.73,79,2
2024-12-11,STR001,SKU0004,59,46,True,False,0,0,67,False,0.0,1.56,171,8
2024-12-11,STR001,SKU0005,207,0,False,False,0,0,190,False,0.0,12.43,184,7
2024-12-11,STR002,SKU0001,76,18,True,False,1,7,75,False,0.0,10.71,81,3
2024-12-11,STR002,SKU0002,219,0,False,False,0,8,182,False,0.0,7.28,178,4
2024-12-11,STR002,SKU0003,112,0,False,False,0,0,38,False,0.0,1.07,64,2
2024-12-11,STR002,SKU0004,111,2,True,False,0,0,66,False,0.0,1.92,138,8
2024-12-11,STR002,SKU0005,143,17,True,False,0,0,135,False,0.0,11.52,150,7
2024-12-12,STR001,SKU0001,85,45,True,False,0,3,120,False,0.0,10.12,99,3
2024-12-12,STR001,SKU0002,185,29,True,False,0,4,182,False,0.0,6.71,219,4
2024-12-12,STR001,SKU0003,41,104,True,False,1,0,75,False,0.0,1.4,79,2
2024-12-12,STR001,SKU0004,67,84,True,False,0,0,124,False,0.0,2.76,171,8
2024-12-12,STR001,SKU0005,190,0,False,False,0,1,173,False,0.0,10.09,184,7
2024-12-12,STR002,SKU0001,75,58,True,False,0,8,112,False,0.0,14.0,81,3
2024-12-12,STR002,SKU0002,182,0,False,False,0,6,147,False,0.0,5.59,178,4
2024-12-12,STR002,SKU0003,38,51,True,False,0,0,58,False,0.0,1.44,64,2
2024-12-12,STR002,SKU0004,66,31,True,False,0,0,84,False,0.0,2.19,138,8
2024-12-12,STR002,SKU0005,135,30,True,False,0,0,141,False,0.0,10.18,150,7
2024-12-13,STR001,SKU0001,120,0,True,True,0,6,104,False,0.0,8.67,99,3
2024-12-13,STR001,SKU0002,182,195,True,False,3,14,337,False,0.0,12.61,219,4
2024-12-13,STR001,SKU0003,75,87,True,False,0,0,97,False,0.0,1.65,79,2
2024-12-13,STR001,SKU0004,124,4,True,False,0,0,104,False,0.0,2.55,171,8
2024-12-13,STR001,SKU0005,173,9,True,False,0,0,163,False,0.0,8.91,184,7
2024-12-13,STR002,SKU0001,112,52,True,False,0,8,153,False,0.0,16.23,81,3
2024-12-13,STR002,SKU0002,147,24,True,False,0,4,140,False,0.0,5.03,178,4
2024-12-13,STR002,SKU0003,58,71,True,False,0,0,71,False,0.0,1.96,64,2
2024-12-13,STR002,SKU0004,84,27,True,False,0,0,75,False,0.0,2.22,138,8
2024-12-13,STR002,SKU0005,141,35,True,False,0,0,155,False,0.0,9.52,150,7
2024-12-14,STR001,SKU0001,104,0,False,False,0,6,78,False,0.0,6.66,99,3
2024-12-14,STR001,SKU0002,337,0,False,False,0,7,298,False,0.0,11.04,219,4
2024-12-14,STR001,SKU0003,97,0,False,False,0,0,0,True,2.6,0.0,79,2
2024-12-14,STR001,SKU0004,104,3,True,False,0,0,15,False,0.0,0.39,171,8
2024-12-14,STR001,SKU0005,163,35,True,False,0,0,174,False,0.0,9.82,184,7
2024-12-14,STR002,SKU0001,153,0,False,False,0,13,130,False,0.0,14.92,81,3
2024-12-14,STR002,SKU0002,140,139,True,False,0,6,243,False,0.0,9.0,178,4
2024-12-14,STR002,SKU0003,71,0,False,False,0,0,33,False,0.0,0.9,64,2
2024-12-14,STR002,SKU0004,75,64,True,False,0,0,117,False,0.0,3.4,138,8
2024-12-14,STR002,SKU0005,155,0,False,False,0,0,125,False,0.0,6.73,150,7
2024-12-15,STR001,SKU0001,78,119,True,False,1,12,167,False,0.0,12.99,99,3
2024-12-15,STR001,SKU0002,298,11,True,False,0,6,263,False,0.0,9.3,219,4
2024-12-15,STR001,SKU0003,0,125,True,False,0,0,17,False,0.0,0.27,79,2
2024-12-15,STR001,SKU0004,15,124,True,False,0,0,0,True,3.0,0.0,171,8
2024-12-15,STR001,SKU0005,174,5,True,False,0,0,162,False,0.0,8.59,184,7
2024-12-15,STR002,SKU0001,130,0,False,False,0,12,109,False,0.0,10.75,81,3
2024-12-15,STR002,SKU0002,243,0,True,False,0,11,201,False,0.0,7.33,178,4
2024-12-15,STR002,SKU0003,33,101,True,False,0,0,106,False,0.0,2.71,64,2
2024-12-15,STR002,SKU0004,117,17,True,False,0,0,93,False,0.0,2.82,138,8
2024-12-15,STR002,SKU0005,125,21,True,False,0,0,110,False,0.0,5.1,150,7
2024-12-16,STR001,SKU0001,167,0,False,False,0,9,156,False,0.0,12.27,99,3
2024-12-16,STR001,SKU0002,263,0,False,False,0,4,220,False,0.0,7.37,219,4
2024-12-16,STR001,SKU0003,17,108,True,False,0,0,43,False,0.0,0.64,79,2
2024-12-16,STR001,SKU0004,0,136,True,False,0,0,0,True,6.8,0.0,171,8
2024-12-16,STR001,SKU0005,162,5,True,False,0,0,149,False,0.0,8.02,184,7
2024-12-16,STR002,SKU0001,109,0,False,False,0,3,98,False,0.0,10.09,81,3
2024-12-16,STR002,SKU0002,201,0,False,False,0,4,183,False,0.0,6.67,178,4
2024-12-16,STR002,SKU0003,106,55,True,False,0,0,115,False,0.0,2.95,64,2
2024-12-16,STR002,SKU0004,93,32,True,False,0,0,26,False,0.0,0.73,138,8
2024-12-16,STR002,SKU0005,110,4,True,False,0,0,79,False,0.0,3.22,150,7
2024-12-17,STR001,SKU0001,156,5,True,False,0,20,134,False,0.0,11.3,99,3
2024-12-17,STR001,SKU0002,220,0,False,False,0,2,171,False,0.0,5.52,219,4
2024-12-17,STR001,SKU0003,43,69,True,False,0,0,29,False,0.0,0.4,79,2
2024-12-17,STR001,SKU0004,0,184,True,False,0,0,120,False,0.0,1.69,171,8
2024-12-17,STR001,SKU0005,149,4,True,False,0,0,136,False,0.0,7.68,184,7
2024-12-17,STR002,SKU0001,98,50,True,False,0,12,134,False,0.0,13.21,81,3
2024-12-17,STR002,SKU0002,183,0,False,False,0,4,154,False,0.0,5.8,178,4
2024-12-17,STR002,SKU0003,115,0,False,False,0,0,78,False,0.0,1.86,64,2
2024-12-17,STR002,SKU0004,26,83,True,False,0,0,77,False,0.0,1.77,138,8
2024-12-17,STR002,SKU0005,79,56,True,False,0,0,100,False,0.0,3.87,150,7
2024-12-18,STR001,SKU0001,134,0,False,False,0,5,116,False,0.0,9.23,99,3
2024-12-18,STR001,SKU0002,171,207,True,False,0,13,344,False,0.0,10.12,219,4
2024-12-18,STR001,SKU0003,29,148,True,False,0,0,105,False,0.0,1.35,79,2
2024-12-18,STR001,SKU0004,120,18,True,False,0,0,0,True,6.9,0.0,171,8
2024-12-18,STR001,SKU0005,136,0,True,True,0,0,118,False,0.0,6.45,184,7
2024-12-18,STR002,SKU0001,134,0,False,False,0,9,117,False,0.0,14.62,81,3
2024-12-18,STR002,SKU0002,154,127,True,False,0,11,233,False,0.0,8.82,178,4
2024-12-18,STR002,SKU0003,78,0,False,False,0,0,53,False,0.0,1.19,64,2
2024-12-18,STR002,SKU0004,77,6,True,False,0,0,54,False,0.0,1.3,138,8
2024-12-18,STR002,SKU0005,100,60,True,False,0,0,140,False,0.0,4.76,150,7
2024-12-19,STR001,SKU0001,116,0,False,False,0,2,105,False,0.0,9.67,99,3
2024-12-19,STR001,SKU0002,344,0,False,False,0,13,315,False,0.0,9.59,219,4
2024-12-19,STR001,SKU0003,105,21,True,False,0,0,90,False,0.0,1.09,79,2
2024-12-19,STR001,SKU0004,0,134,True,False,0,0,96,False,0.0,1.08,171,8
2024-12-19,STR001,SKU0005,118,45,True,False,0,0,137,False,0.0,7.43,184,7
2024-12-19,STR002,SKU0001,117,0,False,False,0,7,102,False,0.0,13.47,81,3
2024-12-19,STR002,SKU0002,233,0,False,False,0,8,195,False,0.0,7.07,178,4
2024-12-19,STR002,SKU0003,53,39,True,False,0,0,61,False,0.0,1.62,64,2
2024-12-19,STR002,SKU0004,54,43,True,False,0,0,78,False,0.0,2.01,138,8
2024-12-19,STR002,SKU0005,140,23,True,False,0,0,127,False,0.0,4.42,150,7
2024-12-20,STR001,SKU0001,105,0,False,False,0,1,76,False,0.0,6.82,99,3
2024-12-20,STR001,SKU0002,315,0,True,True,0,20,281,False,0.0,9.02,219,4
2024-12-20,STR001,SKU0003,90,0,False,False,0,0,49,False,0.0,0.63,79,2
2024-12-20,STR001,SKU0004,96,23,True,False,0,0,0,True,5.6,0.0,171,8
2024-12-20,STR001,SKU0005,137,100,True,False,1,0,214,False,0.0,10.78,184,7
2024-12-20,STR002,SKU0001,102,0,False,False,0,6,90,False,0.0,13.12,81,3
2024-12-20,STR002,SKU0002,195,83,True,False,1,10,231,False,0.0,8.34,178,4
2024-12-20,STR002,SKU0003,61,27,True,False,1,0,52,False,0.0,1.38,64,2
2024-12-20,STR002,SKU0004,78,6,True,False,0,0,80,False,0.0,2.01,138,8
2024-12-20,STR002,SKU0005,127,3,True,False,0,0,114,False,0.0,3.75,150,7
2024-12-21,STR001,SKU0001,76,110,True,False,2,0,100,False,0.0,7.29,99,3
2024-12-21,STR001,SKU0002,281,51,False,False,1,12,294,False,0.0,9.85,219,4
2024-12-21,STR001,SKU0003,49,96,True,False,0,0,74,False,0.0,1.0,79,2
2024-12-21,STR001,SKU0004,0,185,True,False,0,0,90,False,0.0,0.87,171,8
2024-12-21,STR001,SKU0005,214,21,False,False,0,0,220,False,0.0,10.85,184,7
2024-12-21,STR002,SKU0001,90,5,True,False,0,4,87,False,0.0,11.94,81,3
2024-12-21,STR002,SKU0002,231,0,False,False,0,7,194,False,0.0,6.69,178,4
2024-12-21,STR002,SKU0003,52,49,True,False,0,0,54,False,0.0,1.58,64,2
2024-12-21,STR002,SKU0004,80,17,True,False,0,0,79,False,0.0,2.25,138,8
2024-12-21,STR002,SKU0005,114,2,True,False,0,0,100,False,0.0,3.37,150,7
2024-12-22,STR001,SKU0001,100,0,False,False,0,1,54,False,0.0,2.36,99,3
2024-12-22,STR001,SKU0002,294,0,False,False,0,12,233,False,0.0,8.07,219,4
2024-12-22,STR001,SKU0003,74,106,True,False,0,0,114,False,0.0,1.62,79,2
2024-12-22,STR001,SKU0004,90,60,True,False,0,0,0,True,6.1,0.0,171,8
2024-12-22,STR001,SKU0005,220,0,False,False,0,0,206,False,0.0,10.84,184,7
2024-12-22,STR002,SKU0001,87,0,False,False,0,3,72,False,0.0,11.2,81,3
2024-12-22,STR002,SKU0002,194,0,False,False,0,2,168,False,0.0,5.79,178,4
2024-12-22,STR002,SKU0003,54,34,True,False,0,0,22,False,0.0,0.62,64,2
2024-12-22,STR002,SKU0004,79,55,True,False,0,0,91,False,0.0,2.63,138,8
2024-12-22,STR002,SKU0005,100,45,True,False,0,0,130,False,0.0,4.69,150,7
2024-12-23,STR001,SKU0001,54,60,True,False,0,1,79,False,0.0,2.94,99,3
2024-12-23,STR001,SKU0002,233,0,False,False,0,8,186,False,0.0,6.17,219,4
2024-12-23,STR001,SKU0003,114,0,False,False,0,0,58,False,0.0,0.9,79,2
2024-12-23,STR001,SKU0004,0,120,True,False,1,0,50,False,0.0,0.47,171,8
2024-12-23,STR001,SKU0005,206,0,False,False,0,0,197,False,0.0,10.61,184,7
2024-12-23,STR002,SKU0001,72,94,True,False,0,15,149,False,0.0,21.73,81,3
2024-12-23,STR002,SKU0002,168,55,True,False,0,4,185,False,0.0,6.61,178,4
2024-12-23,STR002,SKU0003,22,0,True,True,0,0,0,True,5.4,0.0,64,2
2024-12-23,STR002,SKU0004,91,6,True,False,0,0,84,False,0.0,2.41,138,8
2024-12-23,STR002,SKU0005,130,47,True,False,0,0,170,False,0.0,6.88,150,7
2024-12-24,STR001,SKU0001,79,107,True,False,0,1,160,False,0.0,5.09,99,3
2024-12-24,STR001,SKU0002,186,191,True,False,1,18,311,False,0.0,10.32,219,4
2024-12-24,STR001,SKU0003,58,140,True,False,0,0,149,False,0.0,2.45,79,2
2024-12-24,STR001,SKU0004,50,72,True,False,0,0,0,True,2.4,0.0,171,8
2024-12-24,STR001,SKU0005,197,0,False,False,0,0,189,False,0.0,10.93,184,7
2024-12-24,STR002,SKU0001,149,0,False,False,0,9,131,False,0.0,21.83,81,3
2024-12-24,STR002,SKU0002,185,0,False,False,0,0,161,False,0.0,5.22,178,4
2024-12-24,STR002,SKU0003,0,132,True,False,1,0,92,False,0.0,2.45,64,2
2024-12-24,STR002,SKU0004,84,28,True,False,0,0,105,False,0.0,4.65,138,8
2024-12-24,STR002,SKU0005,170,0,False,False,0,0,161,False,0.0,7.77,150,7
2024-12-25,STR001,SKU0001,160,3,True,False,1,6,36,False,0.0,1.06,99,3
2024-12-25,STR001,SKU0002,311,65,True,False,0,16,324,False,0.0,10.75,219,4
2024-12-25,STR001,SKU0003,149,0,True,True,0,0,94,False,0.0,1.68,79,2
2024-12-25,STR001,SKU0004,0,104,True,False,0,0,38,False,0.0,0.36,171,8
2024-12-25,STR001,SKU0005,189,3,True,False,0,0,181,False,0.0,11.31,184,7
2024-12-25,STR002,SKU0001,131,5,True,False,0,13,116,False,0.0,16.57,81,3
2024-12-25,STR002,SKU0002,161,64,True,False,0,3,167,False,0.0,5.44,178,4
2024-12-25,STR002,SKU0003,92,64,True,False,1,0,106,False,0.0,2.8,64,2
2024-12-25,STR002,SKU0004,105,0,True,False,0,0,89,False,0.0,4.68,138,8
2024-12-25,STR002,SKU0005,161,5,True,False,0,0,152,False,0.0,8.94,150,7
2024-12-26,STR001,SKU0001,36,150,True,False,0,2,156,False,0.0,3.17,99,3
2024-12-26,STR001,SKU0002,324,0,False,False,0,12,277,False,0.0,8.58,219,4
2024-12-26,STR001,SKU0003,94,0,False,False,0,0,17,False,0.0,0.32,79,2
2024-12-26,STR001,SKU0004,38,96,True,False,0,0,0,True,2.1,0.0,171,8
2024-12-26,STR001,SKU0005,181,3,True,False,0,0,175,False,0.0,11.67,184,7
2024-12-26,STR002,SKU0001,116,0,False,False,0,4,102,False,0.0,14.88,81,3
2024-12-26,STR002,SKU0002,167,3,True,False,0,3,136,False,0.0,4.09,178,4
2024-12-26,STR002,SKU0003,106,0,False,False,0,0,62,False,0.0,1.5,64,2
2024-12-26,STR002,SKU0004,89,21,True,False,0,0,80,False,0.0,4.67,138,8
2024-12-26,STR002,SKU0005,152,0,False,False,0,0,126,False,0.0,7.81,150,7
2024-12-27,STR001,SKU0001,156,0,False,False,0,1,101,False,0.0,1.94,99,3
2024-12-27,STR001,SKU0002,277,0,False,False,0,7,244,False,0.0,6.97,219,4
2024-12-27,STR001,SKU0003,17,161,True,False,0,0,108,False,0.0,1.82,79,2
2024-12-27,STR001,SKU0004,0,106,True,False,0,0,93,False,0.0,0.86,171,8
2024-12-27,STR001,SKU0005,175,5,True,False,0,0,169,False,0.0,13.44,184,7
2024-12-27,STR002,SKU0001,102,0,False,False,0,2,96,False,0.0,13.44,81,3
2024-12-27,STR002,SKU0002,136,140,True,False,1,10,247,False,0.0,7.39,178,4
2024-12-27,STR002,SKU0003,62,70,True,False,2,0,76,False,0.0,1.76,64,2
2024-12-27,STR002,SKU0004,80,2,True,False,0,0,52,False,0.0,2.78,138,8
2024-12-27,STR002,SKU0005,126,52,True,False,0,0,165,False,0.0,11.21,150,7
2024-12-28,STR001,SKU0001,101,0,False,False,0,1,56,False,0.0,1.01,99,3
2024-12-28,STR001,SKU0002,244,0,False,False,0,8,208,False,0.0,5.67,219,4
2024-12-28,STR001,SKU0003,108,22,True,False,0,0,52,False,0.0,0.82,79,2
2024-12-28,STR001,SKU0004,93,93,True,False,0,0,133,False,0.0,1.43,171,8
2024-12-28,STR001,SKU0005,169,29,True,False,0,0,146,False,0.0,13.27,184,7
2024-12-28,STR002,SKU0001,96,0,False,False,0,3,86,False,0.0,12.54,81,3
2024-12-28,STR002,SKU0002,247,0,False,False,0,2,229,False,0.0,7.42,178,4
2024-12-28,STR002,SKU0003,76,26,True,False,0,0,43,False,0.0,0.94,64,2
2024-12-28,STR002,SKU0004,52,99,True,False,0,0,136,False,0.0,6.06,138,8
2024-12-28,STR002,SKU0005,165,0,False,False,0,0,147,False,0.0,10.29,150,7
2024-12-29,STR001,SKU0001,56,0,True,True,0,0,0,True,4.2,0.0,99,3
2024-12-29,STR001,SKU0002,208,67,True,False,2,5,206,False,0.0,5.55,219,4
2024-12-29,STR001,SKU0003,52,112,True,False,0,0,126,False,0.0,1.96,79,2
2024-12-29,STR001,SKU0004,133,33,True,False,0,0,131,False,0.0,1.51,171,8
2024-12-29,STR001,SKU0005,146,15,True,False,0,0,140,False,0.0,8.6,184,7
2024-12-29,STR002,SKU0001,86,50,True,False,0,7,117,False,0.0,16.06,81,3
2024-12-29,STR002,SKU0002,229,0,False,False,0,5,192,False,0.0,6.65,178,4
2024-12-29,STR002,SKU0003,43,59,True,False,0,0,55,False,0.0,1.16,64,2
2024-12-29,STR002,SKU0004,136,5,True,False,0,0,115,False,0.0,5.23,138,8
2024-12-29,STR002,SKU0005,147,13,True,False,0,0,142,False,0.0,9.75,150,7
2024-12-30,STR001,SKU0001,0,168,True,False,0,2,120,False,0.0,2.33,99,3
2024-12-30,STR001,SKU0002,206,39,True,False,0,5,213,False,0.0,5.46,219,4
2024-12-30,STR001,SKU0003,126,0,False,False,0,0,83,False,0.0,1.37,79,2
2024-12-30,STR001,SKU0004,131,2,True,False,0,0,123,False,0.0,1.75,171,8
2024-12-30,STR001,SKU0005,140,23,True,False,0,0,140,False,0.0,8.1,184,7
2024-12-30,STR002,SKU0001,117,0,False,False,0,4,111,False,0.0,15.24,81,3
2024-12-30,STR002,SKU0002,192,34,True,False,0,7,190,False,0.0,6.33,178,4
2024-12-30,STR002,SKU0003,55,49,True,False,0,0,80,False,0.0,1.78,64,2
2024-12-30,STR002,SKU0004,115,3,True,False,0,0,57,False,0.0,2.91,138,8
2024-12-30,STR002,SKU0005,142,4,True,False,0,0,127,False,0.0,8.47,150,7
2024-12-31,STR001,SKU0001,120,0,False,False,0,0,113,False,0.0,2.12,99,3
2024-12-31,STR001,SKU0002,213,33,True,False,0,8,227,False,0.0,6.09,219,4
2024-12-31,STR001,SKU0003,83,64,True,False,0,0,94,False,0.0,1.6,79,2
2024-12-31,STR001,SKU0004,123,59,True,False,0,1,130,False,0.0,2.1,171,8
2024-12-31,STR001,SKU0005,140,40,True,False,0,0,140,False,0.0,7.26,184,7
2024-12-31,STR002,SKU0001,111,0,False,False,0,5,100,False,0.0,13.73,81,3
2024-12-31,STR002,SKU0002,190,0,False,False,0,5,163,False,0.0,5.57,178,4
2024-12-31,STR002,SKU0003,80,40,True,False,0,0,80,False,0.0,1.77,64,2
2024-12-31,STR002,SKU0004,57,43,True,False,0,1,76,False,0.0,2.88,138,8
2024-12-31,STR002,SKU0005,127,36,True,False,0,0,152,False,0.0,9.09,150,7
