store_id,sku_id,category,service_level,safety_stock,reorder_point,is_perishable
STR001,SKU0001,Fresh Produce,0.6551,8.1351,44.1976,True
STR001,SKU0002,Dairy & Eggs,0.736,12.0579,147.8652,True
STR001,SKU0003,Ambient Grocery,0.995,22.7908,84.5508,False
STR001,SKU0004,Beverages,0.9913,79.1408,236.0363,False
STR001,SKU0005,Bakery,0.9895,58.359,169.0716,False
STR001,SKU0006,Fresh Produce,0.5777,3.995,56.514,True
STR001,SKU0007,Dairy & Eggs,0.7504,11.1815,69.1976,True
STR001,SKU0008,Frozen,0.9916,22.8512,27.3128,True
STR001,SKU0009,Snacks & Confectionery,0.995,34.8048,70.9807,False
STR001,SKU0010,Seasonal,0.995,30.304,49.4029,False
STR001,SKU0011,Household & Cleaning,0.995,22.7908,27.6201,False
STR001,SKU0012,Dairy & Eggs,0.995,42.627,199.002,False
STR001,SKU0013,Household & Cleaning,0.9933,34.6196,45.2606,False
STR001,SKU0014,Seasonal,0.995,42.8563,68.8563,False
STR001,SKU0015,Frozen,0.9664,34.9876,108.8777,True
STR001,SKU0016,Snacks & Confectionery,0.9936,58.2859,166.8612,False
STR001,SKU0017,Ambient Grocery,0.995,36.0355,66.2824,False
STR001,SKU0018,Ambient Grocery,0.995,16.1155,34.3655,False
STR001,SKU0019,Fresh Produce,0.6723,5.2511,11.5844,True
STR001,SKU0020,Dairy & Eggs,0.8644,10.5137,39.4587,True
STR001,SKU0021,Household & Cleaning,0.995,22.7908,49.0546,False
STR001,SKU0022,Bakery,0.5,0.0,117.7895,True
STR001,SKU0023,Frozen,0.995,34.8048,42.6599,False
STR001,SKU0024,Fresh Produce,0.5329,1.3745,86.7554,True
STR001,SKU0025,Beverages,0.9938,58.8708,117.7279,False
STR001,SKU0026,Fresh Produce,0.5101,0.4207,22.113,True
STR001,SKU0027,Ambient Grocery,0.9929,40.6045,78.8352,False
STR001,SKU0028,Seasonal,0.9934,58.3355,68.4015,False
STR001,SKU0029,Fresh Produce,0.5798,4.1027,90.7468,True
STR001,SKU0030,Ambient Grocery,0.9919,39.7987,101.2806,False
STR001,SKU0031,Health & Beauty,0.995,32.2311,82.2091,False
STR001,SKU0032,Beverages,0.995,74.2293,169.4436,False
STR001,SKU0033,Seasonal,0.9906,78.1863,130.4848,False
STR001,SKU0034,Snacks & Confectionery,0.995,24.6107,38.0723,False
STR001,SKU0035,Household & Cleaning,0.9919,39.8266,184.8731,False
STR001,SKU0036,Household & Cleaning,0.995,27.913,63.3195,False
STR001,SKU0037,Dairy & Eggs,0.8618,10.4011,31.0915,True
STR001,SKU0038,Ambient Grocery,0.995,27.913,72.9606,False
STR001,SKU0039,Beverages,0.9944,66.6749,180.0815,False
STR001,SKU0040,Beverages,0.9922,56.9028,79.2765,False
STR001,SKU0041,Fresh Produce,0.5,0.0,65.5652,True
STR001,SKU0042,Ambient Grocery,0.9931,40.7281,114.0843,False
STR001,SKU0043,Ambient Grocery,0.995,16.1155,19.7497,False
STR001,SKU0044,Fresh Produce,0.5,0.0,137.2747,True
STR001,SKU0045,Ambient Grocery,0.9936,41.2211,58.1211,False
STR001,SKU0046,Bakery,0.6339,3.2704,17.621,True
STR001,SKU0047,Fresh Produce,0.5278,0.8197,16.5397,True
STR001,SKU0048,Beverages,0.9948,67.3675,170.6092,False
STR001,SKU0049,Frozen,0.995,42.627,54.0744,False
STR001,SKU0050,Snacks & Confectionery,0.9935,62.7791,201.2425,False
STR001,SKU0051,Snacks & Confectionery,0.995,24.6107,61.2211,False
STR001,SKU0052,Ambient Grocery,0.9925,43.0668,122.6668,False
STR001,SKU0053,Frozen,0.995,42.627,89.8688,False
STR001,SKU0054,Seasonal,0.995,42.8563,53.0681,False
STR001,SKU0055,Beverages,0.995,42.8563,76.9674,False
STR001,SKU0056,Bakery,0.6099,2.6671,12.2935,True
STR001,SKU0057,Snacks & Confectionery,0.995,34.8048,60.0462,False
STR001,SKU0058,Fresh Produce,0.5,0.0,52.9114,True
STR001,SKU0059,Bakery,0.5395,1.6428,68.2362,True
STR001,SKU0060,Dairy & Eggs,0.995,49.2215,125.0656,False
STR001,SKU0061,Seasonal,0.9944,59.638,112.2534,False
STR001,SKU0062,Ambient Grocery,0.995,32.2311,82.9408,False
STR001,SKU0063,Beverages,0.9915,74.3097,153.002,False
STR001,SKU0064,Health & Beauty,0.995,32.2311,81.0732,False
STR001,SKU0065,Household & Cleaning,0.995,32.2311,80.2311,False
STR001,SKU0066,Snacks & Confectionery,0.9943,48.3899,100.762,False
STR001,SKU0067,Bakery,0.5,0.0,134.5055,True
STR001,SKU0068,Seasonal,0.995,42.8563,58.0758,False
STR001,SKU0069,Beverages,0.995,42.8563,84.7174,False
STR001,SKU0070,Household & Cleaning,0.995,16.1155,21.4892,False
STR001,SKU0071,Fresh Produce,0.5,0.0,39.9121,True
STR001,SKU0072,Ambient Grocery,0.99,38.4923,75.1077,False
STR001,SKU0073,Bakery,0.5,0.0,23.8286,True
STR001,SKU0074,Snacks & Confectionery,0.9919,45.9522,100.5554,False
STR001,SKU0075,Ambient Grocery,0.9072,16.5671,129.0346,True
STR001,SKU0076,Health & Beauty,0.995,22.7908,26.3673,False
STR001,SKU0077,Ambient Grocery,0.995,32.2311,63.3703,False
STR001,SKU0078,Household & Cleaning,0.9913,42.0922,108.0922,False
STR001,SKU0079,Beverages,0.9944,79.0026,312.2426,False
STR001,SKU0080,Dairy & Eggs,0.8419,9.5753,35.4434,True
STR001,SKU0081,Frozen,0.9818,39.9725,51.2452,True
STR001,SKU0082,Frozen,0.995,42.627,82.2995,False
STR001,SKU0083,Snacks & Confectionery,0.9926,46.5634,105.1568,False
STR001,SKU0084,Beverages,0.9946,79.3565,137.4906,False
STR001,SKU0085,Snacks & Confectionery,0.9937,47.6889,106.8977,False
STR001,SKU0086,Household & Cleaning,0.9909,41.7928,164.6844,False
STR001,SKU0087,Dairy & Eggs,0.7168,10.9548,79.7899,True
STR001,SKU0088,Seasonal,0.9913,79.1604,160.5098,False
STR001,SKU0089,Snacks & Confectionery,0.995,24.6107,31.5274,False
STR001,SKU0090,Health & Beauty,0.995,22.7908,26.5571,False
STR001,SKU0091,Bakery,0.995,24.6107,42.0613,False
STR001,SKU0092,Ambient Grocery,0.995,22.7908,56.9908,False
STR001,SKU0093,Frozen,0.9913,55.6356,96.1851,False
STR001,SKU0094,Health & Beauty,0.995,27.913,66.4844,False
STR001,SKU0095,Ambient Grocery,0.995,16.1155,42.5546,False
STR001,SKU0096,Seasonal,0.995,52.4881,94.9826,False
STR001,SKU0097,Dairy & Eggs,0.6013,3.4692,57.7483,True
STR001,SKU0098,Ambient Grocery,0.9915,39.4807,217.3974,False
STR001,SKU0099,Household & Cleaning,0.9937,31.2114,77.8138,False
STR001,SKU0100,Fresh Produce,0.7384,10.6241,54.841,True
STR001,SKU0101,Frozen,0.995,34.8048,48.8488,False
STR001,SKU0102,Beverages,0.9898,72.1293,166.956,False
STR001,SKU0103,Fresh Produce,0.6537,4.6525,16.8465,True
STR001,SKU0104,Household & Cleaning,0.995,16.1155,21.0405,False
STR001,SKU0105,Ambient Grocery,0.9874,39.5879,258.577,False
STR001,SKU0106,Bakery,0.5,0.0,49.5,True
STR001,SKU0107,Snacks & Confectionery,0.9903,63.1892,255.9165,False
STR001,SKU0108,Ambient Grocery,0.9915,36.5703,226.79,False
STR001,SKU0109,Beverages,0.992,74.9816,283.4375,False
STR001,SKU0110,Beverages,0.995,30.304,52.8535,False
STR001,SKU0111,Snacks & Confectionery,0.995,42.627,144.8578,False
STR001,SKU0112,Frozen,0.9942,68.2177,165.0089,False
STR001,SKU0113,Bakery,0.6894,4.7216,32.2159,True
STR001,SKU0114,Snacks & Confectionery,0.9936,62.9937,164.4937,False
STR001,SKU0115,Fresh Produce,0.55,2.0896,41.0126,True
STR001,SKU0116,Snacks & Confectionery,0.995,34.8048,78.5191,False
STR001,SKU0117,Ambient Grocery,0.993,34.3688,119.4787,False
STR001,SKU0118,Ambient Grocery,0.995,22.7908,66.7177,False
STR001,SKU0119,Dairy & Eggs,0.7727,12.3746,56.7746,True
STR001,SKU0120,Seasonal,0.9944,59.678,107.0626,False
STR001,SKU0121,Snacks & Confectionery,0.995,49.2215,99.5611,False
STR001,SKU0122,Ambient Grocery,0.995,16.1155,28.187,False
STR001,SKU0123,Bakery,0.5642,2.6744,55.7144,True
STR001,SKU0124,Beverages,0.995,30.304,51.404,False
STR001,SKU0125,Snacks & Confectionery,0.995,24.6107,45.8206,False
STR001,SKU0126,Health & Beauty,0.995,16.1155,30.7155,False
STR001,SKU0127,Ambient Grocery,0.995,22.7908,47.6718,False
STR001,SKU0128,Ambient Grocery,0.995,27.913,51.593,False
STR001,SKU0129,Fresh Produce,0.5,0.0,32.5185,True
STR001,SKU0130,Fresh Produce,0.5,0.0,46.814,True
STR001,SKU0131,Beverages,0.995,42.8563,58.8563,False
STR001,SKU0132,Ambient Grocery,0.9933,43.7281,259.9634,False
STR001,SKU0133,Frozen,0.995,24.6107,30.1313,False
STR001,SKU0134,Frozen,0.995,42.627,89.4976,False
STR001,SKU0135,Seasonal,0.9942,66.3871,109.2185,False
STR001,SKU0136,Ambient Grocery,0.9914,36.4879,71.2352,False
STR001,SKU0137,Beverages,0.995,30.304,47.5767,False
STR001,SKU0138,Dairy & Eggs,0.7804,7.3907,19.8742,True
STR001,SKU0139,Health & Beauty,0.9918,39.7574,98.4497,False
STR001,SKU0140,Snacks & Confectionery,0.995,42.627,89.3359,False
STR001,SKU0141,Dairy & Eggs,0.8556,14.3302,89.8437,True
STR001,SKU0142,Ambient Grocery,0.9918,39.7486,119.4409,False
STR001,SKU0143,Fresh Produce,0.5,0.0,76.7912,True
STR001,SKU0144,Beverages,0.995,30.304,36.5348,False
STR001,SKU0145,Dairy & Eggs,0.883,11.3695,24.9409,True
STR001,SKU0146,Snacks & Confectionery,0.994,47.9839,87.6839,False
STR001,SKU0147,Ambient Grocery,0.9933,37.8897,199.5051,False
STR001,SKU0148,Fresh Produce,0.5185,1.0894,147.9026,True
STR001,SKU0149,Bakery,0.6469,3.6018,23.6483,True
STR001,SKU0150,Beverages,0.9898,72.1249,146.4459,False
STR002,SKU0001,Fresh Produce,0.6551,8.1351,31.6891,True
STR002,SKU0002,Dairy & Eggs,0.736,12.0579,112.014,True
STR002,SKU0003,Ambient Grocery,0.995,22.7908,73.1908,False
STR002,SKU0004,Beverages,0.9913,79.1408,209.5158,False
STR002,SKU0005,Bakery,0.9895,58.359,153.359,False
STR002,SKU0006,Fresh Produce,0.5777,3.995,48.3463,True
STR002,SKU0007,Dairy & Eggs,0.7504,11.1815,62.3278,True
STR002,SKU0008,Frozen,0.9916,22.8512,26.1271,True
STR002,SKU0009,Snacks & Confectionery,0.995,34.8048,64.4312,False
STR002,SKU0010,Seasonal,0.995,30.304,43.8535,False
STR002,SKU0011,Household & Cleaning,0.995,22.7908,26.6427,False
STR002,SKU0012,Dairy & Eggs,0.995,42.627,179.1712,False
STR002,SKU0013,Household & Cleaning,0.9933,34.6196,45.5184,False
STR002,SKU0014,Seasonal,0.995,42.8563,64.2563,False
STR002,SKU0015,Frozen,0.9664,34.9876,92.9217,True
STR002,SKU0016,Snacks & Confectionery,0.9936,58.2859,157.9123,False
STR002,SKU0017,Ambient Grocery,0.995,36.0355,60.2113,False
STR002,SKU0018,Ambient Grocery,0.995,16.1155,29.5571,False
STR002,SKU0019,Fresh Produce,0.6723,5.2511,9.7016,True
STR002,SKU0020,Dairy & Eggs,0.8644,10.5137,32.8543,True
STR002,SKU0021,Household & Cleaning,0.995,22.7908,46.953,False
STR002,SKU0022,Bakery,0.5,0.0,124.3944,True
STR002,SKU0023,Frozen,0.995,34.8048,41.1505,False
STR002,SKU0024,Fresh Produce,0.5329,1.3745,62.6732,True
STR002,SKU0025,Beverages,0.9938,58.8708,118.347,False
STR002,SKU0026,Fresh Produce,0.5101,0.4207,20.1908,True
STR002,SKU0027,Ambient Grocery,0.9929,40.6045,74.4113,False
STR002,SKU0028,Seasonal,0.9934,58.3355,67.3905,False
STR002,SKU0029,Fresh Produce,0.5798,4.1027,80.1148,True
STR002,SKU0030,Ambient Grocery,0.9919,39.7987,85.4932,False
STR002,SKU0031,Health & Beauty,0.995,32.2311,69.7256,False
STR002,SKU0032,Beverages,0.995,74.2293,144.0865,False
STR002,SKU0033,Seasonal,0.9906,78.1863,117.154,False
STR002,SKU0034,Snacks & Confectionery,0.995,24.6107,35.369,False
STR002,SKU0035,Household & Cleaning,0.9919,39.8266,152.3266,False
STR002,SKU0036,Household & Cleaning,0.995,27.913,54.6492,False
STR002,SKU0037,Dairy & Eggs,0.8618,10.4011,26.4585,True
STR002,SKU0038,Ambient Grocery,0.995,27.913,67.7512,False
STR002,SKU0039,Beverages,0.9944,66.6749,164.3122,False
STR002,SKU0040,Beverages,0.9922,56.9028,74.7976,False
STR002,SKU0041,Fresh Produce,0.5,0.0,57.5072,True
STR002,SKU0042,Ambient Grocery,0.9931,40.7281,107.7281,False
STR002,SKU0043,Ambient Grocery,0.995,16.1155,19.3655,False
STR002,SKU0044,Fresh Produce,0.5,0.0,102.989,True
STR002,SKU0045,Ambient Grocery,0.9936,41.2211,61.6446,False
STR002,SKU0046,Bakery,0.6339,3.2704,14.134,True
STR002,SKU0047,Fresh Produce,0.5278,0.8197,14.9223,True
STR002,SKU0048,Beverages,0.9948,67.3675,152.5323,False
STR002,SKU0049,Frozen,0.995,42.627,51.5881,False
STR002,SKU0050,Snacks & Confectionery,0.9935,62.7791,175.7021,False
STR002,SKU0051,Snacks & Confectionery,0.995,24.6107,49.7454,False
STR002,SKU0052,Ambient Grocery,0.9925,43.0668,103.6041,False
STR002,SKU0053,Frozen,0.995,42.627,79.1545,False
STR002,SKU0054,Seasonal,0.995,42.8563,51.3957,False
STR002,SKU0055,Beverages,0.995,42.8563,67.9772,False
STR002,SKU0056,Bakery,0.6099,2.6671,10.8759,True
STR002,SKU0057,Snacks & Confectionery,0.995,34.8048,54.4453,False
STR002,SKU0058,Fresh Produce,0.5,0.0,44.3077,True
STR002,SKU0059,Bakery,0.5395,1.6428,54.6208,True
STR002,SKU0060,Dairy & Eggs,0.995,49.2215,100.6977,False
STR002,SKU0061,Seasonal,0.9944,59.638,107.4182,False
STR002,SKU0062,Ambient Grocery,0.995,32.2311,80.5388,False
STR002,SKU0063,Beverages,0.9915,74.3097,145.1727,False
STR002,SKU0064,Health & Beauty,0.995,32.2311,71.2475,False
STR002,SKU0065,Household & Cleaning,0.995,32.2311,68.319,False
STR002,SKU0066,Snacks & Confectionery,0.9943,48.3899,85.6332,False
STR002,SKU0067,Bakery,0.5,0.0,106.2418,True
STR002,SKU0068,Seasonal,0.995,42.8563,54.1984,False
STR002,SKU0069,Beverages,0.995,42.8563,79.4717,False
STR002,SKU0070,Household & Cleaning,0.995,16.1155,20.5221,False
STR002,SKU0071,Fresh Produce,0.5,0.0,36.6154,True
STR002,SKU0072,Ambient Grocery,0.99,38.4923,70.5832,False
STR002,SKU0073,Bakery,0.5,0.0,19.5455,True
STR002,SKU0074,Snacks & Confectionery,0.9919,45.9522,93.0873,False
STR002,SKU0075,Ambient Grocery,0.9072,16.5671,102.0216,True
STR002,SKU0076,Health & Beauty,0.995,22.7908,26.1754,False
STR002,SKU0077,Ambient Grocery,0.995,32.2311,53.9782,False
STR002,SKU0078,Household & Cleaning,0.9913,42.0922,89.7995,False
STR002,SKU0079,Beverages,0.9944,79.0026,236.3081,False
STR002,SKU0080,Dairy & Eggs,0.8419,9.5753,30.6302,True
STR002,SKU0081,Frozen,0.9818,39.9725,48.8548,True
STR002,SKU0082,Frozen,0.995,42.627,70.1488,False
STR002,SKU0083,Snacks & Confectionery,0.9926,46.5634,94.4755,False
STR002,SKU0084,Beverages,0.9946,79.3565,128.7833,False
STR002,SKU0085,Snacks & Confectionery,0.9937,47.6889,93.2981,False
STR002,SKU0086,Household & Cleaning,0.9909,41.7928,140.8973,False
STR002,SKU0087,Dairy & Eggs,0.7168,10.9548,71.4383,True
STR002,SKU0088,Seasonal,0.9913,79.1604,142.5167,False
STR002,SKU0089,Snacks & Confectionery,0.995,24.6107,30.7433,False
STR002,SKU0090,Health & Beauty,0.995,22.7908,26.0092,False
STR002,SKU0091,Bakery,0.995,24.6107,38.4349,False
STR002,SKU0092,Ambient Grocery,0.995,22.7908,49.9694,False
STR002,SKU0093,Frozen,0.9913,55.6356,88.9323,False
STR002,SKU0094,Health & Beauty,0.995,27.913,58.0119,False
STR002,SKU0095,Ambient Grocery,0.995,16.1155,33.8414,False
STR002,SKU0096,Seasonal,0.995,52.4881,83.065,False
STR002,SKU0097,Dairy & Eggs,0.6013,3.4692,52.6153,True
STR002,SKU0098,Ambient Grocery,0.9915,39.4807,205.1474,False
STR002,SKU0099,Household & Cleaning,0.9937,31.2114,64.5003,False
STR002,SKU0100,Fresh Produce,0.7384,10.6241,47.2138,True
STR002,SKU0101,Frozen,0.995,34.8048,45.7474,False
STR002,SKU0102,Beverages,0.9898,72.1293,133.1799,False
STR002,SKU0103,Fresh Produce,0.6537,4.6525,12.9053,True
STR002,SKU0104,Household & Cleaning,0.995,16.1155,20.187,False
STR002,SKU0105,Ambient Grocery,0.9874,39.5879,208.9066,False
STR002,SKU0106,Bakery,0.5,0.0,37.4945,True
STR002,SKU0107,Snacks & Confectionery,0.9903,63.1892,215.6892,False
STR002,SKU0108,Ambient Grocery,0.9915,36.5703,190.6582,False
STR002,SKU0109,Beverages,0.992,74.9816,227.6013,False
STR002,SKU0110,Beverages,0.995,30.304,48.8864,False
STR002,SKU0111,Snacks & Confectionery,0.995,42.627,135.4292,False
STR002,SKU0112,Frozen,0.9942,68.2177,144.9301,False
STR002,SKU0113,Bakery,0.6894,4.7216,28.9524,True
STR002,SKU0114,Snacks & Confectionery,0.9936,62.9937,147.7437,False
STR002,SKU0115,Fresh Produce,0.55,2.0896,30.495,True
STR002,SKU0116,Snacks & Confectionery,0.995,34.8048,65.4953,False
STR002,SKU0117,Ambient Grocery,0.993,34.3688,103.9292,False
STR002,SKU0118,Ambient Grocery,0.995,22.7908,49.7763,False
STR002,SKU0119,Dairy & Eggs,0.7727,12.3746,49.8911,True
STR002,SKU0120,Seasonal,0.9944,59.678,100.689,False
STR002,SKU0121,Snacks & Confectionery,0.995,49.2215,79.6528,False
STR002,SKU0122,Ambient Grocery,0.995,16.1155,25.0826,False
STR002,SKU0123,Bakery,0.5642,2.6744,39.592,True
STR002,SKU0124,Beverages,0.995,30.304,47.6227,False
STR002,SKU0125,Snacks & Confectionery,0.995,24.6107,41.2889,False
STR002,SKU0126,Health & Beauty,0.995,16.1155,30.7046,False
STR002,SKU0127,Ambient Grocery,0.995,22.7908,41.5583,False
STR002,SKU0128,Ambient Grocery,0.995,27.913,48.2206,False
STR002,SKU0129,Fresh Produce,0.5,0.0,26.3371,True
STR002,SKU0130,Fresh Produce,0.5,0.0,35.9512,True
STR002,SKU0131,Beverages,0.995,42.8563,57.0981,False
STR002,SKU0132,Ambient Grocery,0.9933,43.7281,193.7015,False
STR002,SKU0133,Frozen,0.995,24.6107,29.7972,False
STR002,SKU0134,Frozen,0.995,42.627,76.0556,False
STR002,SKU0135,Seasonal,0.9942,66.3871,105.819,False
STR002,SKU0136,Ambient Grocery,0.9914,36.4879,66.6198,False
STR002,SKU0137,Beverages,0.995,30.304,46.8397,False
STR002,SKU0138,Dairy & Eggs,0.7804,7.3907,19.2039,True
STR002,SKU0139,Health & Beauty,0.9918,39.7574,90.9112,False
STR002,SKU0140,Snacks & Confectionery,0.995,42.627,85.0886,False
STR002,SKU0141,Dairy & Eggs,0.8556,14.3302,69.5697,True
STR002,SKU0142,Ambient Grocery,0.9918,39.7486,105.0563,False
STR002,SKU0143,Fresh Produce,0.5,0.0,65.0588,True
STR002,SKU0144,Beverages,0.995,30.304,35.8864,False
STR002,SKU0145,Dairy & Eggs,0.883,11.3695,23.886,True
STR002,SKU0146,Snacks & Confectionery,0.994,47.9839,76.1321,False
STR002,SKU0147,Ambient Grocery,0.9933,37.8897,175.3622,False
STR002,SKU0148,Fresh Produce,0.5185,1.0894,130.7736,True
STR002,SKU0149,Bakery,0.6469,3.6018,18.7018,True
STR002,SKU0150,Beverages,0.9898,72.1249,135.5366,False
STR003,SKU0001,Fresh Produce,0.6551,8.1351,49.0222,True
STR003,SKU0002,Dairy & Eggs,0.736,12.0579,180.0579,True
STR003,SKU0003,Ambient Grocery,0.995,22.7908,79.9415,False
STR003,SKU0004,Beverages,0.9913,79.1408,264.825,False
STR003,SKU0005,Bakery,0.9895,58.359,177.4465,False
STR003,SKU0006,Fresh Produce,0.5777,3.995,67.6535,True
STR003,SKU0007,Dairy & Eggs,0.7504,11.1815,81.1375,True
STR003,SKU0008,Frozen,0.9916,22.8512,27.9941,True
STR003,SKU0009,Snacks & Confectionery,0.995,34.8048,76.8488,False
STR003,SKU0010,Seasonal,0.995,30.304,51.1831,False
STR003,SKU0011,Household & Cleaning,0.995,22.7908,29.0296,False
STR003,SKU0012,Dairy & Eggs,0.995,42.627,210.0666,False
STR003,SKU0013,Household & Cleaning,0.9933,34.6196,47.1196,False
STR003,SKU0014,Seasonal,0.995,42.8563,68.5813,False
STR003,SKU0015,Frozen,0.9664,34.9876,121.4931,True
STR003,SKU0016,Snacks & Confectionery,0.9936,58.2859,209.7109,False
STR003,SKU0017,Ambient Grocery,0.995,36.0355,73.7627,False
STR003,SKU0018,Ambient Grocery,0.995,16.1155,36.5206,False
STR003,SKU0019,Fresh Produce,0.6723,5.2511,12.5983,True
STR003,SKU0020,Dairy & Eggs,0.8644,10.5137,45.4478,True
STR003,SKU0021,Household & Cleaning,0.995,22.7908,50.1315,False
STR003,SKU0022,Bakery,0.5,0.0,152.4737,True
STR003,SKU0023,Frozen,0.995,34.8048,42.2854,False
STR003,SKU0024,Fresh Produce,0.5329,1.3745,89.3745,True
STR003,SKU0025,Beverages,0.9938,58.8708,144.6639,False
STR003,SKU0026,Fresh Produce,0.5101,0.4207,23.6001,True
STR003,SKU0027,Ambient Grocery,0.9929,40.6045,84.6196,False
STR003,SKU0028,Seasonal,0.9934,58.3355,69.7641,False
STR003,SKU0029,Fresh Produce,0.5798,4.1027,112.1806,True
STR003,SKU0030,Ambient Grocery,0.9919,39.7987,120.0545,False
STR003,SKU0031,Health & Beauty,0.995,32.2311,91.0003,False
STR003,SKU0032,Beverages,0.995,74.2293,177.5815,False
STR003,SKU0033,Seasonal,0.9906,78.1863,137.2027,False
STR003,SKU0034,Snacks & Confectionery,0.995,24.6107,39.8813,False
STR003,SKU0035,Household & Cleaning,0.9919,39.8266,202.9266,False
STR003,SKU0036,Household & Cleaning,0.995,27.913,70.2426,False
STR003,SKU0037,Dairy & Eggs,0.8618,10.4011,30.1852,True
STR003,SKU0038,Ambient Grocery,0.995,27.913,85.1777,False
STR003,SKU0039,Beverages,0.9944,66.6749,205.6309,False
STR003,SKU0040,Beverages,0.9922,56.9028,79.3644,False
STR003,SKU0041,Fresh Produce,0.5,0.0,89.6941,True
STR003,SKU0042,Ambient Grocery,0.9931,40.7281,119.3031,False
STR003,SKU0043,Ambient Grocery,0.995,16.1155,20.8193,False
STR003,SKU0044,Fresh Produce,0.5,0.0,156.5714,True
STR003,SKU0045,Ambient Grocery,0.9936,41.2211,63.4834,False
STR003,SKU0046,Bakery,0.6339,3.2704,20.4478,True
STR003,SKU0047,Fresh Produce,0.5278,0.8197,21.4468,True
STR003,SKU0048,Beverages,0.9948,67.3675,188.2766,False
STR003,SKU0049,Frozen,0.995,42.627,56.1451,False
STR003,SKU0050,Snacks & Confectionery,0.9935,62.7791,223.0791,False
STR003,SKU0051,Snacks & Confectionery,0.995,24.6107,65.369,False
STR003,SKU0052,Ambient Grocery,0.9925,43.0668,138.6458,False
STR003,SKU0053,Frozen,0.995,42.627,99.7919,False
STR003,SKU0054,Seasonal,0.995,42.8563,53.6703,False
STR003,SKU0055,Beverages,0.995,42.8563,74.4717,False
STR003,SKU0056,Bakery,0.6099,2.6671,13.8539,True
STR003,SKU0057,Snacks & Confectionery,0.995,34.8048,64.9261,False
STR003,SKU0058,Fresh Produce,0.5,0.0,64.0455,True
STR003,SKU0059,Bakery,0.5395,1.6428,87.2252,True
STR003,SKU0060,Dairy & Eggs,0.995,49.2215,123.7962,False
STR003,SKU0061,Seasonal,0.9944,59.638,117.4402,False
STR003,SKU0062,Ambient Grocery,0.995,32.2311,101.9958,False
STR003,SKU0063,Beverages,0.9915,74.3097,173.3097,False
STR003,SKU0064,Health & Beauty,0.995,32.2311,89.1888,False
STR003,SKU0065,Household & Cleaning,0.995,32.2311,85.8575,False
STR003,SKU0066,Snacks & Confectionery,0.9943,48.3899,91.4668,False
STR003,SKU0067,Bakery,0.5,0.0,161.4066,True
STR003,SKU0068,Seasonal,0.995,42.8563,57.4674,False
STR003,SKU0069,Beverages,0.995,42.8563,88.9333,False
STR003,SKU0070,Household & Cleaning,0.995,16.1155,22.4692,False
STR003,SKU0071,Fresh Produce,0.5,0.0,43.5278,True
STR003,SKU0072,Ambient Grocery,0.99,38.4923,88.3158,False
STR003,SKU0073,Bakery,0.5,0.0,23.3889,True
STR003,SKU0074,Snacks & Confectionery,0.9919,45.9522,109.0247,False
STR003,SKU0075,Ambient Grocery,0.9072,16.5671,146.9407,True
STR003,SKU0076,Health & Beauty,0.995,22.7908,26.8408,False
STR003,SKU0077,Ambient Grocery,0.995,32.2311,60.1805,False
STR003,SKU0078,Household & Cleaning,0.9913,42.0922,118.3649,False
STR003,SKU0079,Beverages,0.9944,79.0026,349.735,False
STR003,SKU0080,Dairy & Eggs,0.8419,9.5753,40.8189,True
STR003,SKU0081,Frozen,0.9818,39.9725,52.1188,True
STR003,SKU0082,Frozen,0.995,42.627,83.4704,False
STR003,SKU0083,Snacks & Confectionery,0.9926,46.5634,115.926,False
STR003,SKU0084,Beverages,0.9946,79.3565,142.5594,False
STR003,SKU0085,Snacks & Confectionery,0.9937,47.6889,100.1396,False
STR003,SKU0086,Household & Cleaning,0.9909,41.7928,184.7928,False
STR003,SKU0087,Dairy & Eggs,0.7168,10.9548,98.5152,True
STR003,SKU0088,Seasonal,0.9913,79.1604,166.1477,False
STR003,SKU0089,Snacks & Confectionery,0.995,24.6107,33.514,False
STR003,SKU0090,Health & Beauty,0.995,22.7908,27.6303,False
STR003,SKU0091,Bakery,0.995,24.6107,44.6987,False
STR003,SKU0092,Ambient Grocery,0.995,22.7908,57.8934,False
STR003,SKU0093,Frozen,0.9913,55.6356,110.8645,False
STR003,SKU0094,Health & Beauty,0.995,27.913,71.1327,False
STR003,SKU0095,Ambient Grocery,0.995,16.1155,45.5402,False
STR003,SKU0096,Seasonal,0.995,52.4881,104.2756,False
STR003,SKU0097,Dairy & Eggs,0.6013,3.4692,61.6464,True
STR003,SKU0098,Ambient Grocery,0.9915,39.4807,245.173,False
STR003,SKU0099,Household & Cleaning,0.9937,31.2114,86.7377,False
STR003,SKU0100,Fresh Produce,0.7384,10.6241,69.1519,True
STR003,SKU0101,Frozen,0.995,34.8048,51.9917,False
STR003,SKU0102,Beverages,0.9898,72.1293,176.7749,False
STR003,SKU0103,Fresh Produce,0.6537,4.6525,17.7758,True
STR003,SKU0104,Household & Cleaning,0.995,16.1155,21.8207,False
STR003,SKU0105,Ambient Grocery,0.9874,39.5879,268.7587,False
STR003,SKU0106,Bakery,0.5,0.0,55.8378,True
STR003,SKU0107,Snacks & Confectionery,0.9903,63.1892,277.6308,False
STR003,SKU0108,Ambient Grocery,0.9915,36.5703,269.7643,False
STR003,SKU0109,Beverages,0.992,74.9816,291.847,False
STR003,SKU0110,Beverages,0.995,30.304,58.0672,False
STR003,SKU0111,Snacks & Confectionery,0.995,42.627,119.6427,False
STR003,SKU0112,Frozen,0.9942,68.2177,197.8177,False
STR003,SKU0113,Bakery,0.6894,4.7216,38.7561,True
STR003,SKU0114,Snacks & Confectionery,0.9936,62.9937,182.0706,False
STR003,SKU0115,Fresh Produce,0.55,2.0896,39.2072,True
STR003,SKU0116,Snacks & Confectionery,0.995,34.8048,79.4715,False
STR003,SKU0117,Ambient Grocery,0.993,34.3688,131.8413,False
STR003,SKU0118,Ambient Grocery,0.995,22.7908,73.6614,False
STR003,SKU0119,Dairy & Eggs,0.7727,12.3746,61.1928,True
STR003,SKU0120,Seasonal,0.9944,59.678,119.634,False
STR003,SKU0121,Snacks & Confectionery,0.995,49.2215,100.409,False
STR003,SKU0122,Ambient Grocery,0.995,16.1155,30.5815,False
STR003,SKU0123,Bakery,0.5642,2.6744,56.9081,True
STR003,SKU0124,Beverages,0.995,30.304,54.6724,False
STR003,SKU0125,Snacks & Confectionery,0.995,24.6107,49.3482,False
STR003,SKU0126,Health & Beauty,0.995,16.1155,34.5994,False
STR003,SKU0127,Ambient Grocery,0.995,22.7908,46.6971,False
STR003,SKU0128,Ambient Grocery,0.995,27.913,60.3477,False
STR003,SKU0129,Fresh Produce,0.5,0.0,40.8372,True
STR003,SKU0130,Fresh Produce,0.5,0.0,53.8242,True
STR003,SKU0131,Beverages,0.995,42.8563,59.6935,False
STR003,SKU0132,Ambient Grocery,0.9933,43.7281,236.2996,False
STR003,SKU0133,Frozen,0.995,24.6107,31.4019,False
STR003,SKU0134,Frozen,0.995,42.627,99.6687,False
STR003,SKU0135,Seasonal,0.9942,66.3871,123.4001,False
STR003,SKU0136,Ambient Grocery,0.9914,36.4879,77.7627,False
STR003,SKU0137,Beverages,0.995,30.304,56.163,False
STR003,SKU0138,Dairy & Eggs,0.7804,7.3907,23.5995,True
STR003,SKU0139,Health & Beauty,0.9918,39.7574,105.8343,False
STR003,SKU0140,Snacks & Confectionery,0.995,42.627,99.7355,False
STR003,SKU0141,Dairy & Eggs,0.8556,14.3302,82.0404,True
STR003,SKU0142,Ambient Grocery,0.9918,39.7486,136.4409,False
STR003,SKU0143,Fresh Produce,0.5,0.0,86.8537,True
STR003,SKU0144,Beverages,0.995,30.304,38.4469,False
STR003,SKU0145,Dairy & Eggs,0.883,11.3695,26.864,True
STR003,SKU0146,Snacks & Confectionery,0.994,47.9839,91.2367,False
STR003,SKU0147,Ambient Grocery,0.9933,37.8897,210.0379,False
STR003,SKU0148,Fresh Produce,0.5185,1.0894,189.7048,True
STR003,SKU0149,Bakery,0.6469,3.6018,28.1732,True
STR003,SKU0150,Beverages,0.9898,72.1249,157.1249,False
STR004,SKU0001,Fresh Produce,0.6551,8.1351,33.9869,True
STR004,SKU0002,Dairy & Eggs,0.736,12.0579,116.1099,True
STR004,SKU0003,Ambient Grocery,0.995,22.7908,72.8896,False
STR004,SKU0004,Beverages,0.9913,79.1408,201.5144,False
STR004,SKU0005,Bakery,0.9895,58.359,139.988,False
STR004,SKU0006,Fresh Produce,0.5777,3.995,41.7191,True
STR004,SKU0007,Dairy & Eggs,0.7504,11.1815,54.7789,True
STR004,SKU0008,Frozen,0.9916,22.8512,26.3897,True
STR004,SKU0009,Snacks & Confectionery,0.995,34.8048,61.5048,False
STR004,SKU0010,Seasonal,0.995,30.304,44.8315,False
STR004,SKU0011,Household & Cleaning,0.995,22.7908,26.2817,False
STR004,SKU0012,Dairy & Eggs,0.995,42.627,163.7809,False
STR004,SKU0013,Household & Cleaning,0.9933,34.6196,44.6196,False
STR004,SKU0014,Seasonal,0.995,42.8563,61.6036,False
STR004,SKU0015,Frozen,0.9664,34.9876,85.8008,True
STR004,SKU0016,Snacks & Confectionery,0.9936,58.2859,158.2618,False
STR004,SKU0017,Ambient Grocery,0.995,36.0355,60.4311,False
STR004,SKU0018,Ambient Grocery,0.995,16.1155,29.5155,False
STR004,SKU0019,Fresh Produce,0.6723,5.2511,9.372,True
STR004,SKU0020,Dairy & Eggs,0.8644,10.5137,32.6262,True
STR004,SKU0021,Household & Cleaning,0.995,22.7908,42.5123,False
STR004,SKU0022,Bakery,0.5,0.0,101.56,True
STR004,SKU0023,Frozen,0.995,34.8048,40.573,False
STR004,SKU0024,Fresh Produce,0.5329,1.3745,57.2554,True
STR004,SKU0025,Beverages,0.9938,58.8708,108.4092,False
STR004,SKU0026,Fresh Produce,0.5101,0.4207,21.9823,True
STR004,SKU0027,Ambient Grocery,0.9929,40.6045,74.7295,False
STR004,SKU0028,Seasonal,0.9934,58.3355,67.1268,False
STR004,SKU0029,Fresh Produce,0.5798,4.1027,73.1027,True
STR004,SKU0030,Ambient Grocery,0.9919,39.7987,93.5197,False
STR004,SKU0031,Health & Beauty,0.995,32.2311,66.7805,False
STR004,SKU0032,Beverages,0.995,74.2293,159.5627,False
STR004,SKU0033,Seasonal,0.9906,78.1863,114.0072,False
STR004,SKU0034,Snacks & Confectionery,0.995,24.6107,35.2921,False
STR004,SKU0035,Household & Cleaning,0.9919,39.8266,137.7422,False
STR004,SKU0036,Household & Cleaning,0.995,27.913,54.6162,False
STR004,SKU0037,Dairy & Eggs,0.8618,10.4011,24.6608,True
STR004,SKU0038,Ambient Grocery,0.995,27.913,64.0915,False
STR004,SKU0039,Beverages,0.9944,66.6749,155.6309,False
STR004,SKU0040,Beverages,0.9922,56.9028,73.7917,False
STR004,SKU0041,Fresh Produce,0.5,0.0,65.1429,True
STR004,SKU0042,Ambient Grocery,0.9931,40.7281,97.9579,False
STR004,SKU0043,Ambient Grocery,0.995,16.1155,18.8655,False
STR004,SKU0044,Fresh Produce,0.5,0.0,92.0879,True
STR004,SKU0045,Ambient Grocery,0.9936,41.2211,60.1442,False
STR004,SKU0046,Bakery,0.6339,3.2704,12.3568,True
STR004,SKU0047,Fresh Produce,0.5278,0.8197,14.2668,True
STR004,SKU0048,Beverages,0.9948,67.3675,142.5379,False
STR004,SKU0049,Frozen,0.995,42.627,51.693,False
STR004,SKU0050,Snacks & Confectionery,0.9935,62.7791,169.6252,False
STR004,SKU0051,Snacks & Confectionery,0.995,24.6107,49.6763,False
STR004,SKU0052,Ambient Grocery,0.9925,43.0668,104.3626,False
STR004,SKU0053,Frozen,0.995,42.627,75.726,False
STR004,SKU0054,Seasonal,0.995,42.8563,50.5794,False
STR004,SKU0055,Beverages,0.995,42.8563,67.4509,False
STR004,SKU0056,Bakery,0.6099,2.6671,10.4253,True
STR004,SKU0057,Snacks & Confectionery,0.995,34.8048,53.9037,False
STR004,SKU0058,Fresh Produce,0.5,0.0,44.3256,True
STR004,SKU0059,Bakery,0.5395,1.6428,55.0164,True
STR004,SKU0060,Dairy & Eggs,0.995,49.2215,99.5142,False
STR004,SKU0061,Seasonal,0.9944,59.638,103.5061,False
STR004,SKU0062,Ambient Grocery,0.995,32.2311,80.4948,False
STR004,SKU0063,Beverages,0.9915,74.3097,138.0422,False
STR004,SKU0064,Health & Beauty,0.995,32.2311,65.6104,False
STR004,SKU0065,Household & Cleaning,0.995,32.2311,64.9344,False
STR004,SKU0066,Snacks & Confectionery,0.9943,48.3899,90.5328,False
STR004,SKU0067,Bakery,0.5,0.0,97.5824,True
STR004,SKU0068,Seasonal,0.995,42.8563,54.6697,False
STR004,SKU0069,Beverages,0.995,42.8563,74.8044,False
STR004,SKU0070,Household & Cleaning,0.995,16.1155,19.81,False
STR004,SKU0071,Fresh Produce,0.5,0.0,30.7692,True
STR004,SKU0072,Ambient Grocery,0.99,38.4923,70.4923,False
STR004,SKU0073,Bakery,0.5,0.0,18.4688,True
STR004,SKU0074,Snacks & Confectionery,0.9919,45.9522,85.2522,False
STR004,SKU0075,Ambient Grocery,0.9072,16.5671,94.0383,True
STR004,SKU0076,Health & Beauty,0.995,22.7908,25.4499,False
STR004,SKU0077,Ambient Grocery,0.995,32.2311,53.3877,False
STR004,SKU0078,Household & Cleaning,0.9913,42.0922,86.7515,False
STR004,SKU0079,Beverages,0.9944,79.0026,252.2333,False
STR004,SKU0080,Dairy & Eggs,0.8419,9.5753,29.0258,True
STR004,SKU0081,Frozen,0.9818,39.9725,47.0086,True
STR004,SKU0082,Frozen,0.995,42.627,72.4303,False
STR004,SKU0083,Snacks & Confectionery,0.9926,46.5634,88.2777,False
STR004,SKU0084,Beverages,0.9946,79.3565,120.744,False
STR004,SKU0085,Snacks & Confectionery,0.9937,47.6889,92.3948,False
STR004,SKU0086,Household & Cleaning,0.9909,41.7928,130.0928,False
STR004,SKU0087,Dairy & Eggs,0.7168,10.9548,63.2624,True
STR004,SKU0088,Seasonal,0.9913,79.1604,131.8876,False
STR004,SKU0089,Snacks & Confectionery,0.995,24.6107,31.3572,False
STR004,SKU0090,Health & Beauty,0.995,22.7908,26.1579,False
STR004,SKU0091,Bakery,0.995,24.6107,36.5997,False
STR004,SKU0092,Ambient Grocery,0.995,22.7908,48.109,False
STR004,SKU0093,Frozen,0.9913,55.6356,83.1301,False
STR004,SKU0094,Health & Beauty,0.995,27.913,57.0228,False
STR004,SKU0095,Ambient Grocery,0.995,16.1155,35.3453,False
STR004,SKU0096,Seasonal,0.995,52.4881,80.211,False
STR004,SKU0097,Dairy & Eggs,0.6013,3.4692,51.6056,True
STR004,SKU0098,Ambient Grocery,0.9915,39.4807,170.0961,False
STR004,SKU0099,Household & Cleaning,0.9937,31.2114,63.7309,False
STR004,SKU0100,Fresh Produce,0.7384,10.6241,42.877,True
STR004,SKU0101,Frozen,0.995,34.8048,45.2151,False
STR004,SKU0102,Beverages,0.9898,72.1293,133.1758,False
STR004,SKU0103,Fresh Produce,0.6537,4.6525,14.473,True
STR004,SKU0104,Household & Cleaning,0.995,16.1155,19.7902,False
STR004,SKU0105,Ambient Grocery,0.9874,39.5879,200.2316,False
STR004,SKU0106,Bakery,0.5,0.0,34.022,True
STR004,SKU0107,Snacks & Confectionery,0.9903,63.1892,210.5892,False
STR004,SKU0108,Ambient Grocery,0.9915,36.5703,170.164,False
STR004,SKU0109,Beverages,0.992,74.9816,258.3816,False
STR004,SKU0110,Beverages,0.995,30.304,48.8315,False
STR004,SKU0111,Snacks & Confectionery,0.995,42.627,119.9677,False
STR004,SKU0112,Frozen,0.9942,68.2177,143.7233,False
STR004,SKU0113,Bakery,0.6894,4.7216,23.6493,True
STR004,SKU0114,Snacks & Confectionery,0.9936,62.9937,145.2236,False
STR004,SKU0115,Fresh Produce,0.55,2.0896,32.1665,True
STR004,SKU0116,Snacks & Confectionery,0.995,34.8048,64.4611,False
STR004,SKU0117,Ambient Grocery,0.993,34.3688,99.0391,False
STR004,SKU0118,Ambient Grocery,0.995,22.7908,51.0686,False
STR004,SKU0119,Dairy & Eggs,0.7727,12.3746,45.408,True
STR004,SKU0120,Seasonal,0.9944,59.678,99.2824,False
STR004,SKU0121,Snacks & Confectionery,0.995,49.2215,83.3862,False
STR004,SKU0122,Ambient Grocery,0.995,16.1155,24.4123,False
STR004,SKU0123,Bakery,0.5642,2.6744,35.1427,True
STR004,SKU0124,Beverages,0.995,30.304,45.3172,False
STR004,SKU0125,Snacks & Confectionery,0.995,24.6107,39.6222,False
STR004,SKU0126,Health & Beauty,0.995,16.1155,29.2584,False
STR004,SKU0127,Ambient Grocery,0.995,22.7908,42.0708,False
STR004,SKU0128,Ambient Grocery,0.995,27.913,47.3701,False
STR004,SKU0129,Fresh Produce,0.5,0.0,26.1519,True
STR004,SKU0130,Fresh Produce,0.5,0.0,32.6512,True
STR004,SKU0131,Beverages,0.995,42.8563,55.4497,False
STR004,SKU0132,Ambient Grocery,0.9933,43.7281,191.0905,False
STR004,SKU0133,Frozen,0.995,24.6107,28.6589,False
STR004,SKU0134,Frozen,0.995,42.627,77.9955,False
STR004,SKU0135,Seasonal,0.9942,66.3871,109.6402,False
STR004,SKU0136,Ambient Grocery,0.9914,36.4879,64.7077,False
STR004,SKU0137,Beverages,0.995,30.304,45.8159,False
STR004,SKU0138,Dairy & Eggs,0.7804,7.3907,17.2149,True
STR004,SKU0139,Health & Beauty,0.9918,39.7574,85.6805,False
STR004,SKU0140,Snacks & Confectionery,0.995,42.627,80.3604,False
STR004,SKU0141,Dairy & Eggs,0.8556,14.3302,66.8708,True
STR004,SKU0142,Ambient Grocery,0.9918,39.7486,104.6716,False
STR004,SKU0143,Fresh Produce,0.5,0.0,62.2637,True
STR004,SKU0144,Beverages,0.995,30.304,35.1831,False
STR004,SKU0145,Dairy & Eggs,0.883,11.3695,21.2486,True
STR004,SKU0146,Snacks & Confectionery,0.994,47.9839,73.0608,False
STR004,SKU0147,Ambient Grocery,0.9933,37.8897,167.1205,False
STR004,SKU0148,Fresh Produce,0.5185,1.0894,123.1154,True
STR004,SKU0149,Bakery,0.6469,3.6018,19.9562,True
STR004,SKU0150,Beverages,0.9898,72.1249,127.1703,False
STR005,SKU0001,Fresh Produce,0.6551,8.1351,37.9452,True
STR005,SKU0002,Dairy & Eggs,0.736,12.0579,131.0909,True
STR005,SKU0003,Ambient Grocery,0.995,22.7908,83.3882,False
STR005,SKU0004,Beverages,0.9913,79.1408,218.0676,False
STR005,SKU0005,Bakery,0.9895,58.359,163.1402,False
STR005,SKU0006,Fresh Produce,0.5777,3.995,56.9664,True
STR005,SKU0007,Dairy & Eggs,0.7504,11.1815,61.2417,True
STR005,SKU0008,Frozen,0.9916,22.8512,26.9172,True
STR005,SKU0009,Snacks & Confectionery,0.995,34.8048,65.662,False
STR005,SKU0010,Seasonal,0.995,30.304,48.1941,False
STR005,SKU0011,Household & Cleaning,0.995,22.7908,27.3196,False
STR005,SKU0012,Dairy & Eggs,0.995,42.627,164.8493,False
STR005,SKU0013,Household & Cleaning,0.9933,34.6196,43.6312,False
STR005,SKU0014,Seasonal,0.995,42.8563,66.3046,False
STR005,SKU0015,Frozen,0.9664,34.9876,97.581,True
STR005,SKU0016,Snacks & Confectionery,0.9936,58.2859,174.0605,False
STR005,SKU0017,Ambient Grocery,0.995,36.0355,63.3082,False
STR005,SKU0018,Ambient Grocery,0.995,16.1155,32.1489,False
STR005,SKU0019,Fresh Produce,0.6723,5.2511,11.1118,True
STR005,SKU0020,Dairy & Eggs,0.8644,10.5137,35.1137,True
STR005,SKU0021,Household & Cleaning,0.995,22.7908,47.3623,False
STR005,SKU0022,Bakery,0.5,0.0,143.1646,True
STR005,SKU0023,Frozen,0.995,34.8048,40.6697,False
STR005,SKU0024,Fresh Produce,0.5329,1.3745,70.8457,True
STR005,SKU0025,Beverages,0.9938,58.8708,125.7719,False
STR005,SKU0026,Fresh Produce,0.5101,0.4207,23.1878,True
STR005,SKU0027,Ambient Grocery,0.9929,40.6045,75.6045,False
STR005,SKU0028,Seasonal,0.9934,58.3355,66.7751,False
STR005,SKU0029,Fresh Produce,0.5798,4.1027,87.8258,True
STR005,SKU0030,Ambient Grocery,0.9919,39.7987,96.7264,False
STR005,SKU0031,Health & Beauty,0.995,32.2311,79.6157,False
STR005,SKU0032,Beverages,0.995,74.2293,161.8293,False
STR005,SKU0033,Seasonal,0.9906,78.1863,130.1863,False
STR005,SKU0034,Snacks & Confectionery,0.995,24.6107,35.3159,False
STR005,SKU0035,Household & Cleaning,0.9919,39.8266,153.3184,False
STR005,SKU0036,Household & Cleaning,0.995,27.913,62.2316,False
STR005,SKU0037,Dairy & Eggs,0.8618,10.4011,27.7857,True
STR005,SKU0038,Ambient Grocery,0.995,27.913,69.0558,False
STR005,SKU0039,Beverages,0.9944,66.6749,183.7628,False
STR005,SKU0040,Beverages,0.9922,56.9028,78.0457,False
STR005,SKU0041,Fresh Produce,0.5,0.0,70.3256,True
STR005,SKU0042,Ambient Grocery,0.9931,40.7281,107.8348,False
STR005,SKU0043,Ambient Grocery,0.995,16.1155,19.5739,False
STR005,SKU0044,Fresh Produce,0.5,0.0,123.2967,True
STR005,SKU0045,Ambient Grocery,0.9936,41.2211,61.6161,False
STR005,SKU0046,Bakery,0.6339,3.2704,15.5999,True
STR005,SKU0047,Fresh Produce,0.5278,0.8197,18.4041,True
STR005,SKU0048,Beverages,0.9948,67.3675,163.4594,False
STR005,SKU0049,Frozen,0.995,42.627,53.2196,False
STR005,SKU0050,Snacks & Confectionery,0.9935,62.7791,197.3944,False
STR005,SKU0051,Snacks & Confectionery,0.995,24.6107,53.7247,False
STR005,SKU0052,Ambient Grocery,0.9925,43.0668,107.5374,False
STR005,SKU0053,Frozen,0.995,42.627,81.8578,False
STR005,SKU0054,Seasonal,0.995,42.8563,51.0481,False
STR005,SKU0055,Beverages,0.995,42.8563,73.0424,False
STR005,SKU0056,Bakery,0.6099,2.6671,10.5902,True
STR005,SKU0057,Snacks & Confectionery,0.995,34.8048,58.2096,False
STR005,SKU0058,Fresh Produce,0.5,0.0,48.7879,True
STR005,SKU0059,Bakery,0.5395,1.6428,63.9505,True
STR005,SKU0060,Dairy & Eggs,0.995,49.2215,109.5215,False
STR005,SKU0061,Seasonal,0.9944,59.638,112.3852,False
STR005,SKU0062,Ambient Grocery,0.995,32.2311,83.384,False
STR005,SKU0063,Beverages,0.9915,74.3097,164.8854,False
STR005,SKU0064,Health & Beauty,0.995,32.2311,89.1911,False
STR005,SKU0065,Household & Cleaning,0.995,32.2311,68.2751,False
STR005,SKU0066,Snacks & Confectionery,0.9943,48.3899,99.4743,False
STR005,SKU0067,Bakery,0.5,0.0,124.4396,True
STR005,SKU0068,Seasonal,0.995,42.8563,56.9516,False
STR005,SKU0069,Beverages,0.995,42.8563,80.4827,False
STR005,SKU0070,Household & Cleaning,0.995,16.1155,21.3353,False
STR005,SKU0071,Fresh Produce,0.5,0.0,37.1084,True
STR005,SKU0072,Ambient Grocery,0.99,38.4923,76.1846,False
STR005,SKU0073,Bakery,0.5,0.0,21.8387,True
STR005,SKU0074,Snacks & Confectionery,0.9919,45.9522,96.7582,False
STR005,SKU0075,Ambient Grocery,0.9072,16.5671,110.5451,True
STR005,SKU0076,Health & Beauty,0.995,22.7908,25.8698,False
STR005,SKU0077,Ambient Grocery,0.995,32.2311,56.4069,False
STR005,SKU0078,Household & Cleaning,0.9913,42.0922,103.8596,False
STR005,SKU0079,Beverages,0.9944,79.0026,247.3114,False
STR005,SKU0080,Dairy & Eggs,0.8419,9.5753,35.5203,True
STR005,SKU0081,Frozen,0.9818,39.9725,49.3658,True
STR005,SKU0082,Frozen,0.995,42.627,79.1413,False
STR005,SKU0083,Snacks & Confectionery,0.9926,46.5634,105.948,False
STR005,SKU0084,Beverages,0.9946,79.3565,133.4898,False
STR005,SKU0085,Snacks & Confectionery,0.9937,47.6889,101.9948,False
STR005,SKU0086,Household & Cleaning,0.9909,41.7928,145.8807,False
STR005,SKU0087,Dairy & Eggs,0.7168,10.9548,77.724,True
STR005,SKU0088,Seasonal,0.9913,79.1604,153.2703,False
STR005,SKU0089,Snacks & Confectionery,0.995,24.6107,31.1023,False
STR005,SKU0090,Health & Beauty,0.995,22.7908,25.8908,False
STR005,SKU0091,Bakery,0.995,24.6107,40.8195,False
STR005,SKU0092,Ambient Grocery,0.995,22.7908,50.554,False
STR005,SKU0093,Frozen,0.9913,55.6356,95.6576,False
STR005,SKU0094,Health & Beauty,0.995,27.913,66.0888,False
STR005,SKU0095,Ambient Grocery,0.995,16.1155,37.3736,False
STR005,SKU0096,Seasonal,0.995,52.4881,88.4191,False
STR005,SKU0097,Dairy & Eggs,0.6013,3.4692,46.9827,True
STR005,SKU0098,Ambient Grocery,0.9915,39.4807,209.7557,False
STR005,SKU0099,Household & Cleaning,0.9937,31.2114,72.1691,False
STR005,SKU0100,Fresh Produce,0.7384,10.6241,60.3741,True
STR005,SKU0101,Frozen,0.995,34.8048,47.8934,False
STR005,SKU0102,Beverages,0.9898,72.1293,163.2832,False
STR005,SKU0103,Fresh Produce,0.6537,4.6525,14.9488,True
STR005,SKU0104,Household & Cleaning,0.995,16.1155,20.6496,False
STR005,SKU0105,Ambient Grocery,0.9874,39.5879,227.3089,False
STR005,SKU0106,Bakery,0.5,0.0,42.8352,True
STR005,SKU0107,Snacks & Confectionery,0.9903,63.1892,203.6337,False
STR005,SKU0108,Ambient Grocery,0.9915,36.5703,222.9659,False
STR005,SKU0109,Beverages,0.992,74.9816,302.8316,False
STR005,SKU0110,Beverages,0.995,30.304,51.8974,False
STR005,SKU0111,Snacks & Confectionery,0.995,42.627,133.5501,False
STR005,SKU0112,Frozen,0.9942,68.2177,156.1298,False
STR005,SKU0113,Bakery,0.6894,4.7216,32.3091,True
STR005,SKU0114,Snacks & Confectionery,0.9936,62.9937,160.9168,False
STR005,SKU0115,Fresh Produce,0.55,2.0896,33.3667,True
STR005,SKU0116,Snacks & Confectionery,0.995,34.8048,71.7561,False
STR005,SKU0117,Ambient Grocery,0.993,34.3688,114.5885,False
STR005,SKU0118,Ambient Grocery,0.995,22.7908,66.4617,False
STR005,SKU0119,Dairy & Eggs,0.7727,12.3746,55.99,True
STR005,SKU0120,Seasonal,0.9944,59.678,108.2494,False
STR005,SKU0121,Snacks & Confectionery,0.995,49.2215,87.6215,False
STR005,SKU0122,Ambient Grocery,0.995,16.1155,25.8738,False
STR005,SKU0123,Bakery,0.5642,2.6744,44.9744,True
STR005,SKU0124,Beverages,0.995,30.304,48.4972,False
STR005,SKU0125,Snacks & Confectionery,0.995,24.6107,42.5177,False
STR005,SKU0126,Health & Beauty,0.995,16.1155,34.0334,False
STR005,SKU0127,Ambient Grocery,0.995,22.7908,43.7555,False
STR005,SKU0128,Ambient Grocery,0.995,27.913,49.5705,False
STR005,SKU0129,Fresh Produce,0.5,0.0,36.1319,True
STR005,SKU0130,Fresh Produce,0.5,0.0,37.5385,True
STR005,SKU0131,Beverages,0.995,42.8563,57.5816,False
STR005,SKU0132,Ambient Grocery,0.9933,43.7281,210.9394,False
STR005,SKU0133,Frozen,0.995,24.6107,29.5073,False
STR005,SKU0134,Frozen,0.995,42.627,87.5145,False
STR005,SKU0135,Seasonal,0.9942,66.3871,117.113,False
STR005,SKU0136,Ambient Grocery,0.9914,36.4879,70.444,False
STR005,SKU0137,Beverages,0.995,30.304,54.1412,False
STR005,SKU0138,Dairy & Eggs,0.7804,7.3907,19.5006,True
STR005,SKU0139,Health & Beauty,0.9918,39.7574,95.6035,False
STR005,SKU0140,Snacks & Confectionery,0.995,42.627,88.5172,False
STR005,SKU0141,Dairy & Eggs,0.8556,14.3302,70.5831,True
STR005,SKU0142,Ambient Grocery,0.9918,39.7486,113.5178,False
STR005,SKU0143,Fresh Produce,0.5,0.0,70.4396,True
STR005,SKU0144,Beverages,0.995,30.304,35.7436,False
STR005,SKU0145,Dairy & Eggs,0.883,11.3695,24.2266,True
STR005,SKU0146,Snacks & Confectionery,0.994,47.9839,78.7425,False
STR005,SKU0147,Ambient Grocery,0.9933,37.8897,190.1002,False
STR005,SKU0148,Fresh Produce,0.5185,1.0894,146.2848,True
STR005,SKU0149,Bakery,0.6469,3.6018,23.0143,True
STR005,SKU0150,Beverages,0.9898,72.1249,140.5961,False
STR006,SKU0001,Fresh Produce,0.6551,8.1351,44.6693,True
STR006,SKU0002,Dairy & Eggs,0.736,12.0579,172.3143,True
STR006,SKU0003,Ambient Grocery,0.995,22.7908,96.4019,False
STR006,SKU0004,Beverages,0.9913,79.1408,243.4005,False
STR006,SKU0005,Bakery,0.9895,58.359,174.1771,False
STR006,SKU0006,Fresh Produce,0.5777,3.995,66.7904,True
STR006,SKU0007,Dairy & Eggs,0.7504,11.1815,73.977,True
STR006,SKU0008,Frozen,0.9916,22.8512,27.7743,True
STR006,SKU0009,Snacks & Confectionery,0.995,34.8048,71.9248,False
STR006,SKU0010,Seasonal,0.995,30.304,49.0622,False
STR006,SKU0011,Household & Cleaning,0.995,22.7908,28.2233,False
STR006,SKU0012,Dairy & Eggs,0.995,42.627,191.4582,False
STR006,SKU0013,Household & Cleaning,0.9933,34.6196,47.8432,False
STR006,SKU0014,Seasonal,0.995,42.8563,68.2994,False
STR006,SKU0015,Frozen,0.9664,34.9876,113.8887,True
STR006,SKU0016,Snacks & Confectionery,0.9936,58.2859,178.8243,False
STR006,SKU0017,Ambient Grocery,0.995,36.0355,73.7278,False
STR006,SKU0018,Ambient Grocery,0.995,16.1155,37.8207,False
STR006,SKU0019,Fresh Produce,0.6723,5.2511,12.9049,True
STR006,SKU0020,Dairy & Eggs,0.8644,10.5137,44.1071,True
STR006,SKU0021,Household & Cleaning,0.995,22.7908,58.1908,False
STR006,SKU0022,Bakery,0.5,0.0,168.4655,True
STR006,SKU0023,Frozen,0.995,34.8048,43.5927,False
STR006,SKU0024,Fresh Produce,0.5329,1.3745,102.6712,True
STR006,SKU0025,Beverages,0.9938,58.8708,149.0686,False
STR006,SKU0026,Fresh Produce,0.5101,0.4207,26.314,True
STR006,SKU0027,Ambient Grocery,0.9929,40.6045,88.4093,False
STR006,SKU0028,Seasonal,0.9934,58.3355,70.0718,False
STR006,SKU0029,Fresh Produce,0.5798,4.1027,119.395,True
STR006,SKU0030,Ambient Grocery,0.9919,39.7987,113.0714,False
STR006,SKU0031,Health & Beauty,0.995,32.2311,86.9564,False
STR006,SKU0032,Beverages,0.995,74.2293,185.847,False
STR006,SKU0033,Seasonal,0.9906,78.1863,128.2553,False
STR006,SKU0034,Snacks & Confectionery,0.995,24.6107,40.0152,False
STR006,SKU0035,Household & Cleaning,0.9919,39.8266,195.3199,False
STR006,SKU0036,Household & Cleaning,0.995,27.913,69.5503,False
STR006,SKU0037,Dairy & Eggs,0.8618,10.4011,29.2119,True
STR006,SKU0038,Ambient Grocery,0.995,27.913,82.2426,False
STR006,SKU0039,Beverages,0.9944,66.6749,197.6089,False
STR006,SKU0040,Beverages,0.9922,56.9028,75.2618,False
STR006,SKU0041,Fresh Produce,0.5,0.0,95.9535,True
STR006,SKU0042,Ambient Grocery,0.9931,40.7281,125.1948,False
STR006,SKU0043,Ambient Grocery,0.995,16.1155,20.4678,False
STR006,SKU0044,Fresh Produce,0.5,0.0,158.1978,True
STR006,SKU0045,Ambient Grocery,0.9936,41.2211,70.5705,False
STR006,SKU0046,Bakery,0.6339,3.2704,17.7008,True
STR006,SKU0047,Fresh Produce,0.5278,0.8197,20.1348,True
STR006,SKU0048,Beverages,0.9948,67.3675,200.322,False
STR006,SKU0049,Frozen,0.995,42.627,56.547,False
STR006,SKU0050,Snacks & Confectionery,0.9935,62.7791,240.0741,False
STR006,SKU0051,Snacks & Confectionery,0.995,24.6107,65.8107,False
STR006,SKU0052,Ambient Grocery,0.9925,43.0668,130.2053,False
STR006,SKU0053,Frozen,0.995,42.627,97.715,False
STR006,SKU0054,Seasonal,0.995,42.8563,54.2849,False
STR006,SKU0055,Beverages,0.995,42.8563,70.6835,False
STR006,SKU0056,Bakery,0.6099,2.6671,13.2495,True
STR006,SKU0057,Snacks & Confectionery,0.995,34.8048,63.4437,False
STR006,SKU0058,Fresh Produce,0.5,0.0,63.7531,True
STR006,SKU0059,Bakery,0.5395,1.6428,81.5878,True
STR006,SKU0060,Dairy & Eggs,0.995,49.2215,130.2691,False
STR006,SKU0061,Seasonal,0.9944,59.638,122.7149,False
STR006,SKU0062,Ambient Grocery,0.995,32.2311,92.4278,False
STR006,SKU0063,Beverages,0.9915,74.3097,162.5933,False
STR006,SKU0064,Health & Beauty,0.995,32.2311,81.7778,False
STR006,SKU0065,Household & Cleaning,0.995,32.2311,81.374,False
STR006,SKU0066,Snacks & Confectionery,0.9943,48.3899,104.1082,False
STR006,SKU0067,Bakery,0.5,0.0,154.022,True
STR006,SKU0068,Seasonal,0.995,42.8563,58.6063,False
STR006,SKU0069,Beverages,0.995,42.8563,90.1897,False
STR006,SKU0070,Household & Cleaning,0.995,16.1155,21.6729,False
STR006,SKU0071,Fresh Produce,0.5,0.0,42.7711,True
STR006,SKU0072,Ambient Grocery,0.99,38.4923,87.7231,False
STR006,SKU0073,Bakery,0.5,0.0,28.6667,True
STR006,SKU0074,Snacks & Confectionery,0.9919,45.9522,112.2022,False
STR006,SKU0075,Ambient Grocery,0.9072,16.5671,144.655,True
STR006,SKU0076,Health & Beauty,0.995,22.7908,27.4337,False
STR006,SKU0077,Ambient Grocery,0.995,32.2311,60.363,False
STR006,SKU0078,Household & Cleaning,0.9913,42.0922,110.7515,False
STR006,SKU0079,Beverages,0.9944,79.0026,254.8776,False
STR006,SKU0080,Dairy & Eggs,0.8419,9.5753,41.3116,True
STR006,SKU0081,Frozen,0.9818,39.9725,50.1153,True
STR006,SKU0082,Frozen,0.995,42.627,86.008,False
STR006,SKU0083,Snacks & Confectionery,0.9926,46.5634,115.3106,False
STR006,SKU0084,Beverages,0.9946,79.3565,149.4694,False
STR006,SKU0085,Snacks & Confectionery,0.9937,47.6889,102.4631,False
STR006,SKU0086,Household & Cleaning,0.9909,41.7928,191.4119,False
STR006,SKU0087,Dairy & Eggs,0.7168,10.9548,96.8084,True
STR006,SKU0088,Seasonal,0.9913,79.1604,157.0551,False
STR006,SKU0089,Snacks & Confectionery,0.995,24.6107,35.3287,False
STR006,SKU0090,Health & Beauty,0.995,22.7908,28.1701,False
STR006,SKU0091,Bakery,0.995,24.6107,45.4679,False
STR006,SKU0092,Ambient Grocery,0.995,22.7908,58.0908,False
STR006,SKU0093,Frozen,0.9913,55.6356,100.9927,False
STR006,SKU0094,Health & Beauty,0.995,27.913,76.902,False
STR006,SKU0095,Ambient Grocery,0.995,16.1155,43.0117,False
STR006,SKU0096,Seasonal,0.995,52.4881,89.2775,False
STR006,SKU0097,Dairy & Eggs,0.6013,3.4692,60.2747,True
STR006,SKU0098,Ambient Grocery,0.9915,39.4807,238.1668,False
STR006,SKU0099,Household & Cleaning,0.9937,31.2114,85.7903,False
STR006,SKU0100,Fresh Produce,0.7384,10.6241,58.2476,True
STR006,SKU0101,Frozen,0.995,34.8048,50.6019,False
STR006,SKU0102,Beverages,0.9898,72.1293,179.1881,False
STR006,SKU0103,Fresh Produce,0.6537,4.6525,18.8525,True
STR006,SKU0104,Household & Cleaning,0.995,16.1155,21.4441,False
STR006,SKU0105,Ambient Grocery,0.9874,39.5879,290.5997,False
STR006,SKU0106,Bakery,0.5,0.0,54.9873,True
STR006,SKU0107,Snacks & Confectionery,0.9903,63.1892,297.3431,False
STR006,SKU0108,Ambient Grocery,0.9915,36.5703,274.3751,False
STR006,SKU0109,Beverages,0.992,74.9816,303.0759,False
STR006,SKU0110,Beverages,0.995,30.304,58.6806,False
STR006,SKU0111,Snacks & Confectionery,0.995,42.627,170.7066,False
STR006,SKU0112,Frozen,0.9942,68.2177,176.7609,False
STR006,SKU0113,Bakery,0.6894,4.7216,37.2148,True
STR006,SKU0114,Snacks & Confectionery,0.9936,62.9937,188.319,False
STR006,SKU0115,Fresh Produce,0.55,2.0896,51.6685,True
STR006,SKU0116,Snacks & Confectionery,0.995,34.8048,78.8048,False
STR006,SKU0117,Ambient Grocery,0.993,34.3688,133.5446,False
STR006,SKU0118,Ambient Grocery,0.995,22.7908,69.2908,False
STR006,SKU0119,Dairy & Eggs,0.7727,12.3746,67.3452,True
STR006,SKU0120,Seasonal,0.9944,59.678,115.4142,False
STR006,SKU0121,Snacks & Confectionery,0.995,49.2215,98.9358,False
STR006,SKU0122,Ambient Grocery,0.995,16.1155,30.2514,False
STR006,SKU0123,Bakery,0.5642,2.6744,58.2898,True
STR006,SKU0124,Beverages,0.995,30.304,54.1611,False
STR006,SKU0125,Snacks & Confectionery,0.995,24.6107,46.9278,False
STR006,SKU0126,Health & Beauty,0.995,16.1155,34.9704,False
STR006,SKU0127,Ambient Grocery,0.995,22.7908,53.4158,False
STR006,SKU0128,Ambient Grocery,0.995,27.913,58.7463,False
STR006,SKU0129,Fresh Produce,0.5,0.0,39.2533,True
STR006,SKU0130,Fresh Produce,0.5,0.0,49.4286,True
STR006,SKU0131,Beverages,0.995,42.8563,63.6711,False
STR006,SKU0132,Ambient Grocery,0.9933,43.7281,284.9374,False
STR006,SKU0133,Frozen,0.995,24.6107,32.0014,False
STR006,SKU0134,Frozen,0.995,42.627,90.0195,False
STR006,SKU0135,Seasonal,0.9942,66.3871,130.5421,False
STR006,SKU0136,Ambient Grocery,0.9914,36.4879,74.1363,False
STR006,SKU0137,Beverages,0.995,30.304,55.9064,False
STR006,SKU0138,Dairy & Eggs,0.7804,7.3907,23.2039,True
STR006,SKU0139,Health & Beauty,0.9918,39.7574,108.2189,False
STR006,SKU0140,Snacks & Confectionery,0.995,42.627,101.9842,False
STR006,SKU0141,Dairy & Eggs,0.8556,14.3302,66.4514,True
STR006,SKU0142,Ambient Grocery,0.9918,39.7486,132.9793,False
STR006,SKU0143,Fresh Produce,0.5,0.0,93.2308,True
STR006,SKU0144,Beverages,0.995,30.304,38.5897,False
STR006,SKU0145,Dairy & Eggs,0.883,11.3695,27.3365,True
STR006,SKU0146,Snacks & Confectionery,0.994,47.9839,97.0389,False
STR006,SKU0147,Ambient Grocery,0.9933,37.8897,233.648,False
STR006,SKU0148,Fresh Produce,0.5185,1.0894,201.5894,True
STR006,SKU0149,Bakery,0.6469,3.6018,26.5268,True
STR006,SKU0150,Beverages,0.9898,72.1249,158.1249,False
STR007,SKU0001,Fresh Produce,0.6551,8.1351,45.5351,True
STR007,SKU0002,Dairy & Eggs,0.736,12.0579,181.0449,True
STR007,SKU0003,Ambient Grocery,0.995,22.7908,88.5655,False
STR007,SKU0004,Beverages,0.9913,79.1408,229.3781,False
STR007,SKU0005,Bakery,0.9895,58.359,186.2783,False
STR007,SKU0006,Fresh Produce,0.5777,3.995,64.969,True
STR007,SKU0007,Dairy & Eggs,0.7504,11.1815,84.9315,True
STR007,SKU0008,Frozen,0.9916,22.8512,27.8622,True
STR007,SKU0009,Snacks & Confectionery,0.995,34.8048,71.281,False
STR007,SKU0010,Seasonal,0.995,30.304,51.326,False
STR007,SKU0011,Household & Cleaning,0.995,22.7908,28.6389,False
STR007,SKU0012,Dairy & Eggs,0.995,42.627,216.7293,False
STR007,SKU0013,Household & Cleaning,0.9933,34.6196,48.6076,False
STR007,SKU0014,Seasonal,0.995,42.8563,74.3622,False
STR007,SKU0015,Frozen,0.9664,34.9876,117.3612,True
STR007,SKU0016,Snacks & Confectionery,0.9936,58.2859,188.6359,False
STR007,SKU0017,Ambient Grocery,0.995,36.0355,76.3432,False
STR007,SKU0018,Ambient Grocery,0.995,16.1155,38.6678,False
STR007,SKU0019,Fresh Produce,0.6723,5.2511,12.4836,True
STR007,SKU0020,Dairy & Eggs,0.8644,10.5137,45.7065,True
STR007,SKU0021,Household & Cleaning,0.995,22.7908,55.6999,False
STR007,SKU0022,Bakery,0.5,0.0,142.9125,True
STR007,SKU0023,Frozen,0.995,34.8048,42.916,False
STR007,SKU0024,Fresh Produce,0.5329,1.3745,101.8572,True
STR007,SKU0025,Beverages,0.9938,58.8708,131.2597,False
STR007,SKU0026,Fresh Produce,0.5101,0.4207,24.6049,True
STR007,SKU0027,Ambient Grocery,0.9929,40.6045,86.2408,False
STR007,SKU0028,Seasonal,0.9934,58.3355,70.863,False
STR007,SKU0029,Fresh Produce,0.5798,4.1027,123.1321,True
STR007,SKU0030,Ambient Grocery,0.9919,39.7987,120.2987,False
STR007,SKU0031,Health & Beauty,0.995,32.2311,89.6377,False
STR007,SKU0032,Beverages,0.995,74.2293,180.1696,False
STR007,SKU0033,Seasonal,0.9906,78.1863,133.0581,False
STR007,SKU0034,Snacks & Confectionery,0.995,24.6107,40.1388,False
STR007,SKU0035,Household & Cleaning,0.9919,39.8266,202.1161,False
STR007,SKU0036,Household & Cleaning,0.995,27.913,69.4514,False
STR007,SKU0037,Dairy & Eggs,0.8618,10.4011,29.8578,True
STR007,SKU0038,Ambient Grocery,0.995,27.913,83.3635,False
STR007,SKU0039,Beverages,0.9944,66.6749,201.4001,False
STR007,SKU0040,Beverages,0.9922,56.9028,77.5574,False
STR007,SKU0041,Fresh Produce,0.5,0.0,104.8525,True
STR007,SKU0042,Ambient Grocery,0.9931,40.7281,133.0358,False
STR007,SKU0043,Ambient Grocery,0.995,16.1155,20.4678,False
STR007,SKU0044,Fresh Produce,0.5,0.0,149.5824,True
STR007,SKU0045,Ambient Grocery,0.9936,41.2211,69.4155,False
STR007,SKU0046,Bakery,0.6339,3.2704,19.5655,True
STR007,SKU0047,Fresh Produce,0.5278,0.8197,19.2,True
STR007,SKU0048,Beverages,0.9948,67.3675,189.5103,False
STR007,SKU0049,Frozen,0.995,42.627,56.547,False
STR007,SKU0050,Snacks & Confectionery,0.9935,62.7791,234.8436,False
STR007,SKU0051,Snacks & Confectionery,0.995,24.6107,57.3746,False
STR007,SKU0052,Ambient Grocery,0.9925,43.0668,140.5362,False
STR007,SKU0053,Frozen,0.995,42.627,99.7919,False
STR007,SKU0054,Seasonal,0.995,42.8563,54.0113,False
STR007,SKU0055,Beverages,0.995,42.8563,81.9992,False
STR007,SKU0056,Bakery,0.6099,2.6671,12.6451,True
STR007,SKU0057,Snacks & Confectionery,0.995,34.8048,63.7474,False
STR007,SKU0058,Fresh Produce,0.5,0.0,69.1429,True
STR007,SKU0059,Bakery,0.5395,1.6428,85.412,True
STR007,SKU0060,Dairy & Eggs,0.995,49.2215,127.2215,False
STR007,SKU0061,Seasonal,0.9944,59.638,131.8138,False
STR007,SKU0062,Ambient Grocery,0.995,32.2311,102.5644,False
STR007,SKU0063,Beverages,0.9915,74.3097,188.5319,False
STR007,SKU0064,Health & Beauty,0.995,32.2311,87.7446,False
STR007,SKU0065,Household & Cleaning,0.995,32.2311,82.2531,False
STR007,SKU0066,Snacks & Confectionery,0.9943,48.3899,114.1399,False
STR007,SKU0067,Bakery,0.5,0.0,152.1758,True
STR007,SKU0068,Seasonal,0.995,42.8563,61.3732,False
STR007,SKU0069,Beverages,0.995,42.8563,90.9003,False
STR007,SKU0070,Household & Cleaning,0.995,16.1155,22.4782,False
STR007,SKU0071,Fresh Produce,0.5,0.0,41.6962,True
STR007,SKU0072,Ambient Grocery,0.99,38.4923,88.9335,False
STR007,SKU0073,Bakery,0.5,0.0,24.7556,True
STR007,SKU0074,Snacks & Confectionery,0.9919,45.9522,118.9984,False
STR007,SKU0075,Ambient Grocery,0.9072,16.5671,145.4022,True
STR007,SKU0076,Health & Beauty,0.995,22.7908,27.6414,False
STR007,SKU0077,Ambient Grocery,0.995,32.2311,62.361,False
STR007,SKU0078,Household & Cleaning,0.9913,42.0922,117.3106,False
STR007,SKU0079,Beverages,0.9944,79.0026,296.8776,False
STR007,SKU0080,Dairy & Eggs,0.8419,9.5753,42.9431,True
STR007,SKU0081,Frozen,0.9818,39.9725,53.183,True
STR007,SKU0082,Frozen,0.995,42.627,82.4452,False
STR007,SKU0083,Snacks & Confectionery,0.9926,46.5634,109.3766,False
STR007,SKU0084,Beverages,0.9946,79.3565,147.3965,False
STR007,SKU0085,Snacks & Confectionery,0.9937,47.6889,102.4784,False
STR007,SKU0086,Household & Cleaning,0.9909,41.7928,198.4522,False
STR007,SKU0087,Dairy & Eggs,0.7168,10.9548,91.784,True
STR007,SKU0088,Seasonal,0.9913,79.1604,187.4937,False
STR007,SKU0089,Snacks & Confectionery,0.995,24.6107,34.1107,False
STR007,SKU0090,Health & Beauty,0.995,22.7908,27.622,False
STR007,SKU0091,Bakery,0.995,24.6107,45.7866,False
STR007,SKU0092,Ambient Grocery,0.995,22.7908,63.6184,False
STR007,SKU0093,Frozen,0.9913,55.6356,100.8004,False
STR007,SKU0094,Health & Beauty,0.995,27.913,79.3745,False
STR007,SKU0095,Ambient Grocery,0.995,16.1155,43.0668,False
STR007,SKU0096,Seasonal,0.995,52.4881,111.8965,False
STR007,SKU0097,Dairy & Eggs,0.6013,3.4692,69.281,True
STR007,SKU0098,Ambient Grocery,0.9915,39.4807,259.336,False
STR007,SKU0099,Household & Cleaning,0.9937,31.2114,79.5704,False
STR007,SKU0100,Fresh Produce,0.7384,10.6241,70.0241,True
STR007,SKU0101,Frozen,0.995,34.8048,51.0,False
STR007,SKU0102,Beverages,0.9898,72.1293,177.8122,False
STR007,SKU0103,Fresh Produce,0.6537,4.6525,18.4525,True
STR007,SKU0104,Household & Cleaning,0.995,16.1155,22.5899,False
STR007,SKU0105,Ambient Grocery,0.9874,39.5879,304.0374,False
STR007,SKU0106,Bakery,0.5,0.0,48.4557,True
STR007,SKU0107,Snacks & Confectionery,0.9903,63.1892,268.7783,False
STR007,SKU0108,Ambient Grocery,0.9915,36.5703,274.79,False
STR007,SKU0109,Beverages,0.992,74.9816,273.4522,False
STR007,SKU0110,Beverages,0.995,30.304,58.5915,False
STR007,SKU0111,Snacks & Confectionery,0.995,42.627,151.1985,False
STR007,SKU0112,Frozen,0.9942,68.2177,193.4125,False
STR007,SKU0113,Bakery,0.6894,4.7216,37.7779,True
STR007,SKU0114,Snacks & Confectionery,0.9936,62.9937,194.9693,False
STR007,SKU0115,Fresh Produce,0.55,2.0896,49.7429,True
STR007,SKU0116,Snacks & Confectionery,0.995,34.8048,87.8842,False
STR007,SKU0117,Ambient Grocery,0.993,34.3688,136.127,False
STR007,SKU0118,Ambient Grocery,0.995,22.7908,88.2703,False
STR007,SKU0119,Dairy & Eggs,0.7727,12.3746,61.6284,True
STR007,SKU0120,Seasonal,0.9944,59.678,119.5461,False
STR007,SKU0121,Snacks & Confectionery,0.995,49.2215,97.8666,False
STR007,SKU0122,Ambient Grocery,0.995,16.1155,30.5661,False
STR007,SKU0123,Bakery,0.5642,2.6744,49.8636,True
STR007,SKU0124,Beverages,0.995,30.304,56.8415,False
STR007,SKU0125,Snacks & Confectionery,0.995,24.6107,50.5978,False
STR007,SKU0126,Health & Beauty,0.995,16.1155,32.191,False
STR007,SKU0127,Ambient Grocery,0.995,22.7908,50.9637,False
STR007,SKU0128,Ambient Grocery,0.995,27.913,58.95,False
STR007,SKU0129,Fresh Produce,0.5,0.0,37.9535,True
STR007,SKU0130,Fresh Produce,0.5,0.0,51.7363,True
STR007,SKU0131,Beverages,0.995,42.8563,62.7401,False
STR007,SKU0132,Ambient Grocery,0.9933,43.7281,273.8334,False
STR007,SKU0133,Frozen,0.995,24.6107,31.3928,False
STR007,SKU0134,Frozen,0.995,42.627,101.8676,False
STR007,SKU0135,Seasonal,0.9942,66.3871,124.4331,False
STR007,SKU0136,Ambient Grocery,0.9914,36.4879,81.5868,False
STR007,SKU0137,Beverages,0.995,30.304,51.3187,False
STR007,SKU0138,Dairy & Eggs,0.7804,7.3907,21.7973,True
STR007,SKU0139,Health & Beauty,0.9918,39.7574,116.142,False
STR007,SKU0140,Snacks & Confectionery,0.995,42.627,101.3145,False
STR007,SKU0141,Dairy & Eggs,0.8556,14.3302,69.7818,True
STR007,SKU0142,Ambient Grocery,0.9918,39.7486,142.2101,False
STR007,SKU0143,Fresh Produce,0.5,0.0,88.5714,True
STR007,SKU0144,Beverages,0.995,30.304,38.4139,False
STR007,SKU0145,Dairy & Eggs,0.883,11.3695,28.875,True
STR007,SKU0146,Snacks & Confectionery,0.994,47.9839,88.5173,False
STR007,SKU0147,Ambient Grocery,0.9933,37.8897,244.1397,False
STR007,SKU0148,Fresh Produce,0.5185,1.0894,198.0083,True
STR007,SKU0149,Bakery,0.6469,3.6018,30.0634,True
STR007,SKU0150,Beverages,0.9898,72.1249,166.6249,False
STR008,SKU0001,Fresh Produce,0.6551,8.1351,41.0945,True
STR008,SKU0002,Dairy & Eggs,0.736,12.0579,154.505,True
STR008,SKU0003,Ambient Grocery,0.995,22.7908,78.9603,False
STR008,SKU0004,Beverages,0.9913,79.1408,246.5625,False
STR008,SKU0005,Bakery,0.9895,58.359,179.6292,False
STR008,SKU0006,Fresh Produce,0.5777,3.995,62.6891,True
STR008,SKU0007,Dairy & Eggs,0.7504,11.1815,71.9056,True
STR008,SKU0008,Frozen,0.9916,22.8512,27.2798,True
STR008,SKU0009,Snacks & Confectionery,0.995,34.8048,72.5429,False
STR008,SKU0010,Seasonal,0.995,30.304,51.0293,False
STR008,SKU0011,Household & Cleaning,0.995,22.7908,28.5108,False
STR008,SKU0012,Dairy & Eggs,0.995,42.627,206.5854,False
STR008,SKU0013,Household & Cleaning,0.9933,34.6196,46.7029,False
STR008,SKU0014,Seasonal,0.995,42.8563,70.0212,False
STR008,SKU0015,Frozen,0.9664,34.9876,115.2513,True
STR008,SKU0016,Snacks & Confectionery,0.9936,58.2859,181.7796,False
STR008,SKU0017,Ambient Grocery,0.995,36.0355,69.2453,False
STR008,SKU0018,Ambient Grocery,0.995,16.1155,34.7544,False
STR008,SKU0019,Fresh Produce,0.6723,5.2511,11.9093,True
STR008,SKU0020,Dairy & Eggs,0.8644,10.5137,41.9862,True
STR008,SKU0021,Household & Cleaning,0.995,22.7908,52.3073,False
STR008,SKU0022,Bakery,0.5,0.0,165.1324,True
STR008,SKU0023,Frozen,0.995,34.8048,41.8536,False
STR008,SKU0024,Fresh Produce,0.5329,1.3745,92.2925,True
STR008,SKU0025,Beverages,0.9938,58.8708,140.3213,False
STR008,SKU0026,Fresh Produce,0.5101,0.4207,23.8528,True
STR008,SKU0027,Ambient Grocery,0.9929,40.6045,86.7492,False
STR008,SKU0028,Seasonal,0.9934,58.3355,70.5114,False
STR008,SKU0029,Fresh Produce,0.5798,4.1027,99.3432,True
STR008,SKU0030,Ambient Grocery,0.9919,39.7987,116.9526,False
STR008,SKU0031,Health & Beauty,0.995,32.2311,91.6597,False
STR008,SKU0032,Beverages,0.995,74.2293,181.3008,False
STR008,SKU0033,Seasonal,0.9906,78.1863,128.853,False
STR008,SKU0034,Snacks & Confectionery,0.995,24.6107,40.712,False
STR008,SKU0035,Household & Cleaning,0.9919,39.8266,172.6727,False
STR008,SKU0036,Household & Cleaning,0.995,27.913,73.0448,False
STR008,SKU0037,Dairy & Eggs,0.8618,10.4011,31.7729,True
STR008,SKU0038,Ambient Grocery,0.995,27.913,79.038,False
STR008,SKU0039,Beverages,0.9944,66.6749,204.4771,False
STR008,SKU0040,Beverages,0.9922,56.9028,80.2001,False
STR008,SKU0041,Fresh Produce,0.5,0.0,78.7429,True
STR008,SKU0042,Ambient Grocery,0.9931,40.7281,126.8899,False
STR008,SKU0043,Ambient Grocery,0.995,16.1155,20.1282,False
STR008,SKU0044,Fresh Produce,0.5,0.0,142.8132,True
STR008,SKU0045,Ambient Grocery,0.9936,41.2211,65.927,False
STR008,SKU0046,Bakery,0.6339,3.2704,18.5317,True
STR008,SKU0047,Fresh Produce,0.5278,0.8197,18.1368,True
STR008,SKU0048,Beverages,0.9948,67.3675,189.785,False
STR008,SKU0049,Frozen,0.995,42.627,55.3668,False
STR008,SKU0050,Snacks & Confectionery,0.9935,62.7791,227.7307,False
STR008,SKU0051,Snacks & Confectionery,0.995,24.6107,62.7454,False
STR008,SKU0052,Ambient Grocery,0.9925,43.0668,141.034,False
STR008,SKU0053,Frozen,0.995,42.627,93.4952,False
STR008,SKU0054,Seasonal,0.995,42.8563,51.8278,False
STR008,SKU0055,Beverages,0.995,42.8563,77.9138,False
STR008,SKU0056,Bakery,0.6099,2.6671,12.5792,True
STR008,SKU0057,Snacks & Confectionery,0.995,34.8048,60.5631,False
STR008,SKU0058,Fresh Produce,0.5,0.0,61.3953,True
STR008,SKU0059,Bakery,0.5395,1.6428,68.0384,True
STR008,SKU0060,Dairy & Eggs,0.995,49.2215,121.8881,False
STR008,SKU0061,Seasonal,0.9944,59.638,122.3633,False
STR008,SKU0062,Ambient Grocery,0.995,32.2311,90.3523,False
STR008,SKU0063,Beverages,0.9915,74.3097,170.5386,False
STR008,SKU0064,Health & Beauty,0.995,32.2311,78.4129,False
STR008,SKU0065,Household & Cleaning,0.995,32.2311,81.4619,False
STR008,SKU0066,Snacks & Confectionery,0.9943,48.3899,111.9504,False
STR008,SKU0067,Bakery,0.5,0.0,137.4505,True
STR008,SKU0068,Seasonal,0.995,42.8563,61.0271,False
STR008,SKU0069,Beverages,0.995,42.8563,88.2341,False
STR008,SKU0070,Household & Cleaning,0.995,16.1155,21.9512,False
STR008,SKU0071,Fresh Produce,0.5,0.0,46.0,True
STR008,SKU0072,Ambient Grocery,0.99,38.4923,84.3385,False
STR008,SKU0073,Bakery,0.5,0.0,30.4848,True
STR008,SKU0074,Snacks & Confectionery,0.9919,45.9522,109.2433,False
STR008,SKU0075,Ambient Grocery,0.9072,16.5671,138.3392,True
STR008,SKU0076,Health & Beauty,0.995,22.7908,26.2432,False
STR008,SKU0077,Ambient Grocery,0.995,32.2311,63.1736,False
STR008,SKU0078,Household & Cleaning,0.9913,42.0922,111.3945,False
STR008,SKU0079,Beverages,0.9944,79.0026,366.745,False
STR008,SKU0080,Dairy & Eggs,0.8419,9.5753,38.8707,True
STR008,SKU0081,Frozen,0.9818,39.9725,51.6047,True
STR008,SKU0082,Frozen,0.995,42.627,87.5199,False
STR008,SKU0083,Snacks & Confectionery,0.9926,46.5634,110.0359,False
STR008,SKU0084,Beverages,0.9946,79.3565,151.7257,False
STR008,SKU0085,Snacks & Confectionery,0.9937,47.6889,113.623,False
STR008,SKU0086,Household & Cleaning,0.9909,41.7928,171.1115,False
STR008,SKU0087,Dairy & Eggs,0.7168,10.9548,85.4126,True
STR008,SKU0088,Seasonal,0.9913,79.1604,172.2237,False
STR008,SKU0089,Snacks & Confectionery,0.995,24.6107,34.1239,False
STR008,SKU0090,Health & Beauty,0.995,22.7908,27.1285,False
STR008,SKU0091,Bakery,0.995,24.6107,44.1052,False
STR008,SKU0092,Ambient Grocery,0.995,22.7908,55.1397,False
STR008,SKU0093,Frozen,0.9913,55.6356,103.4798,False
STR008,SKU0094,Health & Beauty,0.995,27.913,69.7811,False
STR008,SKU0095,Ambient Grocery,0.995,16.1155,43.8505,False
STR008,SKU0096,Seasonal,0.995,52.4881,100.1177,False
STR008,SKU0097,Dairy & Eggs,0.6013,3.4692,70.5461,True
STR008,SKU0098,Ambient Grocery,0.9915,39.4807,247.6834,False
STR008,SKU0099,Household & Cleaning,0.9937,31.2114,78.5526,False
STR008,SKU0100,Fresh Produce,0.7384,10.6241,57.5182,True
STR008,SKU0101,Frozen,0.995,34.8048,50.3873,False
STR008,SKU0102,Beverages,0.9898,72.1293,163.7805,False
STR008,SKU0103,Fresh Produce,0.6537,4.6525,16.5793,True
STR008,SKU0104,Household & Cleaning,0.995,16.1155,22.628,False
STR008,SKU0105,Ambient Grocery,0.9874,39.5879,278.1814,False
STR008,SKU0106,Bakery,0.5,0.0,49.6923,True
STR008,SKU0107,Snacks & Confectionery,0.9903,63.1892,270.9917,False
STR008,SKU0108,Ambient Grocery,0.9915,36.5703,257.4274,False
STR008,SKU0109,Beverages,0.992,74.9816,269.8525,False
STR008,SKU0110,Beverages,0.995,30.304,59.7765,False
STR008,SKU0111,Snacks & Confectionery,0.995,42.627,174.9034,False
STR008,SKU0112,Frozen,0.9942,68.2177,175.4809,False
STR008,SKU0113,Bakery,0.6894,4.7216,32.7736,True
STR008,SKU0114,Snacks & Confectionery,0.9936,62.9937,185.5339,False
STR008,SKU0115,Fresh Produce,0.55,2.0896,42.0618,True
STR008,SKU0116,Snacks & Confectionery,0.995,34.8048,77.4477,False
STR008,SKU0117,Ambient Grocery,0.993,34.3688,131.7863,False
STR008,SKU0118,Ambient Grocery,0.995,22.7908,71.1804,False
STR008,SKU0119,Dairy & Eggs,0.7727,12.3746,60.7837,True
STR008,SKU0120,Seasonal,0.9944,59.678,110.5351,False
STR008,SKU0121,Snacks & Confectionery,0.995,49.2215,95.5983,False
STR008,SKU0122,Ambient Grocery,0.995,16.1155,30.1375,False
STR008,SKU0123,Bakery,0.5642,2.6744,52.7815,True
STR008,SKU0124,Beverages,0.995,30.304,56.6996,False
STR008,SKU0125,Snacks & Confectionery,0.995,24.6107,45.8517,False
STR008,SKU0126,Health & Beauty,0.995,16.1155,35.687,False
STR008,SKU0127,Ambient Grocery,0.995,22.7908,49.8238,False
STR008,SKU0128,Ambient Grocery,0.995,27.913,56.6175,False
STR008,SKU0129,Fresh Produce,0.5,0.0,37.2911,True
STR008,SKU0130,Fresh Produce,0.5,0.0,45.6296,True
STR008,SKU0131,Beverages,0.995,42.8563,59.8234,False
STR008,SKU0132,Ambient Grocery,0.9933,43.7281,229.7022,False
STR008,SKU0133,Frozen,0.995,24.6107,30.9065,False
STR008,SKU0134,Frozen,0.995,42.627,91.0117,False
STR008,SKU0135,Seasonal,0.9942,66.3871,128.8871,False
STR008,SKU0136,Ambient Grocery,0.9914,36.4879,81.1253,False
STR008,SKU0137,Beverages,0.995,30.304,55.8635,False
STR008,SKU0138,Dairy & Eggs,0.7804,7.3907,22.2808,True
STR008,SKU0139,Health & Beauty,0.9918,39.7574,103.8343,False
STR008,SKU0140,Snacks & Confectionery,0.995,42.627,91.1216,False
STR008,SKU0141,Dairy & Eggs,0.8556,14.3302,78.1016,True
STR008,SKU0142,Ambient Grocery,0.9918,39.7486,121.5178,False
STR008,SKU0143,Fresh Produce,0.5,0.0,83.8293,True
STR008,SKU0144,Beverages,0.995,30.304,37.4798,False
STR008,SKU0145,Dairy & Eggs,0.883,11.3695,27.3036,True
STR008,SKU0146,Snacks & Confectionery,0.994,47.9839,89.8909,False
STR008,SKU0147,Ambient Grocery,0.9933,37.8897,230.7469,False
STR008,SKU0148,Fresh Produce,0.5185,1.0894,180.4306,True
STR008,SKU0149,Bakery,0.6469,3.6018,25.448,True
STR008,SKU0150,Beverages,0.9898,72.1249,158.8941,False
STR009,SKU0001,Fresh Produce,0.6551,8.1351,68.9034,True
STR009,SKU0002,Dairy & Eggs,0.736,12.0579,227.3997,True
STR009,SKU0003,Ambient Grocery,0.995,22.7908,125.0506,False
STR009,SKU0004,Beverages,0.9913,79.1408,306.9808,False
STR009,SKU0005,Bakery,0.9895,58.359,230.2742,False
STR009,SKU0006,Fresh Produce,0.5777,3.995,91.2067,True
STR009,SKU0007,Dairy & Eggs,0.7504,11.1815,106.4586,True
STR009,SKU0008,Frozen,0.9916,22.8512,29.4337,True
STR009,SKU0009,Snacks & Confectionery,0.995,34.8048,90.6073,False
STR009,SKU0010,Seasonal,0.995,30.304,58.7436,False
STR009,SKU0011,Household & Cleaning,0.995,22.7908,30.864,False
STR009,SKU0012,Dairy & Eggs,0.995,42.627,283.1644,False
STR009,SKU0013,Household & Cleaning,0.9933,34.6196,51.3878,False
STR009,SKU0014,Seasonal,0.995,42.8563,81.2666,False
STR009,SKU0015,Frozen,0.9664,34.9876,151.0755,True
STR009,SKU0016,Snacks & Confectionery,0.9936,58.2859,276.0605,False
STR009,SKU0017,Ambient Grocery,0.995,36.0355,82.7825,False
STR009,SKU0018,Ambient Grocery,0.995,16.1155,44.9747,False
STR009,SKU0019,Fresh Produce,0.6723,5.2511,14.39,True
STR009,SKU0020,Dairy & Eggs,0.8644,10.5137,58.6565,True
STR009,SKU0021,Household & Cleaning,0.995,22.7908,68.3019,False
STR009,SKU0022,Bakery,0.5,0.0,246.0,True
STR009,SKU0023,Frozen,0.995,34.8048,47.4611,False
STR009,SKU0024,Fresh Produce,0.5329,1.3745,129.4935,True
STR009,SKU0025,Beverages,0.9938,58.8708,184.2344,False
STR009,SKU0026,Fresh Produce,0.5101,0.4207,41.3457,True
STR009,SKU0027,Ambient Grocery,0.9929,40.6045,103.3452,False
STR009,SKU0028,Seasonal,0.9934,58.3355,75.3026,False
STR009,SKU0029,Fresh Produce,0.5798,4.1027,145.1444,True
STR009,SKU0030,Ambient Grocery,0.9919,39.7987,149.2787,False
STR009,SKU0031,Health & Beauty,0.995,32.2311,119.4399,False
STR009,SKU0032,Beverages,0.995,74.2293,214.7368,False
STR009,SKU0033,Seasonal,0.9906,78.1863,150.1863,False
STR009,SKU0034,Snacks & Confectionery,0.995,24.6107,47.2151,False
STR009,SKU0035,Household & Cleaning,0.9919,39.8266,281.9804,False
STR009,SKU0036,Household & Cleaning,0.995,27.913,92.7921,False
STR009,SKU0037,Dairy & Eggs,0.8618,10.4011,40.4498,True
STR009,SKU0038,Ambient Grocery,0.995,27.913,105.2206,False
STR009,SKU0039,Beverages,0.9944,66.6749,249.4221,False
STR009,SKU0040,Beverages,0.9922,56.9028,83.2457,False
STR009,SKU0041,Fresh Produce,0.5,0.0,137.8,True
STR009,SKU0042,Ambient Grocery,0.9931,40.7281,164.587,False
STR009,SKU0043,Ambient Grocery,0.995,16.1155,22.5353,False
STR009,SKU0044,Fresh Produce,0.5,0.0,222.9011,True
STR009,SKU0045,Ambient Grocery,0.9936,41.2211,85.2211,False
STR009,SKU0046,Bakery,0.6339,3.2704,26.4454,True
STR009,SKU0047,Fresh Produce,0.5278,0.8197,25.9447,True
STR009,SKU0048,Beverages,0.9948,67.3675,233.2211,False
STR009,SKU0049,Frozen,0.995,42.627,61.6144,False
STR009,SKU0050,Snacks & Confectionery,0.9935,62.7791,298.3085,False
STR009,SKU0051,Snacks & Confectionery,0.995,24.6107,78.2931,False
STR009,SKU0052,Ambient Grocery,0.9925,43.0668,174.8978,False
STR009,SKU0053,Frozen,0.995,42.627,121.1216,False
STR009,SKU0054,Seasonal,0.995,42.8563,56.1607,False
STR009,SKU0055,Beverages,0.995,42.8563,91.2471,False
STR009,SKU0056,Bakery,0.6099,2.6671,18.5902,True
STR009,SKU0057,Snacks & Confectionery,0.995,34.8048,74.2334,False
STR009,SKU0058,Fresh Produce,0.5,0.0,85.6923,True
STR009,SKU0059,Bakery,0.5395,1.6428,118.8406,True
STR009,SKU0060,Dairy & Eggs,0.995,49.2215,160.034,False
STR009,SKU0061,Seasonal,0.9944,59.638,134.8907,False
STR009,SKU0062,Ambient Grocery,0.995,32.2311,120.0311,False
STR009,SKU0063,Beverages,0.9915,74.3097,206.0847,False
STR009,SKU0064,Health & Beauty,0.995,32.2311,111.322,False
STR009,SKU0065,Household & Cleaning,0.995,32.2311,104.5827,False
STR009,SKU0066,Snacks & Confectionery,0.9943,48.3899,125.273,False
STR009,SKU0067,Bakery,0.5,0.0,208.967,True
STR009,SKU0068,Seasonal,0.995,42.8563,65.0045,False
STR009,SKU0069,Beverages,0.995,42.8563,111.9578,False
STR009,SKU0070,Household & Cleaning,0.995,16.1155,24.2755,False
STR009,SKU0071,Fresh Produce,0.5,0.0,71.1648,True
STR009,SKU0072,Ambient Grocery,0.99,38.4923,102.346,False
STR009,SKU0073,Bakery,0.5,0.0,39.0,True
STR009,SKU0074,Snacks & Confectionery,0.9919,45.9522,136.9808,False
STR009,SKU0075,Ambient Grocery,0.9072,16.5671,190.3899,True
STR009,SKU0076,Health & Beauty,0.995,22.7908,28.9508,False
STR009,SKU0077,Ambient Grocery,0.995,32.2311,75.5436,False
STR009,SKU0078,Household & Cleaning,0.9913,42.0922,146.8834,False
STR009,SKU0079,Beverages,0.9944,79.0026,370.8302,False
STR009,SKU0080,Dairy & Eggs,0.8419,9.5753,51.512,True
STR009,SKU0081,Frozen,0.9818,39.9725,55.8686,True
STR009,SKU0082,Frozen,0.995,42.627,106.987,False
STR009,SKU0083,Snacks & Confectionery,0.9926,46.5634,138.2996,False
STR009,SKU0084,Beverages,0.9946,79.3565,172.576,False
STR009,SKU0085,Snacks & Confectionery,0.9937,47.6889,109.9346,False
STR009,SKU0086,Household & Cleaning,0.9909,41.7928,242.2373,False
STR009,SKU0087,Dairy & Eggs,0.7168,10.9548,121.885,True
STR009,SKU0088,Seasonal,0.9913,79.1604,198.2715,False
STR009,SKU0089,Snacks & Confectionery,0.995,24.6107,37.1239,False
STR009,SKU0090,Health & Beauty,0.995,22.7908,30.1498,False
STR009,SKU0091,Bakery,0.995,24.6107,52.7976,False
STR009,SKU0092,Ambient Grocery,0.995,22.7908,74.2645,False
STR009,SKU0093,Frozen,0.9913,55.6356,129.4048,False
STR009,SKU0094,Health & Beauty,0.995,27.913,96.6492,False
STR009,SKU0095,Ambient Grocery,0.995,16.1155,58.2616,False
STR009,SKU0096,Seasonal,0.995,52.4881,104.8761,False
STR009,SKU0097,Dairy & Eggs,0.6013,3.4692,81.6313,True
STR009,SKU0098,Ambient Grocery,0.9915,39.4807,310.7307,False
STR009,SKU0099,Household & Cleaning,0.9937,31.2114,102.8011,False
STR009,SKU0100,Fresh Produce,0.7384,10.6241,88.4812,True
STR009,SKU0101,Frozen,0.995,34.8048,56.673,False
STR009,SKU0102,Beverages,0.9898,72.1293,210.0705,False
STR009,SKU0103,Fresh Produce,0.6537,4.6525,23.9025,True
STR009,SKU0104,Household & Cleaning,0.995,16.1155,25.1155,False
STR009,SKU0105,Ambient Grocery,0.9874,39.5879,363.5879,False
STR009,SKU0106,Bakery,0.5,0.0,66.725,True
STR009,SKU0107,Snacks & Confectionery,0.9903,63.1892,347.4709,False
STR009,SKU0108,Ambient Grocery,0.9915,36.5703,343.7703,False
STR009,SKU0109,Beverages,0.992,74.9816,461.7046,False
STR009,SKU0110,Beverages,0.995,30.304,69.25,False
STR009,SKU0111,Snacks & Confectionery,0.995,42.627,201.9308,False
STR009,SKU0112,Frozen,0.9942,68.2177,217.8711,False
STR009,SKU0113,Bakery,0.6894,4.7216,48.5668,True
STR009,SKU0114,Snacks & Confectionery,0.9936,62.9937,235.6054,False
STR009,SKU0115,Fresh Produce,0.55,2.0896,78.3674,True
STR009,SKU0116,Snacks & Confectionery,0.995,34.8048,107.8548,False
STR009,SKU0117,Ambient Grocery,0.993,34.3688,170.7973,False
STR009,SKU0118,Ambient Grocery,0.995,22.7908,99.1966,False
STR009,SKU0119,Dairy & Eggs,0.7727,12.3746,86.5439,True
STR009,SKU0120,Seasonal,0.9944,59.678,132.7769,False
STR009,SKU0121,Snacks & Confectionery,0.995,49.2215,118.4745,False
STR009,SKU0122,Ambient Grocery,0.995,16.1155,33.4355,False
STR009,SKU0123,Bakery,0.5642,2.6744,74.6744,True
STR009,SKU0124,Beverages,0.995,30.304,66.954,False
STR009,SKU0125,Snacks & Confectionery,0.995,24.6107,57.8502,False
STR009,SKU0126,Health & Beauty,0.995,16.1155,44.5854,False
STR009,SKU0127,Ambient Grocery,0.995,22.7908,64.3965,False
STR009,SKU0128,Ambient Grocery,0.995,27.913,65.8817,False
STR009,SKU0129,Fresh Produce,0.5,0.0,60.7089,True
STR009,SKU0130,Fresh Produce,0.5,0.0,70.9333,True
STR009,SKU0131,Beverages,0.995,42.8563,66.9879,False
STR009,SKU0132,Ambient Grocery,0.9933,43.7281,317.9199,False
STR009,SKU0133,Frozen,0.995,24.6107,32.9842,False
STR009,SKU0134,Frozen,0.995,42.627,112.3257,False
STR009,SKU0135,Seasonal,0.9942,66.3871,146.5723,False
STR009,SKU0136,Ambient Grocery,0.9914,36.4879,97.3451,False
STR009,SKU0137,Beverages,0.995,30.304,56.629,False
STR009,SKU0138,Dairy & Eggs,0.7804,7.3907,28.6105,True
STR009,SKU0139,Health & Beauty,0.9918,39.7574,133.7574,False
STR009,SKU0140,Snacks & Confectionery,0.995,42.627,128.877,False
STR009,SKU0141,Dairy & Eggs,0.8556,14.3302,104.8024,True
STR009,SKU0142,Ambient Grocery,0.9918,39.7486,170.8255,False
STR009,SKU0143,Fresh Produce,0.5,0.0,115.4568,True
STR009,SKU0144,Beverages,0.995,30.304,40.6886,False
STR009,SKU0145,Dairy & Eggs,0.883,11.3695,32.886,True
STR009,SKU0146,Snacks & Confectionery,0.994,47.9839,110.0728,False
STR009,SKU0147,Ambient Grocery,0.9933,37.8897,316.1315,False
STR009,SKU0148,Fresh Produce,0.5185,1.0894,290.4664,True
STR009,SKU0149,Bakery,0.6469,3.6018,32.7883,True
STR009,SKU0150,Beverages,0.9898,72.1249,194.1116,False
STR010,SKU0001,Fresh Produce,0.6551,8.1351,38.5966,True
STR010,SKU0002,Dairy & Eggs,0.736,12.0579,133.3766,True
STR010,SKU0003,Ambient Grocery,0.995,22.7908,80.1085,False
STR010,SKU0004,Beverages,0.9913,79.1408,236.7598,False
STR010,SKU0005,Bakery,0.9895,58.359,172.0256,False
STR010,SKU0006,Fresh Produce,0.5777,3.995,52.6021,True
STR010,SKU0007,Dairy & Eggs,0.7504,11.1815,67.9507,True
STR010,SKU0008,Frozen,0.9916,22.8512,26.4465,True
STR010,SKU0009,Snacks & Confectionery,0.995,34.8048,67.1565,False
STR010,SKU0010,Seasonal,0.995,30.304,49.6666,False
STR010,SKU0011,Household & Cleaning,0.995,22.7908,27.0227,False
STR010,SKU0012,Dairy & Eggs,0.995,42.627,168.8801,False
STR010,SKU0013,Household & Cleaning,0.9933,34.6196,44.6196,False
STR010,SKU0014,Seasonal,0.995,42.8563,67.523,False
STR010,SKU0015,Frozen,0.9664,34.9876,98.592,True
STR010,SKU0016,Snacks & Confectionery,0.9936,58.2859,183.8243,False
STR010,SKU0017,Ambient Grocery,0.995,36.0355,63.1783,False
STR010,SKU0018,Ambient Grocery,0.995,16.1155,30.9431,False
STR010,SKU0019,Fresh Produce,0.6723,5.2511,10.4819,True
STR010,SKU0020,Dairy & Eggs,0.8644,10.5137,38.9423,True
STR010,SKU0021,Household & Cleaning,0.995,22.7908,48.1754,False
STR010,SKU0022,Bakery,0.5,0.0,139.8077,True
STR010,SKU0023,Frozen,0.995,34.8048,41.4177,False
STR010,SKU0024,Fresh Produce,0.5329,1.3745,69.1364,True
STR010,SKU0025,Beverages,0.9938,58.8708,135.4973,False
STR010,SKU0026,Fresh Produce,0.5101,0.4207,19.6734,True
STR010,SKU0027,Ambient Grocery,0.9929,40.6045,75.1272,False
STR010,SKU0028,Seasonal,0.9934,58.3355,67.4344,False
STR010,SKU0029,Fresh Produce,0.5798,4.1027,85.3985,True
STR010,SKU0030,Ambient Grocery,0.9919,39.7987,104.6018,False
STR010,SKU0031,Health & Beauty,0.995,32.2311,76.4069,False
STR010,SKU0032,Beverages,0.995,74.2293,166.6129,False
STR010,SKU0033,Seasonal,0.9906,78.1863,124.7126,False
STR010,SKU0034,Snacks & Confectionery,0.995,24.6107,38.2449,False
STR010,SKU0035,Household & Cleaning,0.9919,39.8266,167.7825,False
STR010,SKU0036,Household & Cleaning,0.995,27.913,64.1437,False
STR010,SKU0037,Dairy & Eggs,0.8618,10.4011,25.0719,True
STR010,SKU0038,Ambient Grocery,0.995,27.913,66.7486,False
STR010,SKU0039,Beverages,0.9944,66.6749,162.2793,False
STR010,SKU0040,Beverages,0.9922,56.9028,81.4584,False
STR010,SKU0041,Fresh Produce,0.5,0.0,66.9048,True
STR010,SKU0042,Ambient Grocery,0.9931,40.7281,109.882,False
STR010,SKU0043,Ambient Grocery,0.995,16.1155,19.5221,False
STR010,SKU0044,Fresh Produce,0.5,0.0,127.0769,True
STR010,SKU0045,Ambient Grocery,0.9936,41.2211,63.843,False
STR010,SKU0046,Bakery,0.6339,3.2704,15.402,True
STR010,SKU0047,Fresh Produce,0.5278,0.8197,16.8838,True
STR010,SKU0048,Beverages,0.9948,67.3675,163.5744,False
STR010,SKU0049,Frozen,0.995,42.627,51.8466,False
STR010,SKU0050,Snacks & Confectionery,0.9935,62.7791,218.9813,False
STR010,SKU0051,Snacks & Confectionery,0.995,24.6107,60.6244,False
STR010,SKU0052,Ambient Grocery,0.9925,43.0668,115.3208,False
STR010,SKU0053,Frozen,0.995,42.627,87.5611,False
STR010,SKU0054,Seasonal,0.995,42.8563,52.2496,False
STR010,SKU0055,Beverages,0.995,42.8563,70.2539,False
STR010,SKU0056,Bakery,0.6099,2.6671,12.3264,True
STR010,SKU0057,Snacks & Confectionery,0.995,34.8048,59.0906,False
STR010,SKU0058,Fresh Produce,0.5,0.0,47.3939,True
STR010,SKU0059,Bakery,0.5395,1.6428,66.2252,True
STR010,SKU0060,Dairy & Eggs,0.995,49.2215,105.0835,False
STR010,SKU0061,Seasonal,0.9944,59.638,110.583,False
STR010,SKU0062,Ambient Grocery,0.995,32.2311,89.13,False
STR010,SKU0063,Beverages,0.9915,74.3097,152.7712,False
STR010,SKU0064,Health & Beauty,0.995,32.2311,82.7598,False
STR010,SKU0065,Household & Cleaning,0.995,32.2311,68.5388,False
STR010,SKU0066,Snacks & Confectionery,0.9943,48.3899,101.0493,False
STR010,SKU0067,Bakery,0.5,0.0,126.1099,True
STR010,SKU0068,Seasonal,0.995,42.8563,56.4766,False
STR010,SKU0069,Beverages,0.995,42.8563,80.8563,False
STR010,SKU0070,Household & Cleaning,0.995,16.1155,20.7479,False
STR010,SKU0071,Fresh Produce,0.5,0.0,35.8025,True
STR010,SKU0072,Ambient Grocery,0.99,38.4923,79.761,False
STR010,SKU0073,Bakery,0.5,0.0,23.2911,True
STR010,SKU0074,Snacks & Confectionery,0.9919,45.9522,99.1522,False
STR010,SKU0075,Ambient Grocery,0.9072,16.5671,117.4022,True
STR010,SKU0076,Health & Beauty,0.995,22.7908,26.3812,False
STR010,SKU0077,Ambient Grocery,0.995,32.2311,58.5168,False
STR010,SKU0078,Household & Cleaning,0.9913,42.0922,107.6343,False
STR010,SKU0079,Beverages,0.9944,79.0026,308.618,False
STR010,SKU0080,Dairy & Eggs,0.8419,9.5753,33.6522,True
STR010,SKU0081,Frozen,0.9818,39.9725,50.3461,True
STR010,SKU0082,Frozen,0.995,42.627,74.0913,False
STR010,SKU0083,Snacks & Confectionery,0.9926,46.5634,100.6293,False
STR010,SKU0084,Beverages,0.9946,79.3565,137.9942,False
STR010,SKU0085,Snacks & Confectionery,0.9937,47.6889,108.9197,False
STR010,SKU0086,Household & Cleaning,0.9909,41.7928,157.0456,False
STR010,SKU0087,Dairy & Eggs,0.7168,10.9548,72.5157,True
STR010,SKU0088,Seasonal,0.9913,79.1604,157.4021,False
STR010,SKU0089,Snacks & Confectionery,0.995,24.6107,32.6107,False
STR010,SKU0090,Health & Beauty,0.995,22.7908,26.5775,False
STR010,SKU0091,Bakery,0.995,24.6107,40.1602,False
STR010,SKU0092,Ambient Grocery,0.995,22.7908,47.9908,False
STR010,SKU0093,Frozen,0.9913,55.6356,96.3829,False
STR010,SKU0094,Health & Beauty,0.995,27.913,68.3635,False
STR010,SKU0095,Ambient Grocery,0.995,16.1155,37.8168,False
STR010,SKU0096,Seasonal,0.995,52.4881,86.5514,False
STR010,SKU0097,Dairy & Eggs,0.6013,3.4692,51.4939,True
STR010,SKU0098,Ambient Grocery,0.9915,39.4807,211.0287,False
STR010,SKU0099,Household & Cleaning,0.9937,31.2114,73.9274,False
STR010,SKU0100,Fresh Produce,0.7384,10.6241,53.0417,True
STR010,SKU0101,Frozen,0.995,34.8048,48.8284,False
STR010,SKU0102,Beverages,0.9898,72.1293,159.8088,False
STR010,SKU0103,Fresh Produce,0.6537,4.6525,16.5155,True
STR010,SKU0104,Household & Cleaning,0.995,16.1155,20.9905,False
STR010,SKU0105,Ambient Grocery,0.9874,39.5879,235.2803,False
STR010,SKU0106,Bakery,0.5,0.0,42.967,True
STR010,SKU0107,Snacks & Confectionery,0.9903,63.1892,236.3892,False
STR010,SKU0108,Ambient Grocery,0.9915,36.5703,213.2369,False
STR010,SKU0109,Beverages,0.992,74.9816,307.4399,False
STR010,SKU0110,Beverages,0.995,30.304,51.9546,False
STR010,SKU0111,Snacks & Confectionery,0.995,42.627,119.5258,False
STR010,SKU0112,Frozen,0.9942,68.2177,169.8393,False
STR010,SKU0113,Bakery,0.6894,4.7216,29.2758,True
STR010,SKU0114,Snacks & Confectionery,0.9936,62.9937,155.4628,False
STR010,SKU0115,Fresh Produce,0.55,2.0896,40.4013,True
STR010,SKU0116,Snacks & Confectionery,0.995,34.8048,70.2785,False
STR010,SKU0117,Ambient Grocery,0.993,34.3688,113.5446,False
STR010,SKU0118,Ambient Grocery,0.995,22.7908,66.1974,False
STR010,SKU0119,Dairy & Eggs,0.7727,12.3746,53.3746,True
STR010,SKU0120,Seasonal,0.9944,59.678,104.9967,False
STR010,SKU0121,Snacks & Confectionery,0.995,49.2215,90.5156,False
STR010,SKU0122,Ambient Grocery,0.995,16.1155,26.2044,False
STR010,SKU0123,Bakery,0.5642,2.6744,48.6634,True
STR010,SKU0124,Beverages,0.995,30.304,51.7546,False
STR010,SKU0125,Snacks & Confectionery,0.995,24.6107,43.8397,False
STR010,SKU0126,Health & Beauty,0.995,16.1155,34.2009,False
STR010,SKU0127,Ambient Grocery,0.995,22.7908,44.7908,False
STR010,SKU0128,Ambient Grocery,0.995,27.913,50.4335,False
STR010,SKU0129,Fresh Produce,0.5,0.0,29.5952,True
STR010,SKU0130,Fresh Produce,0.5,0.0,39.7143,True
STR010,SKU0131,Beverages,0.995,42.8563,56.219,False
STR010,SKU0132,Ambient Grocery,0.9933,43.7281,226.6323,False
STR010,SKU0133,Frozen,0.995,24.6107,30.3679,False
STR010,SKU0134,Frozen,0.995,42.627,84.0426,False
STR010,SKU0135,Seasonal,0.9942,66.3871,115.6554,False
STR010,SKU0136,Ambient Grocery,0.9914,36.4879,74.7297,False
STR010,SKU0137,Beverages,0.995,30.304,49.329,False
STR010,SKU0138,Dairy & Eggs,0.7804,7.3907,20.9182,True
STR010,SKU0139,Health & Beauty,0.9918,39.7574,94.3728,False
STR010,SKU0140,Snacks & Confectionery,0.995,42.627,89.9403,False
STR010,SKU0141,Dairy & Eggs,0.8556,14.3302,65.191,True
STR010,SKU0142,Ambient Grocery,0.9918,39.7486,124.5947,False
STR010,SKU0143,Fresh Produce,0.5,0.0,70.907,True
STR010,SKU0144,Beverages,0.995,30.304,36.0952,False
STR010,SKU0145,Dairy & Eggs,0.883,11.3695,23.5783,True
STR010,SKU0146,Snacks & Confectionery,0.994,47.9839,83.4564,False
STR010,SKU0147,Ambient Grocery,0.9933,37.8897,185.5161,False
STR010,SKU0148,Fresh Produce,0.5185,1.0894,147.5364,True
STR010,SKU0149,Bakery,0.6469,3.6018,23.5249,True
STR010,SKU0150,Beverages,0.9898,72.1249,146.6633,False
STR011,SKU0001,Fresh Produce,0.6551,8.1351,32.8017,True
STR011,SKU0002,Dairy & Eggs,0.736,12.0579,102.8711,True
STR011,SKU0003,Ambient Grocery,0.995,22.7908,65.996,False
STR011,SKU0004,Beverages,0.9913,79.1408,214.537,False
STR011,SKU0005,Bakery,0.9895,58.359,138.7151,False
STR011,SKU0006,Fresh Produce,0.5777,3.995,43.1166,True
STR011,SKU0007,Dairy & Eggs,0.7504,11.1815,52.0108,True
STR011,SKU0008,Frozen,0.9916,22.8512,26.4137,True
STR011,SKU0009,Snacks & Confectionery,0.995,34.8048,57.0646,False
STR011,SKU0010,Seasonal,0.995,30.304,43.8095,False
STR011,SKU0011,Household & Cleaning,0.995,22.7908,26.9379,False
STR011,SKU0012,Dairy & Eggs,0.995,42.627,170.1047,False
STR011,SKU0013,Household & Cleaning,0.9933,34.6196,43.4507,False
STR011,SKU0014,Seasonal,0.995,42.8563,60.0154,False
STR011,SKU0015,Frozen,0.9664,34.9876,84.4381,True
STR011,SKU0016,Snacks & Confectionery,0.9936,58.2859,168.5276,False
STR011,SKU0017,Ambient Grocery,0.995,36.0355,58.508,False
STR011,SKU0018,Ambient Grocery,0.995,16.1155,28.7385,False
STR011,SKU0019,Fresh Produce,0.6723,5.2511,9.9711,True
STR011,SKU0020,Dairy & Eggs,0.8644,10.5137,29.184,True
STR011,SKU0021,Household & Cleaning,0.995,22.7908,41.4738,False
STR011,SKU0022,Bakery,0.5,0.0,91.6271,True
STR011,SKU0023,Frozen,0.995,34.8048,41.0327,False
STR011,SKU0024,Fresh Produce,0.5329,1.3745,67.5064,True
STR011,SKU0025,Beverages,0.9938,58.8708,120.673,False
STR011,SKU0026,Fresh Produce,0.5101,0.4207,15.3437,True
STR011,SKU0027,Ambient Grocery,0.9929,40.6045,69.5551,False
STR011,SKU0028,Seasonal,0.9934,58.3355,68.1377,False
STR011,SKU0029,Fresh Produce,0.5798,4.1027,60.8694,True
STR011,SKU0030,Ambient Grocery,0.9919,39.7987,92.3399,False
STR011,SKU0031,Health & Beauty,0.995,32.2311,68.1432,False
STR011,SKU0032,Beverages,0.995,74.2293,147.6622,False
STR011,SKU0033,Seasonal,0.9906,78.1863,115.8256,False
STR011,SKU0034,Snacks & Confectionery,0.995,24.6107,36.2544,False
STR011,SKU0035,Household & Cleaning,0.9919,39.8266,131.8636,False
STR011,SKU0036,Household & Cleaning,0.995,27.913,53.4954,False
STR011,SKU0037,Dairy & Eggs,0.8618,10.4011,23.7967,True
STR011,SKU0038,Ambient Grocery,0.995,27.913,62.2522,False
STR011,SKU0039,Beverages,0.9944,66.6749,148.4331,False
STR011,SKU0040,Beverages,0.9922,56.9028,71.4345,False
STR011,SKU0041,Fresh Produce,0.5,0.0,52.2051,True
STR011,SKU0042,Ambient Grocery,0.9931,40.7281,95.6372,False
STR011,SKU0043,Ambient Grocery,0.995,16.1155,19.0192,False
STR011,SKU0044,Fresh Produce,0.5,0.0,89.5385,True
STR011,SKU0045,Ambient Grocery,0.9936,41.2211,58.4259,False
STR011,SKU0046,Bakery,0.6339,3.2704,11.5524,True
STR011,SKU0047,Fresh Produce,0.5278,0.8197,12.6432,True
STR011,SKU0048,Beverages,0.9948,67.3675,137.435,False
STR011,SKU0049,Frozen,0.995,42.627,50.671,False
STR011,SKU0050,Snacks & Confectionery,0.9935,62.7791,167.0585,False
STR011,SKU0051,Snacks & Confectionery,0.995,24.6107,46.5041,False
STR011,SKU0052,Ambient Grocery,0.9925,43.0668,100.324,False
STR011,SKU0053,Frozen,0.995,42.627,80.3413,False
STR011,SKU0054,Seasonal,0.995,42.8563,50.0455,False
STR011,SKU0055,Beverages,0.995,42.8563,65.7063,False
STR011,SKU0056,Bakery,0.6099,2.6671,9.2935,True
STR011,SKU0057,Snacks & Confectionery,0.995,34.8048,53.7059,False
STR011,SKU0058,Fresh Produce,0.5,0.0,40.7887,True
STR011,SKU0059,Bakery,0.5395,1.6428,52.6098,True
STR011,SKU0060,Dairy & Eggs,0.995,49.2215,100.002,False
STR011,SKU0061,Seasonal,0.9944,59.638,92.1215,False
STR011,SKU0062,Ambient Grocery,0.995,32.2311,75.9153,False
STR011,SKU0063,Beverages,0.9915,74.3097,140.9251,False
STR011,SKU0064,Health & Beauty,0.995,32.2311,70.574,False
STR011,SKU0065,Household & Cleaning,0.995,32.2311,61.9893,False
STR011,SKU0066,Snacks & Confectionery,0.9943,48.3899,92.9753,False
STR011,SKU0067,Bakery,0.5,0.0,93.2308,True
STR011,SKU0068,Seasonal,0.995,42.8563,55.0122,False
STR011,SKU0069,Beverages,0.995,42.8563,78.3628,False
STR011,SKU0070,Household & Cleaning,0.995,16.1155,19.8207,False
STR011,SKU0071,Fresh Produce,0.5,0.0,31.4066,True
STR011,SKU0072,Ambient Grocery,0.99,38.4923,68.5511,False
STR011,SKU0073,Bakery,0.5,0.0,18.6216,True
STR011,SKU0074,Snacks & Confectionery,0.9919,45.9522,89.3475,False
STR011,SKU0075,Ambient Grocery,0.9072,16.5671,100.4352,True
STR011,SKU0076,Health & Beauty,0.995,22.7908,25.6908,False
STR011,SKU0077,Ambient Grocery,0.995,32.2311,50.9168,False
STR011,SKU0078,Household & Cleaning,0.9913,42.0922,91.1207,False
STR011,SKU0079,Beverages,0.9944,79.0026,227.6742,False
STR011,SKU0080,Dairy & Eggs,0.8419,9.5753,26.5094,True
STR011,SKU0081,Frozen,0.9818,39.9725,47.4662,True
STR011,SKU0082,Frozen,0.995,42.627,72.2842,False
STR011,SKU0083,Snacks & Confectionery,0.9926,46.5634,85.4645,False
STR011,SKU0084,Beverages,0.9946,79.3565,124.1747,False
STR011,SKU0085,Snacks & Confectionery,0.9937,47.6889,92.3922,False
STR011,SKU0086,Household & Cleaning,0.9909,41.7928,130.5733,False
STR011,SKU0087,Dairy & Eggs,0.7168,10.9548,58.0457,True
STR011,SKU0088,Seasonal,0.9913,79.1604,126.3292,False
STR011,SKU0089,Snacks & Confectionery,0.995,24.6107,29.6627,False
STR011,SKU0090,Health & Beauty,0.995,22.7908,25.6699,False
STR011,SKU0091,Bakery,0.995,24.6107,37.1052,False
STR011,SKU0092,Ambient Grocery,0.995,22.7908,46.297,False
STR011,SKU0093,Frozen,0.9913,55.6356,89.196,False
STR011,SKU0094,Health & Beauty,0.995,27.913,56.0668,False
STR011,SKU0095,Ambient Grocery,0.995,16.1155,33.9669,False
STR011,SKU0096,Seasonal,0.995,52.4881,85.1764,False
STR011,SKU0097,Dairy & Eggs,0.6013,3.4692,44.0192,True
STR011,SKU0098,Ambient Grocery,0.9915,39.4807,163.5866,False
STR011,SKU0099,Household & Cleaning,0.9937,31.2114,62.141,False
STR011,SKU0100,Fresh Produce,0.7384,10.6241,42.6782,True
STR011,SKU0101,Frozen,0.995,34.8048,46.1015,False
STR011,SKU0102,Beverages,0.9898,72.1293,147.623,False
STR011,SKU0103,Fresh Produce,0.6537,4.6525,14.1231,True
STR011,SKU0104,Household & Cleaning,0.995,16.1155,20.0302,False
STR011,SKU0105,Ambient Grocery,0.9874,39.5879,203.6319,False
STR011,SKU0106,Bakery,0.5,0.0,30.2418,True
STR011,SKU0107,Snacks & Confectionery,0.9903,63.1892,211.7606,False
STR011,SKU0108,Ambient Grocery,0.9915,36.5703,184.1703,False
STR011,SKU0109,Beverages,0.992,74.9816,223.8035,False
STR011,SKU0110,Beverages,0.995,30.304,46.7546,False
STR011,SKU0111,Snacks & Confectionery,0.995,42.627,114.1788,False
STR011,SKU0112,Frozen,0.9942,68.2177,142.6869,False
STR011,SKU0113,Bakery,0.6894,4.7216,26.293,True
STR011,SKU0114,Snacks & Confectionery,0.9936,62.9937,135.686,False
STR011,SKU0115,Fresh Produce,0.55,2.0896,30.925,True
STR011,SKU0116,Snacks & Confectionery,0.995,34.8048,63.4177,False
STR011,SKU0117,Ambient Grocery,0.993,34.3688,98.105,False
STR011,SKU0118,Ambient Grocery,0.995,22.7908,59.1764,False
STR011,SKU0119,Dairy & Eggs,0.7727,12.3746,46.2269,True
STR011,SKU0120,Seasonal,0.9944,59.678,94.4912,False
STR011,SKU0121,Snacks & Confectionery,0.995,49.2215,77.1487,False
STR011,SKU0122,Ambient Grocery,0.995,16.1155,25.1375,False
STR011,SKU0123,Bakery,0.5642,2.6744,41.8092,True
STR011,SKU0124,Beverages,0.995,30.304,44.9524,False
STR011,SKU0125,Snacks & Confectionery,0.995,24.6107,38.5746,False
STR011,SKU0126,Health & Beauty,0.995,16.1155,25.0424,False
STR011,SKU0127,Ambient Grocery,0.995,22.7908,40.532,False
STR011,SKU0128,Ambient Grocery,0.995,27.913,45.0241,False
STR011,SKU0129,Fresh Produce,0.5,0.0,25.9737,True
STR011,SKU0130,Fresh Produce,0.5,0.0,33.7179,True
STR011,SKU0131,Beverages,0.995,42.8563,54.1222,False
STR011,SKU0132,Ambient Grocery,0.9933,43.7281,149.8265,False
STR011,SKU0133,Frozen,0.995,24.6107,28.4479,False
STR011,SKU0134,Frozen,0.995,42.627,76.2115,False
STR011,SKU0135,Seasonal,0.9942,66.3871,108.096,False
STR011,SKU0136,Ambient Grocery,0.9914,36.4879,63.7846,False
STR011,SKU0137,Beverages,0.995,30.304,42.3566,False
STR011,SKU0138,Dairy & Eggs,0.7804,7.3907,16.8302,True
STR011,SKU0139,Health & Beauty,0.9918,39.7574,84.0651,False
STR011,SKU0140,Snacks & Confectionery,0.995,42.627,79.8623,False
STR011,SKU0141,Dairy & Eggs,0.8556,14.3302,59.3764,True
STR011,SKU0142,Ambient Grocery,0.9918,39.7486,96.9793,False
STR011,SKU0143,Fresh Produce,0.5,0.0,54.7253,True
STR011,SKU0144,Beverages,0.995,30.304,35.326,False
STR011,SKU0145,Dairy & Eggs,0.883,11.3695,21.7541,True
STR011,SKU0146,Snacks & Confectionery,0.994,47.9839,72.3356,False
STR011,SKU0147,Ambient Grocery,0.9933,37.8897,154.3443,False
STR011,SKU0148,Fresh Produce,0.5185,1.0894,120.43,True
STR011,SKU0149,Bakery,0.6469,3.6018,19.9095,True
STR011,SKU0150,Beverages,0.9898,72.1249,124.8635,False
STR012,SKU0001,Fresh Produce,0.6551,8.1351,50.3378,True
STR012,SKU0002,Dairy & Eggs,0.736,12.0579,176.4975,True
STR012,SKU0003,Ambient Grocery,0.995,22.7908,107.8288,False
STR012,SKU0004,Beverages,0.9913,79.1408,287.0408,False
STR012,SKU0005,Bakery,0.9895,58.359,206.7949,False
STR012,SKU0006,Fresh Produce,0.5777,3.995,79.951,True
STR012,SKU0007,Dairy & Eggs,0.7504,11.1815,86.4123,True
STR012,SKU0008,Frozen,0.9916,22.8512,28.6534,True
STR012,SKU0009,Snacks & Confectionery,0.995,34.8048,84.2122,False
STR012,SKU0010,Seasonal,0.995,30.304,55.4359,False
STR012,SKU0011,Household & Cleaning,0.995,22.7908,29.9739,False
STR012,SKU0012,Dairy & Eggs,0.995,42.627,240.027,False
STR012,SKU0013,Household & Cleaning,0.9933,34.6196,49.3957,False
STR012,SKU0014,Seasonal,0.995,42.8563,75.271,False
STR012,SKU0015,Frozen,0.9664,34.9876,132.7458,True
STR012,SKU0016,Snacks & Confectionery,0.9936,58.2859,234.0998,False
STR012,SKU0017,Ambient Grocery,0.995,36.0355,78.9105,False
STR012,SKU0018,Ambient Grocery,0.995,16.1155,39.3655,False
STR012,SKU0019,Fresh Produce,0.6723,5.2511,13.132,True
STR012,SKU0020,Dairy & Eggs,0.8644,10.5137,49.8104,True
STR012,SKU0021,Household & Cleaning,0.995,22.7908,54.6674,False
STR012,SKU0022,Bakery,0.5,0.0,188.5658,True
STR012,SKU0023,Frozen,0.995,34.8048,44.4765,False
STR012,SKU0024,Fresh Produce,0.5329,1.3745,109.3745,True
STR012,SKU0025,Beverages,0.9938,58.8708,152.2825,False
STR012,SKU0026,Fresh Produce,0.5101,0.4207,28.6185,True
STR012,SKU0027,Ambient Grocery,0.9929,40.6045,92.3737,False
STR012,SKU0028,Seasonal,0.9934,58.3355,73.896,False
STR012,SKU0029,Fresh Produce,0.5798,4.1027,116.3272,True
STR012,SKU0030,Ambient Grocery,0.9919,39.7987,121.9321,False
STR012,SKU0031,Health & Beauty,0.995,32.2311,101.0663,False
STR012,SKU0032,Beverages,0.995,74.2293,201.1722,False
STR012,SKU0033,Seasonal,0.9906,78.1863,139.8256,False
STR012,SKU0034,Snacks & Confectionery,0.995,24.6107,43.5008,False
STR012,SKU0035,Household & Cleaning,0.9919,39.8266,223.9266,False
STR012,SKU0036,Household & Cleaning,0.995,27.913,78.5503,False
STR012,SKU0037,Dairy & Eggs,0.8618,10.4011,33.8455,True
STR012,SKU0038,Ambient Grocery,0.995,27.913,90.73,False
STR012,SKU0039,Beverages,0.9944,66.6749,207.4441,False
STR012,SKU0040,Beverages,0.9922,56.9028,83.5522,False
STR012,SKU0041,Fresh Produce,0.5,0.0,92.1967,True
STR012,SKU0042,Ambient Grocery,0.9931,40.7281,148.5463,False
STR012,SKU0043,Ambient Grocery,0.995,16.1155,20.6155,False
STR012,SKU0044,Fresh Produce,0.5,0.0,172.2637,True
STR012,SKU0045,Ambient Grocery,0.9936,41.2211,73.0895,False
STR012,SKU0046,Bakery,0.6339,3.2704,21.7633,True
STR012,SKU0047,Fresh Produce,0.5278,0.8197,21.7397,True
STR012,SKU0048,Beverages,0.9948,67.3675,198.5993,False
STR012,SKU0049,Frozen,0.995,42.627,59.7407,False
STR012,SKU0050,Snacks & Confectionery,0.9935,62.7791,252.2791,False
STR012,SKU0051,Snacks & Confectionery,0.995,24.6107,76.5243,False
STR012,SKU0052,Ambient Grocery,0.9925,43.0668,168.8229,False
STR012,SKU0053,Frozen,0.995,42.627,108.0996,False
STR012,SKU0054,Seasonal,0.995,42.8563,57.0185,False
STR012,SKU0055,Beverages,0.995,42.8563,82.3791,False
STR012,SKU0056,Bakery,0.6099,2.6671,15.6781,True
STR012,SKU0057,Snacks & Confectionery,0.995,34.8048,69.8158,False
STR012,SKU0058,Fresh Produce,0.5,0.0,79.7538,True
STR012,SKU0059,Bakery,0.5395,1.6428,95.5329,True
STR012,SKU0060,Dairy & Eggs,0.995,49.2215,145.5415,False
STR012,SKU0061,Seasonal,0.9944,59.638,132.8688,False
STR012,SKU0062,Ambient Grocery,0.995,32.2311,116.4533,False
STR012,SKU0063,Beverages,0.9915,74.3097,205.7632,False
STR012,SKU0064,Health & Beauty,0.995,32.2311,88.9511,False
STR012,SKU0065,Household & Cleaning,0.995,32.2311,91.8795,False
STR012,SKU0066,Snacks & Confectionery,0.9943,48.3899,128.0717,False
STR012,SKU0067,Bakery,0.5,0.0,167.7802,True
STR012,SKU0068,Seasonal,0.995,42.8563,66.3645,False
STR012,SKU0069,Beverages,0.995,42.8563,96.9713,False
STR012,SKU0070,Household & Cleaning,0.995,16.1155,23.3131,False
STR012,SKU0071,Fresh Produce,0.5,0.0,52.6374,True
STR012,SKU0072,Ambient Grocery,0.99,38.4923,94.4109,False
STR012,SKU0073,Bakery,0.5,0.0,34.8814,True
STR012,SKU0074,Snacks & Confectionery,0.9919,45.9522,126.4298,False
STR012,SKU0075,Ambient Grocery,0.9072,16.5671,168.2383,True
STR012,SKU0076,Health & Beauty,0.995,22.7908,28.0216,False
STR012,SKU0077,Ambient Grocery,0.995,32.2311,69.0406,False
STR012,SKU0078,Household & Cleaning,0.9913,42.0922,134.6295,False
STR012,SKU0079,Beverages,0.9944,79.0026,389.7071,False
STR012,SKU0080,Dairy & Eggs,0.8419,9.5753,44.9489,True
STR012,SKU0081,Frozen,0.9818,39.9725,54.3627,True
STR012,SKU0082,Frozen,0.995,42.627,92.0533,False
STR012,SKU0083,Snacks & Confectionery,0.9926,46.5634,119.3106,False
STR012,SKU0084,Beverages,0.9946,79.3565,156.6007,False
STR012,SKU0085,Snacks & Confectionery,0.9937,47.6889,123.4099,False
STR012,SKU0086,Household & Cleaning,0.9909,41.7928,208.3862,False
STR012,SKU0087,Dairy & Eggs,0.7168,10.9548,107.3064,True
STR012,SKU0088,Seasonal,0.9913,79.1604,181.3142,False
STR012,SKU0089,Snacks & Confectionery,0.995,24.6107,34.4203,False
STR012,SKU0090,Health & Beauty,0.995,22.7908,29.1205,False
STR012,SKU0091,Bakery,0.995,24.6107,47.0283,False
STR012,SKU0092,Ambient Grocery,0.995,22.7908,62.1811,False
STR012,SKU0093,Frozen,0.9913,55.6356,113.1301,False
STR012,SKU0094,Health & Beauty,0.995,27.913,80.5613,False
STR012,SKU0095,Ambient Grocery,0.995,16.1155,48.8655,False
STR012,SKU0096,Seasonal,0.995,52.4881,107.9375,False
STR012,SKU0097,Dairy & Eggs,0.6013,3.4692,82.623,True
STR012,SKU0098,Ambient Grocery,0.9915,39.4807,301.2276,False
STR012,SKU0099,Household & Cleaning,0.9937,31.2114,87.7242,False
STR012,SKU0100,Fresh Produce,0.7384,10.6241,70.676,True
STR012,SKU0101,Frozen,0.995,34.8048,55.116,False
STR012,SKU0102,Beverages,0.9898,72.1293,185.0384,False
STR012,SKU0103,Fresh Produce,0.6537,4.6525,20.7904,True
STR012,SKU0104,Household & Cleaning,0.995,16.1155,22.9177,False
STR012,SKU0105,Ambient Grocery,0.9874,39.5879,356.8562,False
STR012,SKU0106,Bakery,0.5,0.0,64.6591,True
STR012,SKU0107,Snacks & Confectionery,0.9903,63.1892,259.1892,False
STR012,SKU0108,Ambient Grocery,0.9915,36.5703,300.9191,False
STR012,SKU0109,Beverages,0.992,74.9816,393.8968,False
STR012,SKU0110,Beverages,0.995,30.304,63.7216,False
STR012,SKU0111,Snacks & Confectionery,0.995,42.627,190.3523,False
STR012,SKU0112,Frozen,0.9942,68.2177,209.4069,False
STR012,SKU0113,Bakery,0.6894,4.7216,43.9385,True
STR012,SKU0114,Snacks & Confectionery,0.9936,62.9937,200.7996,False
STR012,SKU0115,Fresh Produce,0.55,2.0896,49.9467,True
STR012,SKU0116,Snacks & Confectionery,0.995,34.8048,91.6157,False
STR012,SKU0117,Ambient Grocery,0.993,34.3688,148.8743,False
STR012,SKU0118,Ambient Grocery,0.995,22.7908,83.8158,False
STR012,SKU0119,Dairy & Eggs,0.7727,12.3746,78.8032,True
STR012,SKU0120,Seasonal,0.9944,59.678,123.2824,False
STR012,SKU0121,Snacks & Confectionery,0.995,49.2215,111.1948,False
STR012,SKU0122,Ambient Grocery,0.995,16.1155,32.3903,False
STR012,SKU0123,Bakery,0.5642,2.6744,76.8172,True
STR012,SKU0124,Beverages,0.995,30.304,58.7358,False
STR012,SKU0125,Snacks & Confectionery,0.995,24.6107,53.2931,False
STR012,SKU0126,Health & Beauty,0.995,16.1155,41.0558,False
STR012,SKU0127,Ambient Grocery,0.995,22.7908,57.0318,False
STR012,SKU0128,Ambient Grocery,0.995,27.913,62.3204,False
STR012,SKU0129,Fresh Produce,0.5,0.0,47.0976,True
STR012,SKU0130,Fresh Produce,0.5,0.0,50.186,True
STR012,SKU0131,Beverages,0.995,42.8563,64.4278,False
STR012,SKU0132,Ambient Grocery,0.9933,43.7281,304.4178,False
STR012,SKU0133,Frozen,0.995,24.6107,32.5228,False
STR012,SKU0134,Frozen,0.995,42.627,100.3678,False
STR012,SKU0135,Seasonal,0.9942,66.3871,137.3331,False
STR012,SKU0136,Ambient Grocery,0.9914,36.4879,91.477,False
STR012,SKU0137,Beverages,0.995,30.304,53.4069,False
STR012,SKU0138,Dairy & Eggs,0.7804,7.3907,27.5775,True
STR012,SKU0139,Health & Beauty,0.9918,39.7574,118.4497,False
STR012,SKU0140,Snacks & Confectionery,0.995,42.627,109.649,False
STR012,SKU0141,Dairy & Eggs,0.8556,14.3302,100.0329,True
STR012,SKU0142,Ambient Grocery,0.9918,39.7486,155.5178,False
STR012,SKU0143,Fresh Produce,0.5,0.0,101.3626,True
STR012,SKU0144,Beverages,0.995,30.304,39.4579,False
STR012,SKU0145,Dairy & Eggs,0.883,11.3695,30.5673,True
STR012,SKU0146,Snacks & Confectionery,0.994,47.9839,95.0366,False
STR012,SKU0147,Ambient Grocery,0.9933,37.8897,252.5326,False
STR012,SKU0148,Fresh Produce,0.5185,1.0894,222.3881,True
STR012,SKU0149,Bakery,0.6469,3.6018,35.393,True
STR012,SKU0150,Beverages,0.9898,72.1249,178.1697,False
STR013,SKU0001,Fresh Produce,0.6551,8.1351,35.8623,True
STR013,SKU0002,Dairy & Eggs,0.736,12.0579,122.8444,True
STR013,SKU0003,Ambient Grocery,0.995,22.7908,76.1848,False
STR013,SKU0004,Beverages,0.9913,79.1408,234.0881,False
STR013,SKU0005,Bakery,0.9895,58.359,161.3902,False
STR013,SKU0006,Fresh Produce,0.5777,3.995,49.7633,True
STR013,SKU0007,Dairy & Eggs,0.7504,11.1815,61.675,True
STR013,SKU0008,Frozen,0.9916,22.8512,26.5435,True
STR013,SKU0009,Snacks & Confectionery,0.995,34.8048,65.8378,False
STR013,SKU0010,Seasonal,0.995,30.304,46.26,False
STR013,SKU0011,Household & Cleaning,0.995,22.7908,27.3946,False
STR013,SKU0012,Dairy & Eggs,0.995,42.627,158.146,False
STR013,SKU0013,Household & Cleaning,0.9933,34.6196,44.3071,False
STR013,SKU0014,Seasonal,0.995,42.8563,65.5743,False
STR013,SKU0015,Frozen,0.9664,34.9876,104.57,True
STR013,SKU0016,Snacks & Confectionery,0.9936,58.2859,175.2859,False
STR013,SKU0017,Ambient Grocery,0.995,36.0355,65.9056,False
STR013,SKU0018,Ambient Grocery,0.995,16.1155,33.8384,False
STR013,SKU0019,Fresh Produce,0.6723,5.2511,10.4703,True
STR013,SKU0020,Dairy & Eggs,0.8644,10.5137,36.6126,True
STR013,SKU0021,Household & Cleaning,0.995,22.7908,45.626,False
STR013,SKU0022,Bakery,0.5,0.0,149.8714,True
STR013,SKU0023,Frozen,0.995,34.8048,40.5741,False
STR013,SKU0024,Fresh Produce,0.5329,1.3745,81.836,True
STR013,SKU0025,Beverages,0.9938,58.8708,113.0777,False
STR013,SKU0026,Fresh Produce,0.5101,0.4207,21.1457,True
STR013,SKU0027,Ambient Grocery,0.9929,40.6045,80.9891,False
STR013,SKU0028,Seasonal,0.9934,58.3355,69.5004,False
STR013,SKU0029,Fresh Produce,0.5798,4.1027,91.0551,True
STR013,SKU0030,Ambient Grocery,0.9919,39.7987,96.7987,False
STR013,SKU0031,Health & Beauty,0.995,32.2311,74.2531,False
STR013,SKU0032,Beverages,0.995,74.2293,163.0049,False
STR013,SKU0033,Seasonal,0.9906,78.1863,123.1275,False
STR013,SKU0034,Snacks & Confectionery,0.995,24.6107,36.6107,False
STR013,SKU0035,Household & Cleaning,0.9919,39.8266,161.0969,False
STR013,SKU0036,Household & Cleaning,0.995,27.913,61.9679,False
STR013,SKU0037,Dairy & Eggs,0.8618,10.4011,27.1988,True
STR013,SKU0038,Ambient Grocery,0.995,27.913,68.9487,False
STR013,SKU0039,Beverages,0.9944,66.6749,163.1034,False
STR013,SKU0040,Beverages,0.9922,56.9028,75.2312,False
STR013,SKU0041,Fresh Produce,0.5,0.0,75.1905,True
STR013,SKU0042,Ambient Grocery,0.9931,40.7281,110.9695,False
STR013,SKU0043,Ambient Grocery,0.995,16.1155,19.7059,False
STR013,SKU0044,Fresh Produce,0.5,0.0,124.8791,True
STR013,SKU0045,Ambient Grocery,0.9936,41.2211,63.3749,False
STR013,SKU0046,Bakery,0.6339,3.2704,15.937,True
STR013,SKU0047,Fresh Produce,0.5278,0.8197,16.8079,True
STR013,SKU0048,Beverages,0.9948,67.3675,179.2905,False
STR013,SKU0049,Frozen,0.995,42.627,54.9405,False
STR013,SKU0050,Snacks & Confectionery,0.9935,62.7791,192.0457,False
STR013,SKU0051,Snacks & Confectionery,0.995,24.6107,54.327,False
STR013,SKU0052,Ambient Grocery,0.9925,43.0668,111.7881,False
STR013,SKU0053,Frozen,0.995,42.627,83.0446,False
STR013,SKU0054,Seasonal,0.995,42.8563,51.4797,False
STR013,SKU0055,Beverages,0.995,42.8563,63.2806,False
STR013,SKU0056,Bakery,0.6099,2.6671,11.2715,True
STR013,SKU0057,Snacks & Confectionery,0.995,34.8048,60.317,False
STR013,SKU0058,Fresh Produce,0.5,0.0,51.2088,True
STR013,SKU0059,Bakery,0.5395,1.6428,70.1483,True
STR013,SKU0060,Dairy & Eggs,0.995,49.2215,107.0568,False
STR013,SKU0061,Seasonal,0.9944,59.638,108.7808,False
STR013,SKU0062,Ambient Grocery,0.995,32.2311,74.9511,False
STR013,SKU0063,Beverages,0.9915,74.3097,145.6222,False
STR013,SKU0064,Health & Beauty,0.995,32.2311,73.4366,False
STR013,SKU0065,Household & Cleaning,0.995,32.2311,74.3849,False
STR013,SKU0066,Snacks & Confectionery,0.9943,48.3899,90.5871,False
STR013,SKU0067,Bakery,0.5,0.0,115.9121,True
STR013,SKU0068,Seasonal,0.995,42.8563,56.1311,False
STR013,SKU0069,Beverages,0.995,42.8563,82.2536,False
STR013,SKU0070,Household & Cleaning,0.995,16.1155,20.5712,False
STR013,SKU0071,Fresh Produce,0.5,0.0,38.8966,True
STR013,SKU0072,Ambient Grocery,0.99,38.4923,74.4468,False
STR013,SKU0073,Bakery,0.5,0.0,21.8857,True
STR013,SKU0074,Snacks & Confectionery,0.9919,45.9522,98.145,False
STR013,SKU0075,Ambient Grocery,0.9072,16.5671,115.7759,True
STR013,SKU0076,Health & Beauty,0.995,22.7908,26.7689,False
STR013,SKU0077,Ambient Grocery,0.995,32.2311,55.3959,False
STR013,SKU0078,Household & Cleaning,0.9913,42.0922,92.8829,False
STR013,SKU0079,Beverages,0.9944,79.0026,261.4205,False
STR013,SKU0080,Dairy & Eggs,0.8419,9.5753,34.4105,True
STR013,SKU0081,Frozen,0.9818,39.9725,50.1372,True
STR013,SKU0082,Frozen,0.995,42.627,81.2357,False
STR013,SKU0083,Snacks & Confectionery,0.9926,46.5634,102.8271,False
STR013,SKU0084,Beverages,0.9946,79.3565,135.0383,False
STR013,SKU0085,Snacks & Confectionery,0.9937,47.6889,94.5461,False
STR013,SKU0086,Household & Cleaning,0.9909,41.7928,153.6976,False
STR013,SKU0087,Dairy & Eggs,0.7168,10.9548,72.8449,True
STR013,SKU0088,Seasonal,0.9913,79.1604,145.2344,False
STR013,SKU0089,Snacks & Confectionery,0.995,24.6107,32.0628,False
STR013,SKU0090,Health & Beauty,0.995,22.7908,27.0985,False
STR013,SKU0091,Bakery,0.995,24.6107,40.7316,False
STR013,SKU0092,Ambient Grocery,0.995,22.7908,50.9242,False
STR013,SKU0093,Frozen,0.9913,55.6356,92.6246,False
STR013,SKU0094,Health & Beauty,0.995,27.913,65.3305,False
STR013,SKU0095,Ambient Grocery,0.995,16.1155,39.2423,False
STR013,SKU0096,Seasonal,0.995,52.4881,85.3648,False
STR013,SKU0097,Dairy & Eggs,0.6013,3.4692,50.9286,True
STR013,SKU0098,Ambient Grocery,0.9915,39.4807,199.208,False
STR013,SKU0099,Household & Cleaning,0.9937,31.2114,67.6752,False
STR013,SKU0100,Fresh Produce,0.7384,10.6241,55.0192,True
STR013,SKU0101,Frozen,0.995,34.8048,46.8366,False
STR013,SKU0102,Beverages,0.9898,72.1293,142.4837,False
STR013,SKU0103,Fresh Produce,0.6537,4.6525,16.7434,True
STR013,SKU0104,Household & Cleaning,0.995,16.1155,21.0574,False
STR013,SKU0105,Ambient Grocery,0.9874,39.5879,214.6879,False
STR013,SKU0106,Bakery,0.5,0.0,39.1084,True
STR013,SKU0107,Snacks & Confectionery,0.9903,63.1892,194.1892,False
STR013,SKU0108,Ambient Grocery,0.9915,36.5703,215.9627,False
STR013,SKU0109,Beverages,0.992,74.9816,267.2123,False
STR013,SKU0110,Beverages,0.995,30.304,53.654,False
STR013,SKU0111,Snacks & Confectionery,0.995,42.627,130.5816,False
STR013,SKU0112,Frozen,0.9942,68.2177,152.9406,False
STR013,SKU0113,Bakery,0.6894,4.7216,30.4249,True
STR013,SKU0114,Snacks & Confectionery,0.9936,62.9937,165.3355,False
STR013,SKU0115,Fresh Produce,0.55,2.0896,38.0299,True
STR013,SKU0116,Snacks & Confectionery,0.995,34.8048,76.6567,False
STR013,SKU0117,Ambient Grocery,0.993,34.3688,112.2809,False
STR013,SKU0118,Ambient Grocery,0.995,22.7908,61.9632,False
STR013,SKU0119,Dairy & Eggs,0.7727,12.3746,49.6982,True
STR013,SKU0120,Seasonal,0.9944,59.678,109.3483,False
STR013,SKU0121,Snacks & Confectionery,0.995,49.2215,85.2215,False
STR013,SKU0122,Ambient Grocery,0.995,16.1155,27.3335,False
STR013,SKU0123,Bakery,0.5642,2.6744,46.4876,True
STR013,SKU0124,Beverages,0.995,30.304,47.7655,False
STR013,SKU0125,Snacks & Confectionery,0.995,24.6107,42.7166,False
STR013,SKU0126,Health & Beauty,0.995,16.1155,33.1701,False
STR013,SKU0127,Ambient Grocery,0.995,22.7908,44.7623,False
STR013,SKU0128,Ambient Grocery,0.995,27.913,50.322,False
STR013,SKU0129,Fresh Produce,0.5,0.0,33.3077,True
STR013,SKU0130,Fresh Produce,0.5,0.0,37.5824,True
STR013,SKU0131,Beverages,0.995,42.8563,55.7401,False
STR013,SKU0132,Ambient Grocery,0.9933,43.7281,223.1567,False
STR013,SKU0133,Frozen,0.995,24.6107,29.8107,False
STR013,SKU0134,Frozen,0.995,42.627,86.5501,False
STR013,SKU0135,Seasonal,0.9942,66.3871,117.8255,False
STR013,SKU0136,Ambient Grocery,0.9914,36.4879,69.7187,False
STR013,SKU0137,Beverages,0.995,30.304,46.9138,False
STR013,SKU0138,Dairy & Eggs,0.7804,7.3907,19.061,True
STR013,SKU0139,Health & Beauty,0.9918,39.7574,93.5266,False
STR013,SKU0140,Snacks & Confectionery,0.995,42.627,90.1595,False
STR013,SKU0141,Dairy & Eggs,0.8556,14.3302,65.8825,True
STR013,SKU0142,Ambient Grocery,0.9918,39.7486,115.7486,False
STR013,SKU0143,Fresh Produce,0.5,0.0,73.7468,True
STR013,SKU0144,Beverages,0.995,30.304,36.2161,False
STR013,SKU0145,Dairy & Eggs,0.883,11.3695,22.5563,True
STR013,SKU0146,Snacks & Confectionery,0.994,47.9839,80.5554,False
STR013,SKU0147,Ambient Grocery,0.9933,37.8897,186.637,False
STR013,SKU0148,Fresh Produce,0.5185,1.0894,142.6791,True
STR013,SKU0149,Bakery,0.6469,3.6018,21.7783,True
STR013,SKU0150,Beverages,0.9898,72.1249,142.2135,False
STR014,SKU0001,Fresh Produce,0.6551,8.1351,49.0157,True
STR014,SKU0002,Dairy & Eggs,0.736,12.0579,145.98,True
STR014,SKU0003,Ambient Grocery,0.995,22.7908,88.3854,False
STR014,SKU0004,Beverages,0.9913,79.1408,249.1948,False
STR014,SKU0005,Bakery,0.9895,58.359,177.2496,False
STR014,SKU0006,Fresh Produce,0.5777,3.995,66.8313,True
STR014,SKU0007,Dairy & Eggs,0.7504,11.1815,76.0565,True
STR014,SKU0008,Frozen,0.9916,22.8512,27.7473,True
STR014,SKU0009,Snacks & Confectionery,0.995,34.8048,79.3112,False
STR014,SKU0010,Seasonal,0.995,30.304,51.7436,False
STR014,SKU0011,Household & Cleaning,0.995,22.7908,28.9224,False
STR014,SKU0012,Dairy & Eggs,0.995,42.627,213.968,False
STR014,SKU0013,Household & Cleaning,0.9933,34.6196,48.6305,False
STR014,SKU0014,Seasonal,0.995,42.8563,68.7538,False
STR014,SKU0015,Frozen,0.9664,34.9876,115.1634,True
STR014,SKU0016,Snacks & Confectionery,0.9936,58.2859,206.8956,False
STR014,SKU0017,Ambient Grocery,0.995,36.0355,72.2992,False
STR014,SKU0018,Ambient Grocery,0.995,16.1155,36.3347,False
STR014,SKU0019,Fresh Produce,0.6723,5.2511,12.4773,True
STR014,SKU0020,Dairy & Eggs,0.8644,10.5137,45.1387,True
STR014,SKU0021,Household & Cleaning,0.995,22.7908,54.4111,False
STR014,SKU0022,Bakery,0.5,0.0,166.3676,True
STR014,SKU0023,Frozen,0.995,34.8048,42.5035,False
STR014,SKU0024,Fresh Produce,0.5329,1.3745,90.7163,True
STR014,SKU0025,Beverages,0.9938,58.8708,135.7799,False
STR014,SKU0026,Fresh Produce,0.5101,0.4207,27.1679,True
STR014,SKU0027,Ambient Grocery,0.9929,40.6045,83.9627,False
STR014,SKU0028,Seasonal,0.9934,58.3355,70.7311,False
STR014,SKU0029,Fresh Produce,0.5798,4.1027,112.432,True
STR014,SKU0030,Ambient Grocery,0.9919,39.7987,120.6012,False
STR014,SKU0031,Health & Beauty,0.995,32.2311,87.308,False
STR014,SKU0032,Beverages,0.995,74.2293,168.4198,False
STR014,SKU0033,Seasonal,0.9906,78.1863,129.0032,False
STR014,SKU0034,Snacks & Confectionery,0.995,24.6107,41.3234,False
STR014,SKU0035,Household & Cleaning,0.9919,39.8266,195.429,False
STR014,SKU0036,Household & Cleaning,0.995,27.913,67.6712,False
STR014,SKU0037,Dairy & Eggs,0.8618,10.4011,30.0276,True
STR014,SKU0038,Ambient Grocery,0.995,27.913,80.0201,False
STR014,SKU0039,Beverages,0.9944,66.6749,190.0815,False
STR014,SKU0040,Beverages,0.9922,56.9028,87.7677,False
STR014,SKU0041,Fresh Produce,0.5,0.0,90.1951,True
STR014,SKU0042,Ambient Grocery,0.9931,40.7281,127.7281,False
STR014,SKU0043,Ambient Grocery,0.995,16.1155,20.5571,False
STR014,SKU0044,Fresh Produce,0.5,0.0,154.2857,True
STR014,SKU0045,Ambient Grocery,0.9936,41.2211,71.1223,False
STR014,SKU0046,Bakery,0.6339,3.2704,17.687,True
STR014,SKU0047,Fresh Produce,0.5278,0.8197,17.273,True
STR014,SKU0048,Beverages,0.9948,67.3675,175.7885,False
STR014,SKU0049,Frozen,0.995,42.627,57.8712,False
STR014,SKU0050,Snacks & Confectionery,0.9935,62.7791,218.3944,False
STR014,SKU0051,Snacks & Confectionery,0.995,24.6107,65.1052,False
STR014,SKU0052,Ambient Grocery,0.9925,43.0668,125.2255,False
STR014,SKU0053,Frozen,0.995,42.627,95.4073,False
STR014,SKU0054,Seasonal,0.995,42.8563,52.0685,False
STR014,SKU0055,Beverages,0.995,42.8563,76.2589,False
STR014,SKU0056,Bakery,0.6099,2.6671,13.4913,True
STR014,SKU0057,Snacks & Confectionery,0.995,34.8048,64.4532,False
STR014,SKU0058,Fresh Produce,0.5,0.0,67.7183,True
STR014,SKU0059,Bakery,0.5395,1.6428,91.7417,True
STR014,SKU0060,Dairy & Eggs,0.995,49.2215,121.6171,False
STR014,SKU0061,Seasonal,0.9944,59.638,114.1874,False
STR014,SKU0062,Ambient Grocery,0.995,32.2311,94.9653,False
STR014,SKU0063,Beverages,0.9915,74.3097,180.9398,False
STR014,SKU0064,Health & Beauty,0.995,32.2311,79.9085,False
STR014,SKU0065,Household & Cleaning,0.995,32.2311,85.1102,False
STR014,SKU0066,Snacks & Confectionery,0.9943,48.3899,111.1152,False
STR014,SKU0067,Bakery,0.5,0.0,138.7253,True
STR014,SKU0068,Seasonal,0.995,42.8563,58.0871,False
STR014,SKU0069,Beverages,0.995,42.8563,91.8037,False
STR014,SKU0070,Household & Cleaning,0.995,16.1155,23.1303,False
STR014,SKU0071,Fresh Produce,0.5,0.0,47.7333,True
STR014,SKU0072,Ambient Grocery,0.99,38.4923,87.1379,False
STR014,SKU0073,Bakery,0.5,0.0,26.5556,True
STR014,SKU0074,Snacks & Confectionery,0.9919,45.9522,111.3668,False
STR014,SKU0075,Ambient Grocery,0.9072,16.5671,142.3693,True
STR014,SKU0076,Health & Beauty,0.995,22.7908,27.5968,False
STR014,SKU0077,Ambient Grocery,0.995,32.2311,62.389,False
STR014,SKU0078,Household & Cleaning,0.9913,42.0922,120.5108,False
STR014,SKU0079,Beverages,0.9944,79.0026,320.2811,False
STR014,SKU0080,Dairy & Eggs,0.8419,9.5753,40.5637,True
STR014,SKU0081,Frozen,0.9818,39.9725,52.9216,True
STR014,SKU0082,Frozen,0.995,42.627,82.0827,False
STR014,SKU0083,Snacks & Confectionery,0.9926,46.5634,122.8711,False
STR014,SKU0084,Beverages,0.9946,79.3565,141.2796,False
STR014,SKU0085,Snacks & Confectionery,0.9937,47.6889,111.782,False
STR014,SKU0086,Household & Cleaning,0.9909,41.7928,171.9906,False
STR014,SKU0087,Dairy & Eggs,0.7168,10.9548,84.4932,True
STR014,SKU0088,Seasonal,0.9913,79.1604,154.6953,False
STR014,SKU0089,Snacks & Confectionery,0.995,24.6107,32.9011,False
STR014,SKU0090,Health & Beauty,0.995,22.7908,27.8967,False
STR014,SKU0091,Bakery,0.995,24.6107,42.6657,False
STR014,SKU0092,Ambient Grocery,0.995,22.7908,60.0408,False
STR014,SKU0093,Frozen,0.9913,55.6356,104.1478,False
STR014,SKU0094,Health & Beauty,0.995,27.913,73.5064,False
STR014,SKU0095,Ambient Grocery,0.995,16.1155,38.6373,False
STR014,SKU0096,Seasonal,0.995,52.4881,95.5881,False
STR014,SKU0097,Dairy & Eggs,0.6013,3.4692,58.2425,True
STR014,SKU0098,Ambient Grocery,0.9915,39.4807,261.2192,False
STR014,SKU0099,Household & Cleaning,0.9937,31.2114,86.6659,False
STR014,SKU0100,Fresh Produce,0.7384,10.6241,69.1811,True
STR014,SKU0101,Frozen,0.995,34.8048,49.878,False
STR014,SKU0102,Beverages,0.9898,72.1293,183.9264,False
STR014,SKU0103,Fresh Produce,0.6537,4.6525,16.7804,True
STR014,SKU0104,Household & Cleaning,0.995,16.1155,22.2267,False
STR014,SKU0105,Ambient Grocery,0.9874,39.5879,287.6867,False
STR014,SKU0106,Bakery,0.5,0.0,49.908,True
STR014,SKU0107,Snacks & Confectionery,0.9903,63.1892,274.4076,False
STR014,SKU0108,Ambient Grocery,0.9915,36.5703,260.1527,False
STR014,SKU0109,Beverages,0.992,74.9816,295.8705,False
STR014,SKU0110,Beverages,0.995,30.304,58.1062,False
STR014,SKU0111,Snacks & Confectionery,0.995,42.627,168.6615,False
STR014,SKU0112,Frozen,0.9942,68.2177,188.9091,False
STR014,SKU0113,Bakery,0.6894,4.7216,38.3883,True
STR014,SKU0114,Snacks & Confectionery,0.9936,62.9937,186.0706,False
STR014,SKU0115,Fresh Produce,0.55,2.0896,46.8527,True
STR014,SKU0116,Snacks & Confectionery,0.995,34.8048,80.1988,False
STR014,SKU0117,Ambient Grocery,0.993,34.3688,129.3688,False
STR014,SKU0118,Ambient Grocery,0.995,22.7908,80.1974,False
STR014,SKU0119,Dairy & Eggs,0.7727,12.3746,62.0889,True
STR014,SKU0120,Seasonal,0.9944,59.678,112.7329,False
STR014,SKU0121,Snacks & Confectionery,0.995,49.2215,97.5918,False
STR014,SKU0122,Ambient Grocery,0.995,16.1155,30.5771,False
STR014,SKU0123,Bakery,0.5642,2.6744,53.089,True
STR014,SKU0124,Beverages,0.995,30.304,54.2052,False
STR014,SKU0125,Snacks & Confectionery,0.995,24.6107,49.2481,False
STR014,SKU0126,Health & Beauty,0.995,16.1155,36.2718,False
STR014,SKU0127,Ambient Grocery,0.995,22.7908,53.2728,False
STR014,SKU0128,Ambient Grocery,0.995,27.913,56.7463,False
STR014,SKU0129,Fresh Produce,0.5,0.0,37.1034,True
STR014,SKU0130,Fresh Produce,0.5,0.0,52.2381,True
STR014,SKU0131,Beverages,0.995,42.8563,60.8124,False
STR014,SKU0132,Ambient Grocery,0.9933,43.7281,244.1384,False
STR014,SKU0133,Frozen,0.995,24.6107,31.0014,False
STR014,SKU0134,Frozen,0.995,42.627,88.627,False
STR014,SKU0135,Seasonal,0.9942,66.3871,122.5843,False
STR014,SKU0136,Ambient Grocery,0.9914,36.4879,79.2792,False
STR014,SKU0137,Beverages,0.995,30.304,53.4858,False
STR014,SKU0138,Dairy & Eggs,0.7804,7.3907,21.1929,True
STR014,SKU0139,Health & Beauty,0.9918,39.7574,103.2189,False
STR014,SKU0140,Snacks & Confectionery,0.995,42.627,98.2095,False
STR014,SKU0141,Dairy & Eggs,0.8556,14.3302,81.7986,True
STR014,SKU0142,Ambient Grocery,0.9918,39.7486,139.5947,False
STR014,SKU0143,Fresh Produce,0.5,0.0,87.0769,True
STR014,SKU0144,Beverages,0.995,30.304,37.8644,False
STR014,SKU0145,Dairy & Eggs,0.883,11.3695,26.7431,True
STR014,SKU0146,Snacks & Confectionery,0.994,47.9839,89.4345,False
STR014,SKU0147,Ambient Grocery,0.9933,37.8897,228.637,False
STR014,SKU0148,Fresh Produce,0.5185,1.0894,214.2401,True
STR014,SKU0149,Bakery,0.6469,3.6018,25.5557,True
STR014,SKU0150,Beverages,0.9898,72.1249,156.2158,False
STR015,SKU0001,Fresh Produce,0.6551,8.1351,37.8193,True
STR015,SKU0002,Dairy & Eggs,0.736,12.0579,131.4425,True
STR015,SKU0003,Ambient Grocery,0.995,22.7908,80.3908,False
STR015,SKU0004,Beverages,0.9913,79.1408,197.6714,False
STR015,SKU0005,Bakery,0.9895,58.359,159.5707,False
STR015,SKU0006,Fresh Produce,0.5777,3.995,55.075,True
STR015,SKU0007,Dairy & Eggs,0.7504,11.1815,67.3738,True
STR015,SKU0008,Frozen,0.9916,22.8512,27.1699,True
STR015,SKU0009,Snacks & Confectionery,0.995,34.8048,65.3048,False
STR015,SKU0010,Seasonal,0.995,30.304,47.348,False
STR015,SKU0011,Household & Cleaning,0.995,22.7908,27.01,False
STR015,SKU0012,Dairy & Eggs,0.995,42.627,171.8238,False
STR015,SKU0013,Household & Cleaning,0.9933,34.6196,45.373,False
STR015,SKU0014,Seasonal,0.995,42.8563,62.9323,False
STR015,SKU0015,Frozen,0.9664,34.9876,100.3063,True
STR015,SKU0016,Snacks & Confectionery,0.9936,58.2859,171.8903,False
STR015,SKU0017,Ambient Grocery,0.995,36.0355,64.8909,False
STR015,SKU0018,Ambient Grocery,0.995,16.1155,31.9538,False
STR015,SKU0019,Fresh Produce,0.6723,5.2511,10.7676,True
STR015,SKU0020,Dairy & Eggs,0.8644,10.5137,39.3269,True
STR015,SKU0021,Household & Cleaning,0.995,22.7908,46.9007,False
STR015,SKU0022,Bakery,0.5,0.0,121.7586,True
STR015,SKU0023,Frozen,0.995,34.8048,41.2048,False
STR015,SKU0024,Fresh Produce,0.5329,1.3745,83.4939,True
STR015,SKU0025,Beverages,0.9938,58.8708,134.4752,False
STR015,SKU0026,Fresh Produce,0.5101,0.4207,18.8822,True
STR015,SKU0027,Ambient Grocery,0.9929,40.6045,77.8545,False
STR015,SKU0028,Seasonal,0.9934,58.3355,67.0388,False
STR015,SKU0029,Fresh Produce,0.5798,4.1027,83.0627,True
STR015,SKU0030,Ambient Grocery,0.9919,39.7987,92.841,False
STR015,SKU0031,Health & Beauty,0.995,32.2311,77.9014,False
STR015,SKU0032,Beverages,0.995,74.2293,165.4018,False
STR015,SKU0033,Seasonal,0.9906,78.1863,118.933,False
STR015,SKU0034,Snacks & Confectionery,0.995,24.6107,37.6107,False
STR015,SKU0035,Household & Cleaning,0.9919,39.8266,165.0993,False
STR015,SKU0036,Household & Cleaning,0.995,27.913,61.7701,False
STR015,SKU0037,Dairy & Eggs,0.8618,10.4011,26.4011,True
STR015,SKU0038,Ambient Grocery,0.995,27.913,74.5545,False
STR015,SKU0039,Beverages,0.9944,66.6749,170.6309,False
STR015,SKU0040,Beverages,0.9922,56.9028,79.716,False
STR015,SKU0041,Fresh Produce,0.5,0.0,71.8841,True
STR015,SKU0042,Ambient Grocery,0.9931,40.7281,112.7522,False
STR015,SKU0043,Ambient Grocery,0.995,16.1155,19.7683,False
STR015,SKU0044,Fresh Produce,0.5,0.0,113.8462,True
STR015,SKU0045,Ambient Grocery,0.9936,41.2211,62.9989,False
STR015,SKU0046,Bakery,0.6339,3.2704,15.7876,True
STR015,SKU0047,Fresh Produce,0.5278,0.8197,15.4864,True
STR015,SKU0048,Beverages,0.9948,67.3675,171.0038,False
STR015,SKU0049,Frozen,0.995,42.627,55.2645,False
STR015,SKU0050,Snacks & Confectionery,0.9935,62.7791,189.5329,False
STR015,SKU0051,Snacks & Confectionery,0.995,24.6107,60.4888,False
STR015,SKU0052,Ambient Grocery,0.9925,43.0668,118.6413,False
STR015,SKU0053,Frozen,0.995,42.627,86.9018,False
STR015,SKU0054,Seasonal,0.995,42.8563,52.2001,False
STR015,SKU0055,Beverages,0.995,42.8563,69.9449,False
STR015,SKU0056,Bakery,0.6099,2.6671,11.4583,True
STR015,SKU0057,Snacks & Confectionery,0.995,34.8048,59.5081,False
STR015,SKU0058,Fresh Produce,0.5,0.0,50.7742,True
STR015,SKU0059,Bakery,0.5395,1.6428,70.8736,True
STR015,SKU0060,Dairy & Eggs,0.995,49.2215,110.5402,False
STR015,SKU0061,Seasonal,0.9944,59.638,106.4072,False
STR015,SKU0062,Ambient Grocery,0.995,32.2311,82.71,False
STR015,SKU0063,Beverages,0.9915,74.3097,152.3986,False
STR015,SKU0064,Health & Beauty,0.995,32.2311,78.3849,False
STR015,SKU0065,Household & Cleaning,0.995,32.2311,69.33,False
STR015,SKU0066,Snacks & Confectionery,0.9943,48.3899,105.2175,False
STR015,SKU0067,Bakery,0.5,0.0,135.6484,True
STR015,SKU0068,Seasonal,0.995,42.8563,59.4639,False
STR015,SKU0069,Beverages,0.995,42.8563,81.374,False
STR015,SKU0070,Household & Cleaning,0.995,16.1155,21.0433,False
STR015,SKU0071,Fresh Produce,0.5,0.0,36.1758,True
STR015,SKU0072,Ambient Grocery,0.99,38.4923,73.5798,False
STR015,SKU0073,Bakery,0.5,0.0,25.9178,True
STR015,SKU0074,Snacks & Confectionery,0.9919,45.9522,99.596,False
STR015,SKU0075,Ambient Grocery,0.9072,16.5671,111.5544,True
STR015,SKU0076,Health & Beauty,0.995,22.7908,26.4158,False
STR015,SKU0077,Ambient Grocery,0.995,32.2311,58.2601,False
STR015,SKU0078,Household & Cleaning,0.9913,42.0922,100.9922,False
STR015,SKU0079,Beverages,0.9944,79.0026,298.111,False
STR015,SKU0080,Dairy & Eggs,0.8419,9.5753,36.1687,True
STR015,SKU0081,Frozen,0.9818,39.9725,49.5836,True
STR015,SKU0082,Frozen,0.995,42.627,73.6628,False
STR015,SKU0083,Snacks & Confectionery,0.9926,46.5634,98.4755,False
STR015,SKU0084,Beverages,0.9946,79.3565,140.9565,False
STR015,SKU0085,Snacks & Confectionery,0.9937,47.6889,107.0296,False
STR015,SKU0086,Household & Cleaning,0.9909,41.7928,148.7818,False
STR015,SKU0087,Dairy & Eggs,0.7168,10.9548,71.9657,True
STR015,SKU0088,Seasonal,0.9913,79.1604,141.0782,False
STR015,SKU0089,Snacks & Confectionery,0.995,24.6107,31.7477,False
STR015,SKU0090,Health & Beauty,0.995,22.7908,27.648,False
STR015,SKU0091,Bakery,0.995,24.6107,39.9734,False
STR015,SKU0092,Ambient Grocery,0.995,22.7908,51.7631,False
STR015,SKU0093,Frozen,0.9913,55.6356,93.0862,False
STR015,SKU0094,Health & Beauty,0.995,27.913,65.7261,False
STR015,SKU0095,Ambient Grocery,0.995,16.1155,39.6588,False
STR015,SKU0096,Seasonal,0.995,52.4881,85.0704,False
STR015,SKU0097,Dairy & Eggs,0.6013,3.4692,56.9857,True
STR015,SKU0098,Ambient Grocery,0.9915,39.4807,207.391,False
STR015,SKU0099,Household & Cleaning,0.9937,31.2114,76.8699,False
STR015,SKU0100,Fresh Produce,0.7384,10.6241,57.3229,True
STR015,SKU0101,Frozen,0.995,34.8048,48.8298,False
STR015,SKU0102,Beverages,0.9898,72.1293,160.6587,False
STR015,SKU0103,Fresh Produce,0.6537,4.6525,15.8275,True
STR015,SKU0104,Household & Cleaning,0.995,16.1155,21.0822,False
STR015,SKU0105,Ambient Grocery,0.9874,39.5879,237.566,False
STR015,SKU0106,Bakery,0.5,0.0,45.875,True
STR015,SKU0107,Snacks & Confectionery,0.9903,63.1892,262.5738,False
STR015,SKU0108,Ambient Grocery,0.9915,36.5703,215.3175,False
STR015,SKU0109,Beverages,0.992,74.9816,282.8277,False
STR015,SKU0110,Beverages,0.995,30.304,53.8535,False
STR015,SKU0111,Snacks & Confectionery,0.995,42.627,122.5854,False
STR015,SKU0112,Frozen,0.9942,68.2177,158.7672,False
STR015,SKU0113,Bakery,0.6894,4.7216,29.2161,True
STR015,SKU0114,Snacks & Confectionery,0.9936,62.9937,157.8025,False
STR015,SKU0115,Fresh Produce,0.55,2.0896,39.9274,True
STR015,SKU0116,Snacks & Confectionery,0.995,34.8048,72.6949,False
STR015,SKU0117,Ambient Grocery,0.993,34.3688,114.4237,False
STR015,SKU0118,Ambient Grocery,0.995,22.7908,67.3623,False
STR015,SKU0119,Dairy & Eggs,0.7727,12.3746,53.1878,True
STR015,SKU0120,Seasonal,0.9944,59.678,101.0846,False
STR015,SKU0121,Snacks & Confectionery,0.995,49.2215,90.7669,False
STR015,SKU0122,Ambient Grocery,0.995,16.1155,26.7419,False
STR015,SKU0123,Bakery,0.5642,2.6744,54.2019,True
STR015,SKU0124,Beverages,0.995,30.304,48.271,False
STR015,SKU0125,Snacks & Confectionery,0.995,24.6107,44.303,False
STR015,SKU0126,Health & Beauty,0.995,16.1155,29.187,False
STR015,SKU0127,Ambient Grocery,0.995,22.7908,45.626,False
STR015,SKU0128,Ambient Grocery,0.995,27.913,52.6724,False
STR015,SKU0129,Fresh Produce,0.5,0.0,30.9744,True
STR015,SKU0130,Fresh Produce,0.5,0.0,41.7753,True
STR015,SKU0131,Beverages,0.995,42.8563,59.8893,False
STR015,SKU0132,Ambient Grocery,0.9933,43.7281,235.1356,False
STR015,SKU0133,Frozen,0.995,24.6107,30.0357,False
STR015,SKU0134,Frozen,0.995,42.627,83.78,False
STR015,SKU0135,Seasonal,0.9942,66.3871,110.3597,False
STR015,SKU0136,Ambient Grocery,0.9914,36.4879,68.7956,False
STR015,SKU0137,Beverages,0.995,30.304,50.365,False
STR015,SKU0138,Dairy & Eggs,0.7804,7.3907,22.1379,True
STR015,SKU0139,Health & Beauty,0.9918,39.7574,95.9881,False
STR015,SKU0140,Snacks & Confectionery,0.995,42.627,88.3853,False
STR015,SKU0141,Dairy & Eggs,0.8556,14.3302,74.9896,True
STR015,SKU0142,Ambient Grocery,0.9918,39.7486,115.4409,False
STR015,SKU0143,Fresh Produce,0.5,0.0,83.3256,True
STR015,SKU0144,Beverages,0.995,30.304,36.348,False
STR015,SKU0145,Dairy & Eggs,0.883,11.3695,24.6332,True
STR015,SKU0146,Snacks & Confectionery,0.994,47.9839,81.0792,False
STR015,SKU0147,Ambient Grocery,0.9933,37.8897,196.3952,False
STR015,SKU0148,Fresh Produce,0.5185,1.0894,151.1993,True
STR015,SKU0149,Bakery,0.6469,3.6018,20.5688,True
STR015,SKU0150,Beverages,0.9898,72.1249,145.3807,False
STR016,SKU0001,Fresh Produce,0.6551,8.1351,37.3959,True
STR016,SKU0002,Dairy & Eggs,0.736,12.0579,131.9261,True
STR016,SKU0003,Ambient Grocery,0.995,22.7908,73.6999,False
STR016,SKU0004,Beverages,0.9913,79.1408,187.3098,False
STR016,SKU0005,Bakery,0.9895,58.359,152.6667,False
STR016,SKU0006,Fresh Produce,0.5777,3.995,46.5646,True
STR016,SKU0007,Dairy & Eggs,0.7504,11.1815,56.8367,True
STR016,SKU0008,Frozen,0.9916,22.8512,26.2659,True
STR016,SKU0009,Snacks & Confectionery,0.995,34.8048,62.4754,False
STR016,SKU0010,Seasonal,0.995,30.304,47.4469,False
STR016,SKU0011,Household & Cleaning,0.995,22.7908,27.8253,False
STR016,SKU0012,Dairy & Eggs,0.995,42.627,166.0918,False
STR016,SKU0013,Household & Cleaning,0.9933,34.6196,44.0448,False
STR016,SKU0014,Seasonal,0.995,42.8563,62.8804,False
STR016,SKU0015,Frozen,0.9664,34.9876,91.603,True
STR016,SKU0016,Snacks & Confectionery,0.9936,58.2859,163.9155,False
STR016,SKU0017,Ambient Grocery,0.995,36.0355,62.5739,False
STR016,SKU0018,Ambient Grocery,0.995,16.1155,30.7298,False
STR016,SKU0019,Fresh Produce,0.6723,5.2511,10.863,True
STR016,SKU0020,Dairy & Eggs,0.8644,10.5137,35.5137,True
STR016,SKU0021,Household & Cleaning,0.995,22.7908,46.8348,False
STR016,SKU0022,Bakery,0.5,0.0,103.0714,True
STR016,SKU0023,Frozen,0.995,34.8048,41.1846,False
STR016,SKU0024,Fresh Produce,0.5329,1.3745,68.4031,True
STR016,SKU0025,Beverages,0.9938,58.8708,119.7938,False
STR016,SKU0026,Fresh Produce,0.5101,0.4207,18.3767,True
STR016,SKU0027,Ambient Grocery,0.9929,40.6045,75.8352,False
STR016,SKU0028,Seasonal,0.9934,58.3355,66.5114,False
STR016,SKU0029,Fresh Produce,0.5798,4.1027,78.067,True
STR016,SKU0030,Ambient Grocery,0.9919,39.7987,103.9526,False
STR016,SKU0031,Health & Beauty,0.995,32.2311,74.5168,False
STR016,SKU0032,Beverages,0.995,74.2293,168.1493,False
STR016,SKU0033,Seasonal,0.9906,78.1863,118.0767,False
STR016,SKU0034,Snacks & Confectionery,0.995,24.6107,36.0833,False
STR016,SKU0035,Household & Cleaning,0.9919,39.8266,172.0799,False
STR016,SKU0036,Household & Cleaning,0.995,27.913,61.0778,False
STR016,SKU0037,Dairy & Eggs,0.8618,10.4011,26.8107,True
STR016,SKU0038,Ambient Grocery,0.995,27.913,69.6505,False
STR016,SKU0039,Beverages,0.9944,66.6749,166.7298,False
STR016,SKU0040,Beverages,0.9922,56.9028,72.7528,False
STR016,SKU0041,Fresh Produce,0.5,0.0,60.9,True
STR016,SKU0042,Ambient Grocery,0.9931,40.7281,104.1259,False
STR016,SKU0043,Ambient Grocery,0.995,16.1155,19.4067,False
STR016,SKU0044,Fresh Produce,0.5,0.0,114.5495,True
STR016,SKU0045,Ambient Grocery,0.9936,41.2211,58.5369,False
STR016,SKU0046,Bakery,0.6339,3.2704,15.1237,True
STR016,SKU0047,Fresh Produce,0.5278,0.8197,13.5356,True
STR016,SKU0048,Beverages,0.9948,67.3675,149.7204,False
STR016,SKU0049,Frozen,0.995,42.627,52.3953,False
STR016,SKU0050,Snacks & Confectionery,0.9935,62.7791,195.1078,False
STR016,SKU0051,Snacks & Confectionery,0.995,24.6107,57.4822,False
STR016,SKU0052,Ambient Grocery,0.9925,43.0668,107.7582,False
STR016,SKU0053,Frozen,0.995,42.627,84.4952,False
STR016,SKU0054,Seasonal,0.995,42.8563,51.7588,False
STR016,SKU0055,Beverages,0.995,42.8563,72.233,False
STR016,SKU0056,Bakery,0.6099,2.6671,10.0407,True
STR016,SKU0057,Snacks & Confectionery,0.995,34.8048,56.5157,False
STR016,SKU0058,Fresh Produce,0.5,0.0,46.3607,True
STR016,SKU0059,Bakery,0.5395,1.6428,58.0164,True
STR016,SKU0060,Dairy & Eggs,0.995,49.2215,105.7638,False
STR016,SKU0061,Seasonal,0.9944,59.638,107.9017,False
STR016,SKU0062,Ambient Grocery,0.995,32.2311,86.6414,False
STR016,SKU0063,Beverages,0.9915,74.3097,151.2176,False
STR016,SKU0064,Health & Beauty,0.995,32.2311,76.0992,False
STR016,SKU0065,Household & Cleaning,0.995,32.2311,69.1542,False
STR016,SKU0066,Snacks & Confectionery,0.9943,48.3899,98.9441,False
STR016,SKU0067,Bakery,0.5,0.0,119.4286,True
STR016,SKU0068,Seasonal,0.995,42.8563,57.5576,False
STR016,SKU0069,Beverages,0.995,42.8563,77.1782,False
STR016,SKU0070,Household & Cleaning,0.995,16.1155,20.185,False
STR016,SKU0071,Fresh Produce,0.5,0.0,38.4615,True
STR016,SKU0072,Ambient Grocery,0.99,38.4923,74.0378,False
STR016,SKU0073,Bakery,0.5,0.0,22.5294,True
STR016,SKU0074,Snacks & Confectionery,0.9919,45.9522,92.1389,False
STR016,SKU0075,Ambient Grocery,0.9072,16.5671,111.7319,True
STR016,SKU0076,Health & Beauty,0.995,22.7908,25.6894,False
STR016,SKU0077,Ambient Grocery,0.995,32.2311,54.2867,False
STR016,SKU0078,Household & Cleaning,0.9913,42.0922,101.1779,False
STR016,SKU0079,Beverages,0.9944,79.0026,249.6276,False
STR016,SKU0080,Dairy & Eggs,0.8419,9.5753,31.5973,True
STR016,SKU0081,Frozen,0.9818,39.9725,50.6186,True
STR016,SKU0082,Frozen,0.995,42.627,76.5437,False
STR016,SKU0083,Snacks & Confectionery,0.9926,46.5634,95.4865,False
STR016,SKU0084,Beverages,0.9946,79.3565,133.7094,False
STR016,SKU0085,Snacks & Confectionery,0.9937,47.6889,97.0076,False
STR016,SKU0086,Household & Cleaning,0.9909,41.7928,158.8038,False
STR016,SKU0087,Dairy & Eggs,0.7168,10.9548,69.572,True
STR016,SKU0088,Seasonal,0.9913,79.1604,147.6439,False
STR016,SKU0089,Snacks & Confectionery,0.995,24.6107,31.2471,False
STR016,SKU0090,Health & Beauty,0.995,22.7908,26.6896,False
STR016,SKU0091,Bakery,0.995,24.6107,41.0833,False
STR016,SKU0092,Ambient Grocery,0.995,22.7908,47.8794,False
STR016,SKU0093,Frozen,0.9913,55.6356,91.3464,False
STR016,SKU0094,Health & Beauty,0.995,27.913,64.4075,False
STR016,SKU0095,Ambient Grocery,0.995,16.1155,38.2822,False
STR016,SKU0096,Seasonal,0.995,52.4881,83.7295,False
STR016,SKU0097,Dairy & Eggs,0.6013,3.4692,54.9417,True
STR016,SKU0098,Ambient Grocery,0.9915,39.4807,193.1807,False
STR016,SKU0099,Household & Cleaning,0.9937,31.2114,68.5301,False
STR016,SKU0100,Fresh Produce,0.7384,10.6241,51.543,True
STR016,SKU0101,Frozen,0.995,34.8048,47.3796,False
STR016,SKU0102,Beverages,0.9898,72.1293,152.3293,False
STR016,SKU0103,Fresh Produce,0.6537,4.6525,16.0493,True
STR016,SKU0104,Household & Cleaning,0.995,16.1155,20.3129,False
STR016,SKU0105,Ambient Grocery,0.9874,39.5879,245.3901,False
STR016,SKU0106,Bakery,0.5,0.0,39.6264,True
STR016,SKU0107,Snacks & Confectionery,0.9903,63.1892,206.5132,False
STR016,SKU0108,Ambient Grocery,0.9915,36.5703,197.8108,False
STR016,SKU0109,Beverages,0.992,74.9816,258.6222,False
STR016,SKU0110,Beverages,0.995,30.304,52.8373,False
STR016,SKU0111,Snacks & Confectionery,0.995,42.627,134.987,False
STR016,SKU0112,Frozen,0.9942,68.2177,150.943,False
STR016,SKU0113,Bakery,0.6894,4.7216,27.7875,True
STR016,SKU0114,Snacks & Confectionery,0.9936,62.9937,159.1475,False
STR016,SKU0115,Fresh Produce,0.55,2.0896,32.5966,True
STR016,SKU0116,Snacks & Confectionery,0.995,34.8048,69.3254,False
STR016,SKU0117,Ambient Grocery,0.993,34.3688,109.7534,False
STR016,SKU0118,Ambient Grocery,0.995,22.7908,58.2454,False
STR016,SKU0119,Dairy & Eggs,0.7727,12.3746,51.3746,True
STR016,SKU0120,Seasonal,0.9944,59.678,103.9857,False
STR016,SKU0121,Snacks & Confectionery,0.995,49.2215,82.6154,False
STR016,SKU0122,Ambient Grocery,0.995,16.1155,25.687,False
STR016,SKU0123,Bakery,0.5642,2.6744,38.9144,True
STR016,SKU0124,Beverages,0.995,30.304,49.3809,False
STR016,SKU0125,Snacks & Confectionery,0.995,24.6107,42.0857,False
STR016,SKU0126,Health & Beauty,0.995,16.1155,28.8428,False
STR016,SKU0127,Ambient Grocery,0.995,22.7908,44.7249,False
STR016,SKU0128,Ambient Grocery,0.995,27.913,50.6956,False
STR016,SKU0129,Fresh Produce,0.5,0.0,28.3333,True
STR016,SKU0130,Fresh Produce,0.5,0.0,39.0549,True
STR016,SKU0131,Beverages,0.995,42.8563,58.5047,False
STR016,SKU0132,Ambient Grocery,0.9933,43.7281,217.4881,False
STR016,SKU0133,Frozen,0.995,24.6107,29.732,False
STR016,SKU0134,Frozen,0.995,42.627,79.4366,False
STR016,SKU0135,Seasonal,0.9942,66.3871,117.9897,False
STR016,SKU0136,Ambient Grocery,0.9914,36.4879,68.2022,False
STR016,SKU0137,Beverages,0.995,30.304,47.5654,False
STR016,SKU0138,Dairy & Eggs,0.7804,7.3907,19.6874,True
STR016,SKU0139,Health & Beauty,0.9918,39.7574,93.2189,False
STR016,SKU0140,Snacks & Confectionery,0.995,42.627,85.4245,False
STR016,SKU0141,Dairy & Eggs,0.8556,14.3302,68.0052,True
STR016,SKU0142,Ambient Grocery,0.9918,39.7486,110.5178,False
STR016,SKU0143,Fresh Produce,0.5,0.0,65.3626,True
STR016,SKU0144,Beverages,0.995,30.304,36.0732,False
STR016,SKU0145,Dairy & Eggs,0.883,11.3695,23.8201,True
STR016,SKU0146,Snacks & Confectionery,0.994,47.9839,79.5444,False
STR016,SKU0147,Ambient Grocery,0.9933,37.8897,182.9447,False
STR016,SKU0148,Fresh Produce,0.5185,1.0894,123.0674,True
STR016,SKU0149,Bakery,0.6469,3.6018,21.4768,True
STR016,SKU0150,Beverages,0.9898,72.1249,127.1128,False
STR017,SKU0001,Fresh Produce,0.6551,8.1351,35.6601,True
STR017,SKU0002,Dairy & Eggs,0.736,12.0579,122.6513,True
STR017,SKU0003,Ambient Grocery,0.995,22.7908,72.0379,False
STR017,SKU0004,Beverages,0.9913,79.1408,193.9044,False
STR017,SKU0005,Bakery,0.9895,58.359,142.5384,False
STR017,SKU0006,Fresh Produce,0.5777,3.995,46.9836,True
STR017,SKU0007,Dairy & Eggs,0.7504,11.1815,53.727,True
STR017,SKU0008,Frozen,0.9916,22.8512,26.3348,True
STR017,SKU0009,Snacks & Confectionery,0.995,34.8048,58.4532,False
STR017,SKU0010,Seasonal,0.995,30.304,44.5128,False
STR017,SKU0011,Household & Cleaning,0.995,22.7908,27.1242,False
STR017,SKU0012,Dairy & Eggs,0.995,42.627,154.1145,False
STR017,SKU0013,Household & Cleaning,0.9933,34.6196,42.5847,False
STR017,SKU0014,Seasonal,0.995,42.8563,61.5508,False
STR017,SKU0015,Frozen,0.9664,34.9876,92.5261,True
STR017,SKU0016,Snacks & Confectionery,0.9936,58.2859,155.8243,False
STR017,SKU0017,Ambient Grocery,0.995,36.0355,60.0355,False
STR017,SKU0018,Ambient Grocery,0.995,16.1155,31.8964,False
STR017,SKU0019,Fresh Produce,0.6723,5.2511,10.1523,True
STR017,SKU0020,Dairy & Eggs,0.8644,10.5137,30.6675,True
STR017,SKU0021,Household & Cleaning,0.995,22.7908,45.9776,False
STR017,SKU0022,Bakery,0.5,0.0,98.8868,True
STR017,SKU0023,Frozen,0.995,34.8048,40.8315,False
STR017,SKU0024,Fresh Produce,0.5329,1.3745,69.2206,True
STR017,SKU0025,Beverages,0.9938,58.8708,114.8708,False
STR017,SKU0026,Fresh Produce,0.5101,0.4207,19.3218,True
STR017,SKU0027,Ambient Grocery,0.9929,40.6045,70.4506,False
STR017,SKU0028,Seasonal,0.9934,58.3355,64.7971,False
STR017,SKU0029,Fresh Produce,0.5798,4.1027,80.8227,True
STR017,SKU0030,Ambient Grocery,0.9919,39.7987,95.3719,False
STR017,SKU0031,Health & Beauty,0.995,32.2311,71.5278,False
STR017,SKU0032,Beverages,0.995,74.2293,154.3775,False
STR017,SKU0033,Seasonal,0.9906,78.1863,123.2772,False
STR017,SKU0034,Snacks & Confectionery,0.995,24.6107,33.7316,False
STR017,SKU0035,Household & Cleaning,0.9919,39.8266,155.4501,False
STR017,SKU0036,Household & Cleaning,0.995,27.913,59.2316,False
STR017,SKU0037,Dairy & Eggs,0.8618,10.4011,22.4652,True
STR017,SKU0038,Ambient Grocery,0.995,27.913,65.3635,False
STR017,SKU0039,Beverages,0.9944,66.6749,171.1254,False
STR017,SKU0040,Beverages,0.9922,56.9028,76.6397,False
STR017,SKU0041,Fresh Produce,0.5,0.0,62.9859,True
STR017,SKU0042,Ambient Grocery,0.9931,40.7281,103.0918,False
STR017,SKU0043,Ambient Grocery,0.995,16.1155,19.2514,False
STR017,SKU0044,Fresh Produce,0.5,0.0,104.3956,True
STR017,SKU0045,Ambient Grocery,0.9936,41.2211,55.2211,False
STR017,SKU0046,Bakery,0.6339,3.2704,12.9648,True
STR017,SKU0047,Fresh Produce,0.5278,0.8197,13.8891,True
STR017,SKU0048,Beverages,0.9948,67.3675,143.0465,False
STR017,SKU0049,Frozen,0.995,42.627,52.8738,False
STR017,SKU0050,Snacks & Confectionery,0.9935,62.7791,174.2963,False
STR017,SKU0051,Snacks & Confectionery,0.995,24.6107,55.5008,False
STR017,SKU0052,Ambient Grocery,0.9925,43.0668,99.5374,False
STR017,SKU0053,Frozen,0.995,42.627,87.4622,False
STR017,SKU0054,Seasonal,0.995,42.8563,51.1201,False
STR017,SKU0055,Beverages,0.995,42.8563,63.8943,False
STR017,SKU0056,Bakery,0.6099,2.6671,10.2385,True
STR017,SKU0057,Snacks & Confectionery,0.995,34.8048,55.5081,False
STR017,SKU0058,Fresh Produce,0.5,0.0,38.4658,True
STR017,SKU0059,Bakery,0.5395,1.6428,52.5109,True
STR017,SKU0060,Dairy & Eggs,0.995,49.2215,103.324,False
STR017,SKU0061,Seasonal,0.9944,59.638,102.2754,False
STR017,SKU0062,Ambient Grocery,0.995,32.2311,81.8896,False
STR017,SKU0063,Beverages,0.9915,74.3097,137.4018,False
STR017,SKU0064,Health & Beauty,0.995,32.2311,79.3036,False
STR017,SKU0065,Household & Cleaning,0.995,32.2311,68.9344,False
STR017,SKU0066,Snacks & Confectionery,0.9943,48.3899,84.3899,False
STR017,SKU0067,Bakery,0.5,0.0,110.022,True
STR017,SKU0068,Seasonal,0.995,42.8563,53.5706,False
STR017,SKU0069,Beverages,0.995,42.8563,78.2849,False
STR017,SKU0070,Household & Cleaning,0.995,16.1155,20.1979,False
STR017,SKU0071,Fresh Produce,0.5,0.0,35.1591,True
STR017,SKU0072,Ambient Grocery,0.99,38.4923,73.8769,False
STR017,SKU0073,Bakery,0.5,0.0,17.6765,True
STR017,SKU0074,Snacks & Confectionery,0.9919,45.9522,92.0727,False
STR017,SKU0075,Ambient Grocery,0.9072,16.5671,106.9307,True
STR017,SKU0076,Health & Beauty,0.995,22.7908,25.9996,False
STR017,SKU0077,Ambient Grocery,0.995,32.2311,52.1862,False
STR017,SKU0078,Household & Cleaning,0.9913,42.0922,92.1744,False
STR017,SKU0079,Beverages,0.9944,79.0026,236.7186,False
STR017,SKU0080,Dairy & Eggs,0.8419,9.5753,29.2236,True
STR017,SKU0081,Frozen,0.9818,39.9725,49.7074,True
STR017,SKU0082,Frozen,0.995,42.627,73.2976,False
STR017,SKU0083,Snacks & Confectionery,0.9926,46.5634,91.4425,False
STR017,SKU0084,Beverages,0.9946,79.3565,131.0838,False
STR017,SKU0085,Snacks & Confectionery,0.9937,47.6889,90.6066,False
STR017,SKU0086,Household & Cleaning,0.9909,41.7928,138.4595,False
STR017,SKU0087,Dairy & Eggs,0.7168,10.9548,58.1196,True
STR017,SKU0088,Seasonal,0.9913,79.1604,149.3142,False
STR017,SKU0089,Snacks & Confectionery,0.995,24.6107,31.1378,False
STR017,SKU0090,Health & Beauty,0.995,22.7908,26.2366,False
STR017,SKU0091,Bakery,0.995,24.6107,37.9624,False
STR017,SKU0092,Ambient Grocery,0.995,22.7908,46.0021,False
STR017,SKU0093,Frozen,0.9913,55.6356,85.9653,False
STR017,SKU0094,Health & Beauty,0.995,27.913,61.3415,False
STR017,SKU0095,Ambient Grocery,0.995,16.1155,36.3254,False
STR017,SKU0096,Seasonal,0.995,52.4881,74.1309,False
STR017,SKU0097,Dairy & Eggs,0.6013,3.4692,49.6785,True
STR017,SKU0098,Ambient Grocery,0.9915,39.4807,194.544,False
STR017,SKU0099,Household & Cleaning,0.9937,31.2114,66.767,False
STR017,SKU0100,Fresh Produce,0.7384,10.6241,49.478,True
STR017,SKU0101,Frozen,0.995,34.8048,47.4022,False
STR017,SKU0102,Beverages,0.9898,72.1293,135.9475,False
STR017,SKU0103,Fresh Produce,0.6537,4.6525,13.4858,True
STR017,SKU0104,Household & Cleaning,0.995,16.1155,19.9674,False
STR017,SKU0105,Ambient Grocery,0.9874,39.5879,196.466,False
STR017,SKU0106,Bakery,0.5,0.0,34.7473,True
STR017,SKU0107,Snacks & Confectionery,0.9903,63.1892,193.2762,False
STR017,SKU0108,Ambient Grocery,0.9915,36.5703,190.9274,False
STR017,SKU0109,Beverages,0.992,74.9816,244.9666,False
STR017,SKU0110,Beverages,0.995,30.304,50.3278,False
STR017,SKU0111,Snacks & Confectionery,0.995,42.627,125.7124,False
STR017,SKU0112,Frozen,0.9942,68.2177,155.8622,False
STR017,SKU0113,Bakery,0.6894,4.7216,28.348,True
STR017,SKU0114,Snacks & Confectionery,0.9936,62.9937,150.2244,False
STR017,SKU0115,Fresh Produce,0.55,2.0896,32.5047,True
STR017,SKU0116,Snacks & Confectionery,0.995,34.8048,65.1527,False
STR017,SKU0117,Ambient Grocery,0.993,34.3688,103.7094,False
STR017,SKU0118,Ambient Grocery,0.995,22.7908,58.8872,False
STR017,SKU0119,Dairy & Eggs,0.7727,12.3746,46.0532,True
STR017,SKU0120,Seasonal,0.9944,59.678,96.3813,False
STR017,SKU0121,Snacks & Confectionery,0.995,49.2215,84.5215,False
STR017,SKU0122,Ambient Grocery,0.995,16.1155,26.7181,False
STR017,SKU0123,Bakery,0.5642,2.6744,39.4892,True
STR017,SKU0124,Beverages,0.995,30.304,46.0255,False
STR017,SKU0125,Snacks & Confectionery,0.995,24.6107,40.1932,False
STR017,SKU0126,Health & Beauty,0.995,16.1155,30.8155,False
STR017,SKU0127,Ambient Grocery,0.995,22.7908,41.2843,False
STR017,SKU0128,Ambient Grocery,0.995,27.913,47.473,False
STR017,SKU0129,Fresh Produce,0.5,0.0,25.4615,True
STR017,SKU0130,Fresh Produce,0.5,0.0,35.5165,True
STR017,SKU0131,Beverages,0.995,42.8563,56.3276,False
STR017,SKU0132,Ambient Grocery,0.9933,43.7281,223.7788,False
STR017,SKU0133,Frozen,0.995,24.6107,28.9441,False
STR017,SKU0134,Frozen,0.995,42.627,77.9018,False
STR017,SKU0135,Seasonal,0.9942,66.3871,100.8577,False
STR017,SKU0136,Ambient Grocery,0.9914,36.4879,63.2572,False
STR017,SKU0137,Beverages,0.995,30.304,46.3873,False
STR017,SKU0138,Dairy & Eggs,0.7804,7.3907,17.8522,True
STR017,SKU0139,Health & Beauty,0.9918,39.7574,93.5266,False
STR017,SKU0140,Snacks & Confectionery,0.995,42.627,81.187,False
STR017,SKU0141,Dairy & Eggs,0.8556,14.3302,62.5837,True
STR017,SKU0142,Ambient Grocery,0.9918,39.7486,111.2101,False
STR017,SKU0143,Fresh Produce,0.5,0.0,55.3846,True
STR017,SKU0144,Beverages,0.995,30.304,34.8425,False
STR017,SKU0145,Dairy & Eggs,0.883,11.3695,22.6882,True
STR017,SKU0146,Snacks & Confectionery,0.994,47.9839,76.9607,False
STR017,SKU0147,Ambient Grocery,0.9933,37.8897,177.2084,False
STR017,SKU0148,Fresh Produce,0.5185,1.0894,118.6361,True
STR017,SKU0149,Bakery,0.6469,3.6018,19.2941,True
STR017,SKU0150,Beverages,0.9898,72.1249,129.3499,False
STR018,SKU0001,Fresh Produce,0.6551,8.1351,42.4945,True
STR018,SKU0002,Dairy & Eggs,0.736,12.0579,150.0809,True
STR018,SKU0003,Ambient Grocery,0.995,22.7908,90.5439,False
STR018,SKU0004,Beverages,0.9913,79.1408,204.3821,False
STR018,SKU0005,Bakery,0.9895,58.359,186.6361,False
STR018,SKU0006,Fresh Produce,0.5777,3.995,60.6152,True
STR018,SKU0007,Dairy & Eggs,0.7504,11.1815,66.9056,True
STR018,SKU0008,Frozen,0.9916,22.8512,27.3069,True
STR018,SKU0009,Snacks & Confectionery,0.995,34.8048,72.4477,False
STR018,SKU0010,Seasonal,0.995,30.304,50.2271,False
STR018,SKU0011,Household & Cleaning,0.995,22.7908,28.3426,False
STR018,SKU0012,Dairy & Eggs,0.995,42.627,201.98,False
STR018,SKU0013,Household & Cleaning,0.9933,34.6196,45.4987,False
STR018,SKU0014,Seasonal,0.995,42.8563,68.5063,False
STR018,SKU0015,Frozen,0.9664,34.9876,106.6799,True
STR018,SKU0016,Snacks & Confectionery,0.9936,58.2859,209.0176,False
STR018,SKU0017,Ambient Grocery,0.995,36.0355,66.8997,False
STR018,SKU0018,Ambient Grocery,0.995,16.1155,33.8298,False
STR018,SKU0019,Fresh Produce,0.6723,5.2511,11.3092,True
STR018,SKU0020,Dairy & Eggs,0.8644,10.5137,40.7399,True
STR018,SKU0021,Household & Cleaning,0.995,22.7908,49.8678,False
STR018,SKU0022,Bakery,0.5,0.0,134.3158,True
STR018,SKU0023,Frozen,0.995,34.8048,43.7279,False
STR018,SKU0024,Fresh Produce,0.5329,1.3745,88.8157,True
STR018,SKU0025,Beverages,0.9938,58.8708,139.4422,False
STR018,SKU0026,Fresh Produce,0.5101,0.4207,22.9523,True
STR018,SKU0027,Ambient Grocery,0.9929,40.6045,80.6814,False
STR018,SKU0028,Seasonal,0.9934,58.3355,68.7971,False
STR018,SKU0029,Fresh Produce,0.5798,4.1027,99.0892,True
STR018,SKU0030,Ambient Grocery,0.9919,39.7987,112.187,False
STR018,SKU0031,Health & Beauty,0.995,32.2311,80.6707,False
STR018,SKU0032,Beverages,0.995,74.2293,175.0586,False
STR018,SKU0033,Seasonal,0.9906,78.1863,124.3968,False
STR018,SKU0034,Snacks & Confectionery,0.995,24.6107,38.9885,False
STR018,SKU0035,Household & Cleaning,0.9919,39.8266,184.1779,False
STR018,SKU0036,Household & Cleaning,0.995,27.913,65.1327,False
STR018,SKU0037,Dairy & Eggs,0.8618,10.4011,30.2252,True
STR018,SKU0038,Ambient Grocery,0.995,27.913,77.7831,False
STR018,SKU0039,Beverages,0.9944,66.6749,189.5869,False
STR018,SKU0040,Beverages,0.9922,56.9028,80.0237,False
STR018,SKU0041,Fresh Produce,0.5,0.0,73.2857,True
STR018,SKU0042,Ambient Grocery,0.9931,40.7281,118.6132,False
STR018,SKU0043,Ambient Grocery,0.995,16.1155,19.6412,False
STR018,SKU0044,Fresh Produce,0.5,0.0,141.2747,True
STR018,SKU0045,Ambient Grocery,0.9936,41.2211,61.4433,False
STR018,SKU0046,Bakery,0.6339,3.2704,17.1138,True
STR018,SKU0047,Fresh Produce,0.5278,0.8197,18.3614,True
STR018,SKU0048,Beverages,0.9948,67.3675,182.1294,False
STR018,SKU0049,Frozen,0.995,42.627,54.9314,False
STR018,SKU0050,Snacks & Confectionery,0.9935,62.7791,225.4687,False
STR018,SKU0051,Snacks & Confectionery,0.995,24.6107,62.6107,False
STR018,SKU0052,Ambient Grocery,0.9925,43.0668,125.1447,False
STR018,SKU0053,Frozen,0.995,42.627,93.9238,False
STR018,SKU0054,Seasonal,0.995,42.8563,52.0715,False
STR018,SKU0055,Beverages,0.995,42.8563,75.6376,False
STR018,SKU0056,Bakery,0.6099,2.6671,12.2056,True
STR018,SKU0057,Snacks & Confectionery,0.995,34.8048,61.8378,False
STR018,SKU0058,Fresh Produce,0.5,0.0,53.2987,True
STR018,SKU0059,Bakery,0.5395,1.6428,73.7747,True
STR018,SKU0060,Dairy & Eggs,0.995,49.2215,115.5347,False
STR018,SKU0061,Seasonal,0.9944,59.638,110.3633,False
STR018,SKU0062,Ambient Grocery,0.995,32.2311,97.0116,False
STR018,SKU0063,Beverages,0.9915,74.3097,161.1772,False
STR018,SKU0064,Health & Beauty,0.995,32.2311,93.667,False
STR018,SKU0065,Household & Cleaning,0.995,32.2311,80.1871,False
STR018,SKU0066,Snacks & Confectionery,0.9943,48.3899,113.313,False
STR018,SKU0067,Bakery,0.5,0.0,125.5824,True
STR018,SKU0068,Seasonal,0.995,42.8563,59.6969,False
STR018,SKU0069,Beverages,0.995,42.8563,88.7622,False
STR018,SKU0070,Household & Cleaning,0.995,16.1155,21.4567,False
STR018,SKU0071,Fresh Produce,0.5,0.0,45.4353,True
STR018,SKU0072,Ambient Grocery,0.99,38.4923,81.467,False
STR018,SKU0073,Bakery,0.5,0.0,26.8621,True
STR018,SKU0074,Snacks & Confectionery,0.9919,45.9522,109.4907,False
STR018,SKU0075,Ambient Grocery,0.9072,16.5671,122.6136,True
STR018,SKU0076,Health & Beauty,0.995,22.7908,26.7469,False
STR018,SKU0077,Ambient Grocery,0.995,32.2311,61.6522,False
STR018,SKU0078,Household & Cleaning,0.9913,42.0922,111.5861,False
STR018,SKU0079,Beverages,0.9944,79.0026,322.4683,False
STR018,SKU0080,Dairy & Eggs,0.8419,9.5753,38.7841,True
STR018,SKU0081,Frozen,0.9818,39.9725,49.9972,True
STR018,SKU0082,Frozen,0.995,42.627,82.547,False
STR018,SKU0083,Snacks & Confectionery,0.9926,46.5634,110.1238,False
STR018,SKU0084,Beverages,0.9946,79.3565,144.4334,False
STR018,SKU0085,Snacks & Confectionery,0.9937,47.6889,113.2274,False
STR018,SKU0086,Household & Cleaning,0.9909,41.7928,165.7409,False
STR018,SKU0087,Dairy & Eggs,0.7168,10.9548,81.1526,True
STR018,SKU0088,Seasonal,0.9913,79.1604,158.7553,False
STR018,SKU0089,Snacks & Confectionery,0.995,24.6107,32.7041,False
STR018,SKU0090,Health & Beauty,0.995,22.7908,28.4831,False
STR018,SKU0091,Bakery,0.995,24.6107,43.7316,False
STR018,SKU0092,Ambient Grocery,0.995,22.7908,54.3595,False
STR018,SKU0093,Frozen,0.9913,55.6356,98.6219,False
STR018,SKU0094,Health & Beauty,0.995,27.913,75.0888,False
STR018,SKU0095,Ambient Grocery,0.995,16.1155,42.2842,False
STR018,SKU0096,Seasonal,0.995,52.4881,102.6526,False
STR018,SKU0097,Dairy & Eggs,0.6013,3.4692,61.8512,True
STR018,SKU0098,Ambient Grocery,0.9915,39.4807,222.3292,False
STR018,SKU0099,Household & Cleaning,0.9937,31.2114,78.3802,False
STR018,SKU0100,Fresh Produce,0.7384,10.6241,61.5776,True
STR018,SKU0101,Frozen,0.995,34.8048,49.0872,False
STR018,SKU0102,Beverages,0.9898,72.1293,168.4242,False
STR018,SKU0103,Fresh Produce,0.6537,4.6525,18.3006,True
STR018,SKU0104,Household & Cleaning,0.995,16.1155,21.654,False
STR018,SKU0105,Ambient Grocery,0.9874,39.5879,256.5518,False
STR018,SKU0106,Bakery,0.5,0.0,49.7143,True
STR018,SKU0107,Snacks & Confectionery,0.9903,63.1892,295.1892,False
STR018,SKU0108,Ambient Grocery,0.9915,36.5703,243.2076,False
STR018,SKU0109,Beverages,0.992,74.9816,298.2543,False
STR018,SKU0110,Beverages,0.995,30.304,53.6666,False
STR018,SKU0111,Snacks & Confectionery,0.995,42.627,132.477,False
STR018,SKU0112,Frozen,0.9942,68.2177,168.6828,False
STR018,SKU0113,Bakery,0.6894,4.7216,33.8645,True
STR018,SKU0114,Snacks & Confectionery,0.9936,62.9937,175.2529,False
STR018,SKU0115,Fresh Produce,0.55,2.0896,40.431,True
STR018,SKU0116,Snacks & Confectionery,0.995,34.8048,74.8715,False
STR018,SKU0117,Ambient Grocery,0.993,34.3688,123.7644,False
STR018,SKU0118,Ambient Grocery,0.995,22.7908,69.2697,False
STR018,SKU0119,Dairy & Eggs,0.7727,12.3746,57.5451,True
STR018,SKU0120,Seasonal,0.9944,59.678,121.612,False
STR018,SKU0121,Snacks & Confectionery,0.995,49.2215,91.4304,False
STR018,SKU0122,Ambient Grocery,0.995,16.1155,28.0915,False
STR018,SKU0123,Bakery,0.5642,2.6744,56.4766,True
STR018,SKU0124,Beverages,0.995,30.304,51.8326,False
STR018,SKU0125,Snacks & Confectionery,0.995,24.6107,47.0565,False
STR018,SKU0126,Health & Beauty,0.995,16.1155,35.1155,False
STR018,SKU0127,Ambient Grocery,0.995,22.7908,49.9337,False
STR018,SKU0128,Ambient Grocery,0.995,27.913,55.2046,False
STR018,SKU0129,Fresh Produce,0.5,0.0,32.9451,True
STR018,SKU0130,Fresh Produce,0.5,0.0,42.3077,True
STR018,SKU0131,Beverages,0.995,42.8563,63.3838,False
STR018,SKU0132,Ambient Grocery,0.9933,43.7281,281.6541,False
STR018,SKU0133,Frozen,0.995,24.6107,31.0003,False
STR018,SKU0134,Frozen,0.995,42.627,83.627,False
STR018,SKU0135,Seasonal,0.9942,66.3871,118.6813,False
STR018,SKU0136,Ambient Grocery,0.9914,36.4879,76.5099,False
STR018,SKU0137,Beverages,0.995,30.304,53.3981,False
STR018,SKU0138,Dairy & Eggs,0.7804,7.3907,22.3028,True
STR018,SKU0139,Health & Beauty,0.9918,39.7574,104.4497,False
STR018,SKU0140,Snacks & Confectionery,0.995,42.627,96.8578,False
STR018,SKU0141,Dairy & Eggs,0.8556,14.3302,83.2714,True
STR018,SKU0142,Ambient Grocery,0.9918,39.7486,119.1332,False
STR018,SKU0143,Fresh Produce,0.5,0.0,83.1209,True
STR018,SKU0144,Beverages,0.995,30.304,36.2381,False
STR018,SKU0145,Dairy & Eggs,0.883,11.3695,25.875,True
STR018,SKU0146,Snacks & Confectionery,0.994,47.9839,88.2506,False
STR018,SKU0147,Ambient Grocery,0.9933,37.8897,214.593,False
STR018,SKU0148,Fresh Produce,0.5185,1.0894,162.9795,True
STR018,SKU0149,Bakery,0.6469,3.6018,26.2094,True
STR018,SKU0150,Beverages,0.9898,72.1249,148.2295,False
STR019,SKU0001,Fresh Produce,0.6551,8.1351,38.7601,True
STR019,SKU0002,Dairy & Eggs,0.736,12.0579,120.3357,True
STR019,SKU0003,Ambient Grocery,0.995,22.7908,79.1498,False
STR019,SKU0004,Beverages,0.9913,79.1408,176.7197,False
STR019,SKU0005,Bakery,0.9895,58.359,137.179,False
STR019,SKU0006,Fresh Produce,0.5777,3.995,47.195,True
STR019,SKU0007,Dairy & Eggs,0.7504,11.1815,49.5519,True
STR019,SKU0008,Frozen,0.9916,22.8512,26.2249,True
STR019,SKU0009,Snacks & Confectionery,0.995,34.8048,62.4971,False
STR019,SKU0010,Seasonal,0.995,30.304,45.6117,False
STR019,SKU0011,Household & Cleaning,0.995,22.7908,26.2055,False
STR019,SKU0012,Dairy & Eggs,0.995,42.627,164.877,False
STR019,SKU0013,Household & Cleaning,0.9933,34.6196,42.6057,False
STR019,SKU0014,Seasonal,0.995,42.8563,62.9882,False
STR019,SKU0015,Frozen,0.9664,34.9876,87.8667,True
STR019,SKU0016,Snacks & Confectionery,0.9936,58.2859,144.5936,False
STR019,SKU0017,Ambient Grocery,0.995,36.0355,59.9366,False
STR019,SKU0018,Ambient Grocery,0.995,16.1155,31.1344,False
STR019,SKU0019,Fresh Produce,0.6723,5.2511,10.6998,True
STR019,SKU0020,Dairy & Eggs,0.8644,10.5137,33.173,True
STR019,SKU0021,Household & Cleaning,0.995,22.7908,43.5265,False
STR019,SKU0022,Bakery,0.5,0.0,110.7414,True
STR019,SKU0023,Frozen,0.995,34.8048,41.4715,False
STR019,SKU0024,Fresh Produce,0.5329,1.3745,65.6053,True
STR019,SKU0025,Beverages,0.9938,58.8708,113.4708,False
STR019,SKU0026,Fresh Produce,0.5101,0.4207,16.1386,True
STR019,SKU0027,Ambient Grocery,0.9929,40.6045,75.5045,False
STR019,SKU0028,Seasonal,0.9934,58.3355,66.2476,False
STR019,SKU0029,Fresh Produce,0.5798,4.1027,70.6679,True
STR019,SKU0030,Ambient Grocery,0.9919,39.7987,95.6237,False
STR019,SKU0031,Health & Beauty,0.995,32.2311,73.5937,False
STR019,SKU0032,Beverages,0.995,74.2293,148.8851,False
STR019,SKU0033,Seasonal,0.9906,78.1863,107.2451,False
STR019,SKU0034,Snacks & Confectionery,0.995,24.6107,34.2701,False
STR019,SKU0035,Household & Cleaning,0.9919,39.8266,142.3266,False
STR019,SKU0036,Household & Cleaning,0.995,27.913,58.9679,False
STR019,SKU0037,Dairy & Eggs,0.8618,10.4011,23.809,True
STR019,SKU0038,Ambient Grocery,0.995,27.913,62.5426,False
STR019,SKU0039,Beverages,0.9944,66.6749,157.2243,False
STR019,SKU0040,Beverages,0.9922,56.9028,73.1314,False
STR019,SKU0041,Fresh Produce,0.5,0.0,67.3418,True
STR019,SKU0042,Ambient Grocery,0.9931,40.7281,103.5672,False
STR019,SKU0043,Ambient Grocery,0.995,16.1155,18.9238,False
STR019,SKU0044,Fresh Produce,0.5,0.0,96.1319,True
STR019,SKU0045,Ambient Grocery,0.9936,41.2211,59.4403,False
STR019,SKU0046,Bakery,0.6339,3.2704,11.6366,True
STR019,SKU0047,Fresh Produce,0.5278,0.8197,14.8487,True
STR019,SKU0048,Beverages,0.9948,67.3675,147.0817,False
STR019,SKU0049,Frozen,0.995,42.627,51.7305,False
STR019,SKU0050,Snacks & Confectionery,0.9935,62.7791,170.4373,False
STR019,SKU0051,Snacks & Confectionery,0.995,24.6107,49.4607,False
STR019,SKU0052,Ambient Grocery,0.9925,43.0668,107.4048,False
STR019,SKU0053,Frozen,0.995,42.627,82.5172,False
STR019,SKU0054,Seasonal,0.995,42.8563,50.5097,False
STR019,SKU0055,Beverages,0.995,42.8563,64.1376,False
STR019,SKU0056,Bakery,0.6099,2.6671,9.4693,True
STR019,SKU0057,Snacks & Confectionery,0.995,34.8048,54.2785,False
STR019,SKU0058,Fresh Produce,0.5,0.0,42.5067,True
STR019,SKU0059,Bakery,0.5395,1.6428,57.0274,True
STR019,SKU0060,Dairy & Eggs,0.995,49.2215,104.9805,False
STR019,SKU0061,Seasonal,0.9944,59.638,103.5501,False
STR019,SKU0062,Ambient Grocery,0.995,32.2311,78.0142,False
STR019,SKU0063,Beverages,0.9915,74.3097,142.6518,False
STR019,SKU0064,Health & Beauty,0.995,32.2311,67.0882,False
STR019,SKU0065,Household & Cleaning,0.995,32.2311,69.9893,False
STR019,SKU0066,Snacks & Confectionery,0.9943,48.3899,90.6399,False
STR019,SKU0067,Bakery,0.5,0.0,104.6154,True
STR019,SKU0068,Seasonal,0.995,42.8563,55.5596,False
STR019,SKU0069,Beverages,0.995,42.8563,75.3037,False
STR019,SKU0070,Household & Cleaning,0.995,16.1155,20.0168,False
STR019,SKU0071,Fresh Produce,0.5,0.0,35.6267,True
STR019,SKU0072,Ambient Grocery,0.99,38.4923,67.8769,False
STR019,SKU0073,Bakery,0.5,0.0,20.5333,True
STR019,SKU0074,Snacks & Confectionery,0.9919,45.9522,89.011,False
STR019,SKU0075,Ambient Grocery,0.9072,16.5671,104.4645,True
STR019,SKU0076,Health & Beauty,0.995,22.7908,25.5636,False
STR019,SKU0077,Ambient Grocery,0.995,32.2311,53.8311,False
STR019,SKU0078,Household & Cleaning,0.9913,42.0922,87.3669,False
STR019,SKU0079,Beverages,0.9944,79.0026,207.0218,False
STR019,SKU0080,Dairy & Eggs,0.8419,9.5753,30.3665,True
STR019,SKU0081,Frozen,0.9818,39.9725,49.3664,True
STR019,SKU0082,Frozen,0.995,42.627,72.787,False
STR019,SKU0083,Snacks & Confectionery,0.9926,46.5634,91.4425,False
STR019,SKU0084,Beverages,0.9946,79.3565,125.6221,False
STR019,SKU0085,Snacks & Confectionery,0.9937,47.6889,87.2623,False
STR019,SKU0086,Household & Cleaning,0.9909,41.7928,133.7928,False
STR019,SKU0087,Dairy & Eggs,0.7168,10.9548,60.9767,True
STR019,SKU0088,Seasonal,0.9913,79.1604,141.5994,False
STR019,SKU0089,Snacks & Confectionery,0.995,24.6107,30.2341,False
STR019,SKU0090,Health & Beauty,0.995,22.7908,26.2845,False
STR019,SKU0091,Bakery,0.995,24.6107,36.6327,False
STR019,SKU0092,Ambient Grocery,0.995,22.7908,48.8896,False
STR019,SKU0093,Frozen,0.9913,55.6356,87.7533,False
STR019,SKU0094,Health & Beauty,0.995,27.913,58.4075,False
STR019,SKU0095,Ambient Grocery,0.995,16.1155,33.0398,False
STR019,SKU0096,Seasonal,0.995,52.4881,80.3704,False
STR019,SKU0097,Dairy & Eggs,0.6013,3.4692,45.798,True
STR019,SKU0098,Ambient Grocery,0.9915,39.4807,182.0441,False
STR019,SKU0099,Household & Cleaning,0.9937,31.2114,66.7524,False
STR019,SKU0100,Fresh Produce,0.7384,10.6241,49.3648,True
STR019,SKU0101,Frozen,0.995,34.8048,45.595,False
STR019,SKU0102,Beverages,0.9898,72.1293,136.5876,False
STR019,SKU0103,Fresh Produce,0.6537,4.6525,13.9181,True
STR019,SKU0104,Household & Cleaning,0.995,16.1155,20.7131,False
STR019,SKU0105,Ambient Grocery,0.9874,39.5879,208.1154,False
STR019,SKU0106,Bakery,0.5,0.0,35.1,True
STR019,SKU0107,Snacks & Confectionery,0.9903,63.1892,192.3003,False
STR019,SKU0108,Ambient Grocery,0.9915,36.5703,190.593,False
STR019,SKU0109,Beverages,0.992,74.9816,228.8294,False
STR019,SKU0110,Beverages,0.995,30.304,46.8102,False
STR019,SKU0111,Snacks & Confectionery,0.995,42.627,119.3998,False
STR019,SKU0112,Frozen,0.9942,68.2177,157.7415,False
STR019,SKU0113,Bakery,0.6894,4.7216,26.307,True
STR019,SKU0114,Snacks & Confectionery,0.9936,62.9937,155.0937,False
STR019,SKU0115,Fresh Produce,0.55,2.0896,30.1235,True
STR019,SKU0116,Snacks & Confectionery,0.995,34.8048,64.4334,False
STR019,SKU0117,Ambient Grocery,0.993,34.3688,100.5776,False
STR019,SKU0118,Ambient Grocery,0.995,22.7908,59.3623,False
STR019,SKU0119,Dairy & Eggs,0.7727,12.3746,45.7235,True
STR019,SKU0120,Seasonal,0.9944,59.678,99.1505,False
STR019,SKU0121,Snacks & Confectionery,0.995,49.2215,80.2215,False
STR019,SKU0122,Ambient Grocery,0.995,16.1155,27.3365,False
STR019,SKU0123,Bakery,0.5642,2.6744,35.4465,True
STR019,SKU0124,Beverages,0.995,30.304,48.2381,False
STR019,SKU0125,Snacks & Confectionery,0.995,24.6107,38.5737,False
STR019,SKU0126,Health & Beauty,0.995,16.1155,30.3925,False
STR019,SKU0127,Ambient Grocery,0.995,22.7908,42.3908,False
STR019,SKU0128,Ambient Grocery,0.995,27.913,45.6851,False
STR019,SKU0129,Fresh Produce,0.5,0.0,26.6047,True
STR019,SKU0130,Fresh Produce,0.5,0.0,32.989,True
STR019,SKU0131,Beverages,0.995,42.8563,55.1659,False
STR019,SKU0132,Ambient Grocery,0.9933,43.7281,155.7281,False
STR019,SKU0133,Frozen,0.995,24.6107,29.0857,False
STR019,SKU0134,Frozen,0.995,42.627,78.7589,False
STR019,SKU0135,Seasonal,0.9942,66.3871,107.5843,False
STR019,SKU0136,Ambient Grocery,0.9914,36.4879,66.5539,False
STR019,SKU0137,Beverages,0.995,30.304,44.2143,False
STR019,SKU0138,Dairy & Eggs,0.7804,7.3907,17.8962,True
STR019,SKU0139,Health & Beauty,0.9918,39.7574,86.142,False
STR019,SKU0140,Snacks & Confectionery,0.995,42.627,78.5581,False
STR019,SKU0141,Dairy & Eggs,0.8556,14.3302,56.1744,True
STR019,SKU0142,Ambient Grocery,0.9918,39.7486,111.4409,False
STR019,SKU0143,Fresh Produce,0.5,0.0,56.2078,True
STR019,SKU0144,Beverages,0.995,30.304,35.1502,False
STR019,SKU0145,Dairy & Eggs,0.883,11.3695,21.4244,True
STR019,SKU0146,Snacks & Confectionery,0.994,47.9839,77.8541,False
STR019,SKU0147,Ambient Grocery,0.9933,37.8897,174.0436,False
STR019,SKU0148,Fresh Produce,0.5185,1.0894,134.8394,True
STR019,SKU0149,Bakery,0.6469,3.6018,19.393,True
STR019,SKU0150,Beverages,0.9898,72.1249,131.2158,False
STR020,SKU0001,Fresh Produce,0.6551,8.1351,38.342,True
STR020,SKU0002,Dairy & Eggs,0.736,12.0579,132.0097,True
STR020,SKU0003,Ambient Grocery,0.995,22.7908,83.0472,False
STR020,SKU0004,Beverages,0.9913,79.1408,216.5274,False
STR020,SKU0005,Bakery,0.9895,58.359,161.3453,False
STR020,SKU0006,Fresh Produce,0.5777,3.995,56.95,True
STR020,SKU0007,Dairy & Eggs,0.7504,11.1815,66.8299,True
STR020,SKU0008,Frozen,0.9916,22.8512,26.7194,True
STR020,SKU0009,Snacks & Confectionery,0.995,34.8048,67.3982,False
STR020,SKU0010,Seasonal,0.995,30.304,48.7106,False
STR020,SKU0011,Household & Cleaning,0.995,22.7908,27.8728,False
STR020,SKU0012,Dairy & Eggs,0.995,42.627,182.5913,False
STR020,SKU0013,Household & Cleaning,0.9933,34.6196,44.6764,False
STR020,SKU0014,Seasonal,0.995,42.8563,65.3034,False
STR020,SKU0015,Frozen,0.9664,34.9876,98.1964,True
STR020,SKU0016,Snacks & Confectionery,0.9936,58.2859,173.8388,False
STR020,SKU0017,Ambient Grocery,0.995,36.0355,68.1439,False
STR020,SKU0018,Ambient Grocery,0.995,16.1155,32.7018,False
STR020,SKU0019,Fresh Produce,0.6723,5.2511,11.1245,True
STR020,SKU0020,Dairy & Eggs,0.8644,10.5137,39.0082,True
STR020,SKU0021,Household & Cleaning,0.995,22.7908,45.5242,False
STR020,SKU0022,Bakery,0.5,0.0,137.7692,True
STR020,SKU0023,Frozen,0.995,34.8048,41.7911,False
STR020,SKU0024,Fresh Produce,0.5329,1.3745,83.4019,True
STR020,SKU0025,Beverages,0.9938,58.8708,124.2334,False
STR020,SKU0026,Fresh Produce,0.5101,0.4207,25.8154,True
STR020,SKU0027,Ambient Grocery,0.9929,40.6045,75.7863,False
STR020,SKU0028,Seasonal,0.9934,58.3355,68.885,False
STR020,SKU0029,Fresh Produce,0.5798,4.1027,100.5527,True
STR020,SKU0030,Ambient Grocery,0.9919,39.7987,101.1517,False
STR020,SKU0031,Health & Beauty,0.995,32.2311,77.8575,False
STR020,SKU0032,Beverages,0.995,74.2293,158.7893,False
STR020,SKU0033,Seasonal,0.9906,78.1863,122.3602,False
STR020,SKU0034,Snacks & Confectionery,0.995,24.6107,37.1725,False
STR020,SKU0035,Household & Cleaning,0.9919,39.8266,163.2396,False
STR020,SKU0036,Household & Cleaning,0.995,27.913,61.5723,False
STR020,SKU0037,Dairy & Eggs,0.8618,10.4011,26.5962,True
STR020,SKU0038,Ambient Grocery,0.995,27.913,71.1657,False
STR020,SKU0039,Beverages,0.9944,66.6749,191.6199,False
STR020,SKU0040,Beverages,0.9922,56.9028,75.9678,False
STR020,SKU0041,Fresh Produce,0.5,0.0,80.4865,True
STR020,SKU0042,Ambient Grocery,0.9931,40.7281,114.1016,False
STR020,SKU0043,Ambient Grocery,0.995,16.1155,19.7969,False
STR020,SKU0044,Fresh Produce,0.5,0.0,127.3846,True
STR020,SKU0045,Ambient Grocery,0.9936,41.2211,65.11,False
STR020,SKU0046,Bakery,0.6339,3.2704,16.5951,True
STR020,SKU0047,Fresh Produce,0.5278,0.8197,17.2386,True
STR020,SKU0048,Beverages,0.9948,67.3675,169.072,False
STR020,SKU0049,Frozen,0.995,42.627,54.1456,False
STR020,SKU0050,Snacks & Confectionery,0.9935,62.7791,193.0666,False
STR020,SKU0051,Snacks & Confectionery,0.995,24.6107,50.8495,False
STR020,SKU0052,Ambient Grocery,0.9925,43.0668,116.0668,False
STR020,SKU0053,Frozen,0.995,42.627,87.9897,False
STR020,SKU0054,Seasonal,0.995,42.8563,51.0697,False
STR020,SKU0055,Beverages,0.995,42.8563,65.3495,False
STR020,SKU0056,Bakery,0.6099,2.6671,11.2275,True
STR020,SKU0057,Snacks & Confectionery,0.995,34.8048,58.0925,False
STR020,SKU0058,Fresh Produce,0.5,0.0,48.0879,True
STR020,SKU0059,Bakery,0.5395,1.6428,65.401,True
STR020,SKU0060,Dairy & Eggs,0.995,49.2215,116.2332,False
STR020,SKU0061,Seasonal,0.9944,59.638,105.616,False
STR020,SKU0062,Ambient Grocery,0.995,32.2311,88.4069,False
STR020,SKU0063,Beverages,0.9915,74.3097,149.3232,False
STR020,SKU0064,Health & Beauty,0.995,32.2311,78.2311,False
STR020,SKU0065,Household & Cleaning,0.995,32.2311,72.4069,False
STR020,SKU0066,Snacks & Confectionery,0.9943,48.3899,91.5449,False
STR020,SKU0067,Bakery,0.5,0.0,113.0549,True
STR020,SKU0068,Seasonal,0.995,42.8563,55.6256,False
STR020,SKU0069,Beverages,0.995,42.8563,86.4119,False
STR020,SKU0070,Household & Cleaning,0.995,16.1155,20.5372,False
STR020,SKU0071,Fresh Produce,0.5,0.0,39.6706,True
STR020,SKU0072,Ambient Grocery,0.99,38.4923,77.9289,False
STR020,SKU0073,Bakery,0.5,0.0,21.8621,True
STR020,SKU0074,Snacks & Confectionery,0.9919,45.9522,98.6089,False
STR020,SKU0075,Ambient Grocery,0.9072,16.5671,116.1715,True
STR020,SKU0076,Health & Beauty,0.995,22.7908,26.2723,False
STR020,SKU0077,Ambient Grocery,0.995,32.2311,56.4129,False
STR020,SKU0078,Household & Cleaning,0.9913,42.0922,99.6746,False
STR020,SKU0079,Beverages,0.9944,79.0026,226.1119,False
STR020,SKU0080,Dairy & Eggs,0.8419,9.5753,35.8189,True
STR020,SKU0081,Frozen,0.9818,39.9725,52.3225,True
STR020,SKU0082,Frozen,0.995,42.627,77.6868,False
STR020,SKU0083,Snacks & Confectionery,0.9926,46.5634,101.9919,False
STR020,SKU0084,Beverages,0.9946,79.3565,132.9641,False
STR020,SKU0085,Snacks & Confectionery,0.9937,47.6889,96.0177,False
STR020,SKU0086,Household & Cleaning,0.9909,41.7928,154.7452,False
STR020,SKU0087,Dairy & Eggs,0.7168,10.9548,73.9438,True
STR020,SKU0088,Seasonal,0.9913,79.1604,142.654,False
STR020,SKU0089,Snacks & Confectionery,0.995,24.6107,32.5314,False
STR020,SKU0090,Health & Beauty,0.995,22.7908,27.6158,False
STR020,SKU0091,Bakery,0.995,24.6107,39.6217,False
STR020,SKU0092,Ambient Grocery,0.995,22.7908,51.6626,False
STR020,SKU0093,Frozen,0.9913,55.6356,97.24,False
STR020,SKU0094,Health & Beauty,0.995,27.913,68.1657,False
STR020,SKU0095,Ambient Grocery,0.995,16.1155,38.5961,False
STR020,SKU0096,Seasonal,0.995,52.4881,89.7681,False
STR020,SKU0097,Dairy & Eggs,0.6013,3.4692,54.2287,True
STR020,SKU0098,Ambient Grocery,0.9915,39.4807,212.0213,False
STR020,SKU0099,Household & Cleaning,0.9937,31.2114,69.3098,False
STR020,SKU0100,Fresh Produce,0.7384,10.6241,57.2395,True
STR020,SKU0101,Frozen,0.995,34.8048,48.5346,False
STR020,SKU0102,Beverages,0.9898,72.1293,156.0307,False
STR020,SKU0103,Fresh Produce,0.6537,4.6525,17.1826,True
STR020,SKU0104,Household & Cleaning,0.995,16.1155,20.9489,False
STR020,SKU0105,Ambient Grocery,0.9874,39.5879,209.8596,False
STR020,SKU0106,Bakery,0.5,0.0,37.15,True
STR020,SKU0107,Snacks & Confectionery,0.9903,63.1892,251.1003,False
STR020,SKU0108,Ambient Grocery,0.9915,36.5703,201.2369,False
STR020,SKU0109,Beverages,0.992,74.9816,244.1291,False
STR020,SKU0110,Beverages,0.995,30.304,52.7358,False
STR020,SKU0111,Snacks & Confectionery,0.995,42.627,143.5361,False
STR020,SKU0112,Frozen,0.9942,68.2177,163.1313,False
STR020,SKU0113,Bakery,0.6894,4.7216,32.2912,True
STR020,SKU0114,Snacks & Confectionery,0.9936,62.9937,154.8579,False
STR020,SKU0115,Fresh Produce,0.55,2.0896,41.569,True
STR020,SKU0116,Snacks & Confectionery,0.995,34.8048,73.4265,False
STR020,SKU0117,Ambient Grocery,0.993,34.3688,118.4347,False
STR020,SKU0118,Ambient Grocery,0.995,22.7908,66.2194,False
STR020,SKU0119,Dairy & Eggs,0.7727,12.3746,54.0366,True
STR020,SKU0120,Seasonal,0.9944,59.678,99.5901,False
STR020,SKU0121,Snacks & Confectionery,0.995,49.2215,87.1688,False
STR020,SKU0122,Ambient Grocery,0.995,16.1155,28.654,False
STR020,SKU0123,Bakery,0.5642,2.6744,41.2634,True
STR020,SKU0124,Beverages,0.995,30.304,53.1611,False
STR020,SKU0125,Snacks & Confectionery,0.995,24.6107,42.8159,False
STR020,SKU0126,Health & Beauty,0.995,16.1155,34.7981,False
STR020,SKU0127,Ambient Grocery,0.995,22.7908,44.6732,False
STR020,SKU0128,Ambient Grocery,0.995,27.913,50.0668,False
STR020,SKU0129,Fresh Produce,0.5,0.0,37.625,True
STR020,SKU0130,Fresh Produce,0.5,0.0,41.5385,True
STR020,SKU0131,Beverages,0.995,42.8563,58.4377,False
STR020,SKU0132,Ambient Grocery,0.9933,43.7281,217.3039,False
STR020,SKU0133,Frozen,0.995,24.6107,30.4679,False
STR020,SKU0134,Frozen,0.995,42.627,84.1325,False
STR020,SKU0135,Seasonal,0.9942,66.3871,115.7254,False
STR020,SKU0136,Ambient Grocery,0.9914,36.4879,69.6528,False
STR020,SKU0137,Beverages,0.995,30.304,50.4489,False
STR020,SKU0138,Dairy & Eggs,0.7804,7.3907,20.9511,True
STR020,SKU0139,Health & Beauty,0.9918,39.7574,96.6035,False
STR020,SKU0140,Snacks & Confectionery,0.995,42.627,90.8493,False
STR020,SKU0141,Dairy & Eggs,0.8556,14.3302,64.017,True
STR020,SKU0142,Ambient Grocery,0.9918,39.7486,123.2101,False
STR020,SKU0143,Fresh Produce,0.5,0.0,62.4054,True
STR020,SKU0144,Beverages,0.995,30.304,36.6557,False
STR020,SKU0145,Dairy & Eggs,0.883,11.3695,24.1168,True
STR020,SKU0146,Snacks & Confectionery,0.994,47.9839,81.3466,False
STR020,SKU0147,Ambient Grocery,0.9933,37.8897,192.5943,False
STR020,SKU0148,Fresh Produce,0.5185,1.0894,149.601,True
STR020,SKU0149,Bakery,0.6469,3.6018,23.2818,True
STR020,SKU0150,Beverages,0.9898,72.1249,145.3224,False
